expansion,expansion_id,cardno,name,ruby,card_url,image_url,type,nation,race,grade,power,critical,shield,skill,gift,regulation,rarity,illustrator,effect,flavor,name_en,card_url_wiki,set_code_wiki,card_no_wiki,price_yen,original_price_yen,in_stock
ブースターパック 【DZ-BT14】「赫月ノ使者」 2026/04/10(金) 発売 収録国家：ドラゴンエンパイア、ダークステイツ、ブラントゲート、ケテルサンクチュアリ、ストイケイア、リリカルモナステリオ,294,DZ-BT14/001,ユースベルク“龍吼燎騎・幻影”,（ユースベルク“ドラグフォース・アームズ・ファントム”）,https://cf-vanguard.com/cardlist/?cardno=DZ-BT14/001&expansion=294&view=image,https://cf-vanguard.com/wordpress/wp-content/images/cardlist/DZ-BT14/dzbt14_001.png,ノーマルユニット,ドラゴンエンパイア,ヒューマン/幻影,グレード 3,パワー 13000,クリティカル 1,シールド -,ツインドライブ、ペルソナライド,-,スタンダード,RRR,萩谷薫,【ドラグドレス】－【自】【(V)】：このユニットがアタックしたバトル終了時、あなたの手札から「滅龍燎騎」を含むカードを１枚まで選び、【スタンド】でライドし、そのターン中、ドライブ－２。ライドしたなら、そのターン終了時、あなたのソウルから「ユースベルク“龍吼燎騎・幻影”」を１枚選び、【レスト】でライドする。【起】【(V)】【ターン1回】：【コスト】[手札から１枚捨てる]ことで、あなたの山札を上から３枚見て、「滅龍燎騎」を含むカードか、グレード２以下を１枚まで選び、公開し、「滅龍燎騎」を含むなら手札に加え、違うなら(R)にコールする。残りすべてを捨ててよい。捨てなかったなら、それらを山札の下に望む順で置く。【自】【(V)】：あなたのメインフェイズ開始時、そのターン中、あなたは『あなたのヴァンガードがアタックした時、種族に〈ドラゴン〉を含むあなたのドロップ１枚につき、そのバトル中、そのユニットのパワー＋1000。』を得る。,竜殺しは燎を鎧う。真に滅龍を果たす、その日まで。,"Youthberk ""Drægforce Arms: Fantôme""",https://cardfight.fandom.com/wiki/Youthberk_%22Dr%C3%A6gforce_Arms:_Fant%C3%B4me%22,VGE-DZ-BT14,DZ-BT14/001,420,,true
ブースターパック 【DZ-BT14】「赫月ノ使者」 2026/04/10(金) 発売 収録国家：ドラゴンエンパイア、ダークステイツ、ブラントゲート、ケテルサンクチュアリ、ストイケイア、リリカルモナステリオ,294,DZ-BT14/002,ユースベルク“滅龍燎騎・赫絶”,（ユースベルク“ドラグフォーム・ダイナスト”）,https://cf-vanguard.com/cardlist/?cardno=DZ-BT14/002&expansion=294&view=image,https://cf-vanguard.com/wordpress/wp-content/images/cardlist/DZ-BT14/dzbt14_002.png,ノーマルユニット,ドラゴンエンパイア,ヒューマン/幻影,グレード 3,パワー 13000,クリティカル 1,シールド -,ツインドライブ、ペルソナライド,-,スタンダード,RRR,萩谷薫,【永】【山札】：あなたのヴァンガードが「ユース」を含むなら、このカードが赫月カードの能力で公開されている間、このカードは赫月カードとして扱う。【自】：このユニットが【ドラグドレス】能力で(V)に登場した時、以下すべてを行う。・そのターン中、あなたの前列のリアガードすべてのパワー＋5000。相手のヴァンガードがグレード３以上なら、さらにパワー＋5000。・【コスト】[【カウンターブラスト】(1)]することで、そのターン中、このユニットのドライブ＋１。相手のヴァンガードがグレード３以上なら、さらにクリティカル＋１。【ファントムスキル】－【自】【(V)】【ターン1回】：このユニットがアタックした時、【コスト】[手札かソウルかドロップから、赫月カードを合計１枚以上、２枚までバインドする]ことで、相手のリアガードを、このコストでバインドされたカードと同じ枚数選び、退却させ、そのターン中、あなたの前列のユニットすべてのパワー＋5000。あなたのバインドゾーンに赫月カードが３枚以上なら、さらにパワー＋5000。,此処に、赫き絶命の一撃を。,"Youthberk ""DrægForm: Dynast""",https://cardfight.fandom.com/wiki/Youthberk_%22Dr%C3%A6gForm:_Dynast%22,VGE-DZ-BT14,DZ-BT14/002,420,,true
ブースターパック 【DZ-BT14】「赫月ノ使者」 2026/04/10(金) 発売 収録国家：ドラゴンエンパイア、ダークステイツ、ブラントゲート、ケテルサンクチュアリ、ストイケイア、リリカルモナステリオ,294,DZ-BT14/003,無双の幻真獣 ザルヴァ・ドラグニア,（ムソウノゲンマジュウ ザルヴァ・ドラグニア）,https://cf-vanguard.com/cardlist/?cardno=DZ-BT14/003&expansion=294&view=image,https://cf-vanguard.com/wordpress/wp-content/images/cardlist/DZ-BT14/dzbt14_003.png,ノーマルユニット,ドラゴンエンパイア,幻真獣,グレード 2,パワー 10000,クリティカル 1,シールド 5000,インターセプト,-,スタンダード,RRR,萩谷薫,【自】：このユニットが手札から(R)に登場した時、【コスト】[【ソウルブラスト】(1)]することで、あなたの山札を上から７枚見て、「ヴァルガ」を含むユニットカードを１枚まで選び、公開して手札に加え、山札をシャッフルする。【永】：あなたのヴァンガードが「ヴァルガ」を含むグレード３以上なら、このカードは以下すべてを得る。・【永】【(R)】：あなたのターン中、このユニットのパワー＋5000し、このユニットと同じ横列の他のリアガードすべてがこのユニットと別名なら、このユニットは『ブースト』を得て、あなたのカードの効果で退却しない。・【自】【(R)】【ターン1回】：バトルフェイズにあなたのヴァンガードが【スタンド】した時、そのターン中、このユニットのパワー＋5000し、このユニットと同じ横列の他のリアガードすべてがこのユニットと別名で、このファイトであなたが【ディヴァインスキル】を使っているなら、【コスト】[【エネルギーブラスト】(3)]することで、さらにクリティカルを２にする。,無双の頂に翳す、斬月の刃紋。,"Mythisch of Unparalleled, Zalva Dragnia","https://cardfight.fandom.com/wiki/Mythisch_of_Unparalleled,_Zalva_Dragnia",VGE-DZ-BT14,DZ-BT14/003,500,,true
ブースターパック 【DZ-BT14】「赫月ノ使者」 2026/04/10(金) 発売 収録国家：ドラゴンエンパイア、ダークステイツ、ブラントゲート、ケテルサンクチュアリ、ストイケイア、リリカルモナステリオ,294,DZ-BT14/004,ドラグリッター ウアターハ,（ドラグリッター ウアターハ）,https://cf-vanguard.com/cardlist/?cardno=DZ-BT14/004&expansion=294&view=image,https://cf-vanguard.com/wordpress/wp-content/images/cardlist/DZ-BT14/dzbt14_004.png,ノーマルユニット,ドラゴンエンパイア,ドラゴロイド/幻影,グレード 1,パワー 8000,クリティカル 1,シールド 5000,ブースト,-,スタンダード,RRR,ひと和,【自】：このユニットが、手札から(R)に登場した時か、赫月カードの能力で(R)に登場した時、あなたの山札を上から５枚見て、種族に〈ドラゴン〉を含むカードと、オーダーカードをそれぞれ１枚まで選び、捨て、山札をシャッフルする。【永】【(R)/(G)】：種族に〈ドラゴン〉を含むあなたのドロップが５枚以上なら、このユニットは『インターセプト』を得て、後列からでもインターセプトできる。あなたのバインドゾーンに赫月カードがあるなら、さらにシールド＋5000。,知るがいい！常に竜と共に在る、私達の歴史の重みを！,"Dragritter, Uathaach","https://cardfight.fandom.com/wiki/Dragritter,_Uathaach",VGE-DZ-BT14,DZ-BT14/004,420,,true
ブースターパック 【DZ-BT14】「赫月ノ使者」 2026/04/10(金) 発売 収録国家：ドラゴンエンパイア、ダークステイツ、ブラントゲート、ケテルサンクチュアリ、ストイケイア、リリカルモナステリオ,294,DZ-BT14/005,魔王竜 ガブエリウス “幻影”,（マオウリュウ ガブエリウス “ファントム”）,https://cf-vanguard.com/cardlist/?cardno=DZ-BT14/005&expansion=294&view=image,https://cf-vanguard.com/wordpress/wp-content/images/cardlist/DZ-BT14/dzbt14_005.png,ノーマルユニット,ダークステイツ,アビスドラゴン/幻影,グレード 3,パワー 13000,クリティカル 1,シールド -,ツインドライブ、ペルソナライド,-,スタンダード,RRR,タカヤマトシアキ,【自】【(V)】：このユニットがアタックした時、【コスト】[【カウンターブラスト】(1)，リアガードを２枚ソウルに置く]ことで、あなたのドロップからグレード３以下を２枚まで選び、それぞれ同じ縦列の(R)にコールし、そのターン終了時、そのコールされたユニットすべてをソウルに置く。【ファントムスキル】－【起】【(V)】【ターン1回】：【コスト】[手札かソウルかドロップから、赫月カードを１枚バインドする]ことで、以下すべてを行う。・そのターン中、あなたは『あなたのバインドゾーンの赫月カードが１枚以上なら、あなたの前列のユニットすべてのパワー＋5000。３枚以上なら、＋5000ではなく＋10000。』を得る。・次の相手のターン終了時まで、次に相手のドライブチェックで【クリティカル】が出た際、そのトリガー効果を1つ選び、無効にする。（パワーかクリティカルかは出た時に選ぶ）・次のあなたのターン開始時、そのターン中、あなたは『「ガブエリウス」を含むグレード３以上のあなたのヴァンガードは、直前の相手のターンにあなたが【ファントムスキル】能力で無効にしたトリガー効果を得る。』を得る。,わずかな光も失せ、伸ばした手は黒く沈み、奇跡は闇へと消える。,"Demonic Lord Dragon, Gabwelius ""Fantôme""","https://cardfight.fandom.com/wiki/Demonic_Lord_Dragon,_Gabwelius_%22Fant%C3%B4me%22",VGE-DZ-BT14,DZ-BT14/005,220,,true
ブースターパック 【DZ-BT14】「赫月ノ使者」 2026/04/10(金) 発売 収録国家：ドラゴンエンパイア、ダークステイツ、ブラントゲート、ケテルサンクチュアリ、ストイケイア、リリカルモナステリオ,294,DZ-BT14/006,スチームメイデン スパイラルキューティ,（スチームメイデン スパイラルキューティ）,https://cf-vanguard.com/cardlist/?cardno=DZ-BT14/006&expansion=294&view=image,https://cf-vanguard.com/wordpress/wp-content/images/cardlist/DZ-BT14/dzbt14_006.png,ノーマルユニット,ダークステイツ,ギアロイド/幻影,グレード 2,パワー 10000,クリティカル 1,シールド 5000,インターセプト,-,スタンダード,RRR,椿春雨,【自】：ライドデッキからライドする際にこのカードが手札から捨てられた時、あなたのヴァンガードが〈幻影〉なら、【コスト】[【ソウルブラスト】(1)か【エネルギーブラスト】(3)]することで、あなたの山札から赫月カードを１枚まで探し、公開して手札に加え、山札をシャッフルする。【自】：このユニットが手札から(G)に置かれた時、あなたのヴァンガードが〈幻影〉なら、【コスト】[【カウンターブラスト】(1)か【エネルギーブラスト】(3)]することで、１枚引く。,削って穿ってぇ、時間の歪みを正したげるぅ♪,"Steam Maiden, Spiral Cutie","https://cardfight.fandom.com/wiki/Steam_Maiden,_Spiral_Cutie",VGE-DZ-BT14,DZ-BT14/006,2480,,true
ブースターパック 【DZ-BT14】「赫月ノ使者」 2026/04/10(金) 発売 収録国家：ドラゴンエンパイア、ダークステイツ、ブラントゲート、ケテルサンクチュアリ、ストイケイア、リリカルモナステリオ,294,DZ-BT14/007,零の幻真獣 グリヴァルディ,（ゼロノゲンマジュウ グリヴァルディ）,https://cf-vanguard.com/cardlist/?cardno=DZ-BT14/007&expansion=294&view=image,https://cf-vanguard.com/wordpress/wp-content/images/cardlist/DZ-BT14/dzbt14_007.png,ノーマルユニット,ダークステイツ,幻真獣,グレード 2,パワー 10000,クリティカル 1,シールド 5000,インターセプト,-,スタンダード,RRR,DaisukeIzuka,【永】：このカードは《ケテルサンクチュアリ》にも属する。【永】：あなたのヴァンガードが「ブラグドマイヤー」を含むグレード３以上なら、このカードは以下すべてを得る。・【自】【ソウル/ドロップ】：あなたのメインフェイズ開始時、このカードと同名のあなたのリアガードがいないなら、このカードを(R)にコールしてよい。コールしたなら、そのターン終了時、このユニットを山札の下に置く。・【自】【(R)】：あなたのバトルフェイズ開始時、そのターン中、このユニットのパワー＋5000し、あなたのリアガードを１枚選び、そのターン中、『ブースト』を与える。・【自】【(R)】：あなたのヴァンガードがアタックしたバトル終了時、このファイトであなたが「ブラグドマイヤー」を含むグレード３以上の【ディヴァインスキル】を使っていて、このバトルフェイズにあなたのリアガードが【スタンド】していないなら、【コスト】[【エネルギーブラスト】(3)]することで、このユニットと同じ縦列のあなたのリアガードすべてを【スタンド】させる。,零と共に歩む、月命の鎌刃。,"Mythisch of Zero, Grivardhy","https://cardfight.fandom.com/wiki/Mythisch_of_Zero,_Grivardhy",VGE-DZ-BT14,DZ-BT14/007,780,,true
ブースターパック 【DZ-BT14】「赫月ノ使者」 2026/04/10(金) 発売 収録国家：ドラゴンエンパイア、ダークステイツ、ブラントゲート、ケテルサンクチュアリ、ストイケイア、リリカルモナステリオ,294,DZ-BT14/008,リヴァレントダガー・ドラゴン,（リヴァレントダガー・ドラゴン）,https://cf-vanguard.com/cardlist/?cardno=DZ-BT14/008&expansion=294&view=image,https://cf-vanguard.com/wordpress/wp-content/images/cardlist/DZ-BT14/dzbt14_008.png,ノーマルユニット,ダークステイツ,アビスドラゴン/幻影,グレード 2,パワー 10000,クリティカル 1,シールド 5000,インターセプト,-,スタンダード,RRR,ダイエクスト,【起】【ドロップ】：あなたのヴァンガードが「ガブエリウス」を含むグレード３以上で、あなたのリアガードすべてがこのカードと別名なら、【コスト】[【エネルギーブラスト】(3)]することで、このカードを(R)にコールする。【自】【(R)】【ターン1回】：このユニットがアタックした時、あなたのヴァンガードが「ガブエリウス」を含むグレード３以上なら、【コスト】[【ソウルブラスト】(1)]することで、そのターン中、このユニットのパワー＋5000。あなたのバインドゾーンに赫月カードが２枚以上なら、＋5000ではなく＋10000。,疑心の刃を血で涜せ。,Reverent Dagger Dragon,https://cardfight.fandom.com/wiki/Reverent_Dagger_Dragon,VGE-DZ-BT14,DZ-BT14/008,220,,true
ブースターパック 【DZ-BT14】「赫月ノ使者」 2026/04/10(金) 発売 収録国家：ドラゴンエンパイア、ダークステイツ、ブラントゲート、ケテルサンクチュアリ、ストイケイア、リリカルモナステリオ,294,DZ-BT14/009,幻真獣機神 “月天巨星”アングボルド,（ゲンマジュウキシン “ゲッテンキョセイ”アングボルド）,https://cf-vanguard.com/cardlist/?cardno=DZ-BT14/009&expansion=294&view=image,https://cf-vanguard.com/wordpress/wp-content/images/cardlist/DZ-BT14/dzbt14_009.png,ノーマルユニット,ブラントゲート,幻真獣,グレード 3,パワー 28000,クリティカル 1,シールド -,ツインドライブ、ペルソナライド,-,スタンダード,RRR,中村エイト,【永】：このカードは、ライドできず、(R)にコールできない。【起】【手札】：あなたのオーダーゾーンに「月の門」があるなら、【コスト】[【ソウルブラスト】(1)，このカードを公開する]ことで、あなたのオーダーゾーンからこのカードと別名の「幻真獣」を含むカードを１枚選び、手札に加える。加えたなら、このカードをオーダーゾーンに置く。【自】【オーダーゾーン】：「ヴェイズルーグ」を含むあなたのヴァンガードがアタックした時、このバトルで「幻真獣」を含むあなたのユニットが山札に置かれていないなら、【コスト】[「ロズトニル」、「ガルズオルムス」、「へルグヴァール」を含むユニットカードをそれぞれ１枚ずつ、(R)から１枚以上とドロップから２枚まで、合計３枚山札の下に望む順で置く]ことで、そのターン中、このカードの【永】能力を無効にする。【自】【(R)】：各ターン終了時、このユニットを退却させる。（この効果は強制）,其は終なる真の器。天象に聳えし月の巨神。,"Mythisch Machine Deity, ""Mondgestirn"" Angrbold","https://cardfight.fandom.com/wiki/Mythisch_Machine_Deity,_%22Mondgestirn%22_Angrbold",VGE-DZ-BT14,DZ-BT14/009,320,,true
ブースターパック 【DZ-BT14】「赫月ノ使者」 2026/04/10(金) 発売 収録国家：ドラゴンエンパイア、ダークステイツ、ブラントゲート、ケテルサンクチュアリ、ストイケイア、リリカルモナステリオ,294,DZ-BT14/010,裁秤大隊指揮官 アルグリーヴラ “幻影”,（ライヴレイト・コマンダー アルグリーヴラ “ファントム”）,https://cf-vanguard.com/cardlist/?cardno=DZ-BT14/010&expansion=294&view=image,https://cf-vanguard.com/wordpress/wp-content/images/cardlist/DZ-BT14/dzbt14_010.png,ノーマルユニット,ブラントゲート,スペースドラゴン/幻影,グレード 3,パワー 13000,クリティカル 1,シールド -,ツインドライブ、ペルソナライド,-,スタンダード,RRR,ナブランジャ,【起】【(V)】【ターン1回】：【コスト】[手札からプロダクトカードを１枚以上、３枚まで公開する]ことで、このコストで公開されたカードすべてをオーダーゾーンに置き、１枚引く。２枚以上置いたなら、そのターン中、このユニットのパワー＋5000。【起】【(V)】【ターン1回】：【コスト】[【カウンターブラスト】(1)，【ソウルブラスト】(1)]することで、あなたのオーダーゾーンから、「裁秤」を含むそれぞれ別名のプロダクトを、相手のヴァンガードのグレードと同じ枚数まで選び、稼働させる。【ファントムスキル】－【起】【(V)】【ターン1回】：【コスト】[手札かソウルかドロップから、赫月カードを１枚バインドする]ことで、過充填能力を持つそれぞれ別名のあなたのリアガードを、相手のヴァンガードのグレードと同じ枚数まで選び、そのターン中、パワー＋5000。３枚以上選んだなら、そのターン中、このユニットのドライブ＋１。,秤たる宇宙。その均衡を乱す者を、我等が光で撃ち抜かん。,"Leibrecht Commander, Aelquilibra ""Fantôme""","https://cardfight.fandom.com/wiki/Leibrecht_Commander,_Aelquilibra_%22Fant%C3%B4me%22",VGE-DZ-BT14,DZ-BT14/010,320,,true
ブースターパック 【DZ-BT14】「赫月ノ使者」 2026/04/10(金) 発売 収録国家：ドラゴンエンパイア、ダークステイツ、ブラントゲート、ケテルサンクチュアリ、ストイケイア、リリカルモナステリオ,294,DZ-BT14/011,スポラディークセロ・ドラゴン,（スポラディークセロ・ドラゴン）,https://cf-vanguard.com/cardlist/?cardno=DZ-BT14/011&expansion=294&view=image,https://cf-vanguard.com/wordpress/wp-content/images/cardlist/DZ-BT14/dzbt14_011.png,ノーマルユニット,ブラントゲート,サイバードラゴン,グレード 1,パワー 8000,クリティカル 1,シールド 5000,ブースト,-,スタンダード,RRR,SENNSU,【自】：ライドデッキからライドする際にこのカードが手札から捨てられた時、あなたの山札を上から７枚見て、セットオーダーを１枚まで選び、公開して手札に加え、山札をシャッフルする。【自】【(R)/ドロップ】：あなたのヴァンガードがアタックされた時、相手のヴァンガードがグレード３以上なら、【コスト】[このカードを除外する]ことで、そのバトル中、あなたのヴァンガードのパワー＋10000。そのターン中、あなたはこのカードと同名のカードの【自】能力のコストを払えない。,理外の空間から突如放つ。それは眩しき破滅の光。,Sporadic Cerro Dragon,https://cardfight.fandom.com/wiki/Sporadic_Cerro_Dragon,VGE-DZ-BT14,DZ-BT14/011,1480,,false
ブースターパック 【DZ-BT14】「赫月ノ使者」 2026/04/10(金) 発売 収録国家：ドラゴンエンパイア、ダークステイツ、ブラントゲート、ケテルサンクチュアリ、ストイケイア、リリカルモナステリオ,294,DZ-BT14/012,裁秤大隊 フェルベシウス・ドラゴン,（ライヴレイト フェルベシウス・ドラゴン）,https://cf-vanguard.com/cardlist/?cardno=DZ-BT14/012&expansion=294&view=image,https://cf-vanguard.com/wordpress/wp-content/images/cardlist/DZ-BT14/dzbt14_012.png,ノーマルユニット,ブラントゲート,スペースドラゴン/幻影,グレード 1,パワー 8000,クリティカル 1,シールド 5000,ブースト,-,スタンダード,RRR,saikoro,【自】：このユニットが手札から(R)に登場した時、【コスト】[【カウンターブラスト】(1)]することで、あなたのドロップからプロダクトカードを２枚まで選び、手札に加える。過充填－【自】【(R)】：このユニットがブーストしたバトル終了時、このターンにこのユニットが「アルグリーヴラ」を含むグレード３以上のあなたのヴァンガードの能力で選ばれているなら、【コスト】[このユニットをソウルに置く]ことで、あなたの山札を上から５枚見て、セットオーダーか赫月カードを１枚まで選び、公開して手札に加え、山札をシャッフルする。,彼方の揺らぎも見逃さず、万全を期して事態へ臨む。,"Librate Battalion, Firvesius Dragon","https://cardfight.fandom.com/wiki/Librate_Battalion,_Firvesius_Dragon",VGE-DZ-BT14,DZ-BT14/012,320,,true
ブースターパック 【DZ-BT14】「赫月ノ使者」 2026/04/10(金) 発売 収録国家：ドラゴンエンパイア、ダークステイツ、ブラントゲート、ケテルサンクチュアリ、ストイケイア、リリカルモナステリオ,294,DZ-BT14/013,Bel-Fiore マイア,（ベル-フィオーレ マイア）,https://cf-vanguard.com/cardlist/?cardno=DZ-BT14/013&expansion=294&view=image,https://cf-vanguard.com/wordpress/wp-content/images/cardlist/DZ-BT14/dzbt14_013.png,ノーマルユニット,ケテルサンクチュアリ,ヒューマン,グレード 3,パワー 13000,クリティカル 1,シールド -,ツインドライブ、ペルソナライド,-,スタンダード,RRR,イコール,【永】【(V)】：「Bel-Fiore」を含むあなたのリアガードすべては相手のカードの効果で選べず、あなたのターン中、「Bel-Fiore」を含むあなたの前列のユニットすべてのパワー＋5000。【起】【(V)】【ターン1回】：【コスト】[【カウンターブラスト】(1)]することで、エンゲージされているそれぞれ別名のあなたのカードを、相手のヴァンガードのグレードと同じ枚数まで選び、(R)にコールする。このターンにあなたがペルソナライドしているなら、そのターン中、このユニットのクリティカル＋１。【自】【(V)】【ターン1回】：このユニットがアタックされた時、【コスト】[【ソウルブラスト】(1)]することで、「Bel-Fiore」を含むあなたのリアガードを望む枚数選び、(G)に移動させる。,ご主人様の命に従うのが、侍女の務めでございますので。,"Bel-Fiore, Maia","https://cardfight.fandom.com/wiki/Bel-Fiore,_Maia",VGE-DZ-BT14,DZ-BT14/013,980,,true
ブースターパック 【DZ-BT14】「赫月ノ使者」 2026/04/10(金) 発売 収録国家：ドラゴンエンパイア、ダークステイツ、ブラントゲート、ケテルサンクチュアリ、ストイケイア、リリカルモナステリオ,294,DZ-BT14/014,鴻恩の騎士 オルカデス,（コウオンノキシ オルカデス）,https://cf-vanguard.com/cardlist/?cardno=DZ-BT14/014&expansion=294&view=image,https://cf-vanguard.com/wordpress/wp-content/images/cardlist/DZ-BT14/dzbt14_014.png,ノーマルユニット,ケテルサンクチュアリ,エンジェル,グレード 2,パワー 10000,クリティカル 1,シールド 5000,インターセプト,-,スタンダード,RRR,満水,【自】：このユニットが手札から(R)に登場した時、あなたのライドデッキから「レザエル」を含むグレード３を１枚選び、公開してよい。公開したか、あなたのヴァンガードが「レザエル」を含むグレード３以上なら、あなたの山札から、あなたのヴァンガードのグレード以下の、守護者を持たないノーマルユニットを１枚まで探し、捨て、山札をシャッフルする。【自】【(R)】：このユニットがヴァンガードにアタックした時、あなたのヴァンガードが「レザエル」を含むグレード３以上なら、そのバトル中、このユニットのパワー＋5000し、そのバトル終了時、このユニットをソウルに置き、１枚引く。このファイトであなたが【ディヴァインスキル】を使っているなら、＋5000ではなく＋10000。（この効果は強制）,数多の恩に報いるために、翼を大きく空へ広げて。,"Knight of Great Favor, Orcades","https://cardfight.fandom.com/wiki/Knight_of_Great_Favor,_Orcades",VGE-DZ-BT14,DZ-BT14/014,580,,true
ブースターパック 【DZ-BT14】「赫月ノ使者」 2026/04/10(金) 発売 収録国家：ドラゴンエンパイア、ダークステイツ、ブラントゲート、ケテルサンクチュアリ、ストイケイア、リリカルモナステリオ,294,DZ-BT14/015,Bel-Fiore スエラ,（ベル-フィオーレ スエラ）,https://cf-vanguard.com/cardlist/?cardno=DZ-BT14/015&expansion=294&view=image,https://cf-vanguard.com/wordpress/wp-content/images/cardlist/DZ-BT14/dzbt14_015.png,ノーマルユニット,ケテルサンクチュアリ,ヒューマン,グレード 2,パワー 10000,クリティカル 1,シールド 5000,インターセプト,-,スタンダード,RRR,三登いつき,【自】：このユニットが、(R)に登場した時か(G)に置かれた時、あなたのヴァンガードが「Bel-Fiore」を含むなら、【コスト】[【カウンターブラスト】(1)]することで、あなたの山札を上から２枚見て、１枚選び、手札に加え、残りを山札の下かソウルに置き、あなたのヴァンガードがグレード３以上なら、そのターン中、このユニットのパワー＋5000/シールド＋5000。【永】【(R)】：あなたのターン中、あなたのヴァンガードが「Bel-Fiore」を含むグレード３以上なら、このユニットのパワー＋5000。【自】【(R)】【ターン1回】：「Bel-Fiore」を含むグレード３以上のあなたのヴァンガードがアタックした時、【コスト】[【エネルギーブラスト】(3)]することで、このユニットを【スタンド】させ、あなたのドロップから「Bel-Fiore」を含むカードを１枚選び、あなたの庭園にエンゲージする。,では、一瞬で“お片付け”といたしましょう。,"Bel-Fiore, Suera","https://cardfight.fandom.com/wiki/Bel-Fiore,_Suera",VGE-DZ-BT14,DZ-BT14/015,780,,true
ブースターパック 【DZ-BT14】「赫月ノ使者」 2026/04/10(金) 発売 収録国家：ドラゴンエンパイア、ダークステイツ、ブラントゲート、ケテルサンクチュアリ、ストイケイア、リリカルモナステリオ,294,DZ-BT14/016,泡沫の大魔法師 ゼーリス “幻影”,（ウタカタノダイマホウシ ゼーリス “ファントム”）,https://cf-vanguard.com/cardlist/?cardno=DZ-BT14/016&expansion=294&view=image,https://cf-vanguard.com/wordpress/wp-content/images/cardlist/DZ-BT14/dzbt14_016.png,ノーマルユニット,ストイケイア,エルフ/幻影,グレード 3,パワー 13000,クリティカル 1,シールド -,ツインドライブ、ペルソナライド,-,スタンダード,RRR,BISAI,【起】【(V)】【ターン1回】：【コスト】[【カウンターブラスト】(1)]することで、泡沫の大魔法師 ゼーリス “幻影”・トークンを１枚中央後列の(R)にコールし、そのターン中、『【永】【(R)】このユニットは後列からでもアタックでき、ドライブ－１。このユニットがアタックしたバトルでは、ドライブチェックを行う。』を与える。【ファントムスキル】－【起】【(V)】：相手のヴァンガードがグレード３以上なら、【コスト】[ソウルとドロップから、赫月カードすべてをバインドする]ことで、あなたのドロップから【超】以外のトリガーカードを、このコストでバインドされたカードと同じ枚数まで選び、山札に戻してシャッフルする。このファイト中、あなたはこのユニットと同名のユニットの【ファントムスキル】能力のコストを払えない。,魔法の銘は泡沫――廻り行く生命、その源泉たる力。,"Great Magick Caster of Transitory, Zerith ""Fantôme""","https://cardfight.fandom.com/wiki/Great_Magick_Caster_of_Transitory,_Zerith_%22Fant%C3%B4me%22",VGE-DZ-BT14,DZ-BT14/016,980,,true
ブースターパック 【DZ-BT14】「赫月ノ使者」 2026/04/10(金) 発売 収録国家：ドラゴンエンパイア、ダークステイツ、ブラントゲート、ケテルサンクチュアリ、ストイケイア、リリカルモナステリオ,294,DZ-BT14/017,黒天の水将 レィミーナ,（コクテンノスイショウ レィミーナ）,https://cf-vanguard.com/cardlist/?cardno=DZ-BT14/017&expansion=294&view=image,https://cf-vanguard.com/wordpress/wp-content/images/cardlist/DZ-BT14/dzbt14_017.png,ノーマルユニット,ストイケイア,アクアロイド/幻影,グレード 2,パワー 10000,クリティカル 1,シールド 5000,インターセプト,-,スタンダード,RRR,へいろー,【自】：ライドデッキからライドする際にこのカードが手札から捨てられた時、あなたのヴァンガードが〈幻影〉なら、【コスト】[【ソウルブラスト】(1)か【エネルギーブラスト】(3)]することで、あなたの山札から赫月カードを１枚まで探し、公開して手札に加え、山札をシャッフルする。【自】：このユニットが手札から(G)に置かれた時、あなたのヴァンガードが〈幻影〉なら、【コスト】[【カウンターブラスト】(1)か【エネルギーブラスト】(3)]することで、１枚引く。,震天の雷砲の前に沈め――！,"Marine General of the Black Sky, Leimina","https://cardfight.fandom.com/wiki/Marine_General_of_the_Black_Sky,_Leimina",VGE-DZ-BT14,DZ-BT14/017,2480,,true
ブースターパック 【DZ-BT14】「赫月ノ使者」 2026/04/10(金) 発売 収録国家：ドラゴンエンパイア、ダークステイツ、ブラントゲート、ケテルサンクチュアリ、ストイケイア、リリカルモナステリオ,294,DZ-BT14/018,湖心の学匠 フォンタイン,（コシンノガクショウ フォンタイン）,https://cf-vanguard.com/cardlist/?cardno=DZ-BT14/018&expansion=294&view=image,https://cf-vanguard.com/wordpress/wp-content/images/cardlist/DZ-BT14/dzbt14_018.png,ノーマルユニット,ストイケイア,エルフ/幻影,グレード 2,パワー 10000,クリティカル 1,シールド 5000,インターセプト,-,スタンダード,RRR,NOMISAKI,【自】：このユニットが(R)に登場した時、あなたのヴァンガードが「ゼーリス」を含むなら、【コスト】[【カウンターブラスト】(1)]することで、あなたの山札を上から、あなたの〈幻影〉のユニットと同じ枚数見て、１枚選び、手札に加え、〈幻影〉かノーマルオーダーを１枚まで選び、ドロップに置き、山札をシャッフルする。【自】【前列の(R)】：グレード３以上の〈幻影〉がアタックした時、あなたのヴァンガードが「ゼーリス」を含むグレード３以上なら、そのターン中、このユニットのパワー＋5000。,泉の映す言の葉を、掬い集めて記録する。,"Scholar of Lake Heart, Fontijn","https://cardfight.fandom.com/wiki/Scholar_of_Lake_Heart,_Fontijn",VGE-DZ-BT14,DZ-BT14/018,1280,,true
ブースターパック 【DZ-BT14】「赫月ノ使者」 2026/04/10(金) 発売 収録国家：ドラゴンエンパイア、ダークステイツ、ブラントゲート、ケテルサンクチュアリ、ストイケイア、リリカルモナステリオ,294,DZ-BT14/019,X-CeeDaNCe インバルディオ “幻影”,（イクシーダンス インバルディオ “ファントム”）,https://cf-vanguard.com/cardlist/?cardno=DZ-BT14/019&expansion=294&view=image,https://cf-vanguard.com/wordpress/wp-content/images/cardlist/DZ-BT14/dzbt14_019.png,ノーマルユニット,リリカルモナステリオ,ヒューマン/幻影,グレード 3,パワー 13000,クリティカル 1,シールド -,ツインドライブ、ペルソナライド,-,スタンダード,RRR,ひと和,【起】【(V)】【ターン1回】：【コスト】[【カウンターブラスト】(1)]することで、あなたのドロップから１枚選び、あなたの自己改修ゲージとして表で置き、X-ceed NETマーカーのないあなたの(R)を１つ選び、X-ceed NETマーカーを１つ置く。【ファントムスキル】－【起】【(V)】【ターン1回】：【コスト】[手札かソウルかドロップから赫月カードを合計１枚以上、望む枚数バインドする]ことで、あなたのバインドゾーンの赫月カード１枚につき、以下を１つ行う。（同じものは選べない）・そのターン中、このユニットのドライブ＋１。・そのターン中、このユニットのクリティカル＋１。・次の相手のターン終了時まで、あなたのリアガードはX-ceed NETマーカーのある中央後列からでもアタックとインターセプトできる。,凌駕するわよ！数多の星々、そのすべてをね！,"X-CeeDaNCe, Impauldio ""Fantôme""","https://cardfight.fandom.com/wiki/X-CeeDaNCe,_Impauldio_%22Fant%C3%B4me%22",VGE-DZ-BT14,DZ-BT14/019,320,,true
ブースターパック 【DZ-BT14】「赫月ノ使者」 2026/04/10(金) 発売 収録国家：ドラゴンエンパイア、ダークステイツ、ブラントゲート、ケテルサンクチュアリ、ストイケイア、リリカルモナステリオ,294,DZ-BT14/020,目と目が合ったその日から エマンティーヌ,（アイズ・オブ・ミラクル エマンティーヌ）,https://cf-vanguard.com/cardlist/?cardno=DZ-BT14/020&expansion=294&view=image,https://cf-vanguard.com/wordpress/wp-content/images/cardlist/DZ-BT14/dzbt14_020.png,ノーマルユニット,リリカルモナステリオ,マーメイド,グレード 2,パワー 10000,クリティカル 1,シールド 5000,インターセプト,-,スタンダード,RRR,星名ほしみ,【自】：このカードが手札から、バトルフェイズ以外に(R)に登場した時か、ライドデッキからライドする際に捨てられた時、あなたのヴァンガードが〈マーメイド〉なら、【コスト】[【カウンターブラスト】(1)か【エネルギーブラスト】(3)]することで、以下を１つ行う。・あなたの山札から「無くてはならない大切なモノ」を１枚まで探し、公開して手札に加え、山札をシャッフルする。・あなたのヴァンガードが「カイリ」を含むグレード３以上なら、あなたの手札から、このカードと別名のグレード３以下の〈マーメイド〉を１枚まで選び、(R)にコールする。コールしたなら、１枚引く。【永】【(R)】：あなたのターン中、あなたのヴァンガードが〈マーメイド〉で、相手のヴァンガードがグレード３以上なら、このユニットのパワー＋5000。,一瞬目が合う。それだけで誰をも虜にする。,"Eyes of Miracle, Aimantine","https://cardfight.fandom.com/wiki/Eyes_of_Miracle,_Aimantine",VGE-DZ-BT14,DZ-BT14/020,220,,true
ブースターパック 【DZ-BT14】「赫月ノ使者」 2026/04/10(金) 発売 収録国家：ドラゴンエンパイア、ダークステイツ、ブラントゲート、ケテルサンクチュアリ、ストイケイア、リリカルモナステリオ,294,DZ-BT14/021,X-CeeDaNCe プレシー・フォルワット,（イクシーダンス プレシー・フォルワット）,https://cf-vanguard.com/cardlist/?cardno=DZ-BT14/021&expansion=294&view=image,https://cf-vanguard.com/wordpress/wp-content/images/cardlist/DZ-BT14/dzbt14_021.png,ノーマルユニット,リリカルモナステリオ,ヒューマン/幻影,グレード 2,パワー 10000,クリティカル 1,シールド 5000,インターセプト,-,スタンダード,RRR,瀬々川なこ,【起】【(R)】：このユニットと別名の「X-CeeDaNCe」を含むあなたの自己改修ゲージがあるなら、【コスト】[このユニットを自己改修ゲージとして表で置く]ことで、あなたの自己改修ゲージからこのカードと別名の「X-CeeDaNCe」を含むカードを１枚選び、このユニットがいた(R)にコールする。【自】：あなたのターンにこのカードが自己改修ゲージとして置かれた時、【コスト】[【ソウルブラスト】(2)]することで、１枚引く。,dB上げて、キミとミライへ！,"X-CeeDaNCe, Preshy Forewatt","https://cardfight.fandom.com/wiki/X-CeeDaNCe,_Preshy_Forewatt",VGE-DZ-BT14,DZ-BT14/021,220,,true
ブースターパック 【DZ-BT14】「赫月ノ使者」 2026/04/10(金) 発売 収録国家：ドラゴンエンパイア、ダークステイツ、ブラントゲート、ケテルサンクチュアリ、ストイケイア、リリカルモナステリオ,294,DZ-BT14/022,荒牙之衆 マリエルド,（ヴェナティオール マリエルド）,https://cf-vanguard.com/cardlist/?cardno=DZ-BT14/022&expansion=294&view=image,https://cf-vanguard.com/wordpress/wp-content/images/cardlist/DZ-BT14/dzbt14_022.png,ノーマルユニット,ドラゴンエンパイア,ヒューマン,グレード 2,パワー 10000,クリティカル 1,シールド 5000,インターセプト,-,スタンダード,RR,phima,【永】：あなたのヴァンガードが「荒牙之衆」を含むなら、このカードは以下すべてを得る。・【自】：このユニットが、(R)に登場した時か、グレード３以上のあなたのヴァンガードの能力で(R)から退却した時、【コスト】[【カウンターブラスト】(1)]することで、１枚引き、あなたのドロップから１枚選び、ソウルに置く。・【自】【(R)】：このユニットがアタックした時、あなたのヴァンガードがグレード３以上なら、そのバトル中、このユニットのパワー＋5000。このターンにこのユニットがあなたのヴァンガードの能力で(R)に登場しているなら、さらにパワー＋5000。,飽きないね、その悲鳴。もっと鳴いてみせて。,"Venatiol, Marield","https://cardfight.fandom.com/wiki/Venatiol,_Marield",VGE-DZ-BT14,DZ-BT14/022,80,120,true
ブースターパック 【DZ-BT14】「赫月ノ使者」 2026/04/10(金) 発売 収録国家：ドラゴンエンパイア、ダークステイツ、ブラントゲート、ケテルサンクチュアリ、ストイケイア、リリカルモナステリオ,294,DZ-BT14/023,オブリテレイト・ドラゴン,（オブリテレイト・ドラゴン）,https://cf-vanguard.com/cardlist/?cardno=DZ-BT14/023&expansion=294&view=image,https://cf-vanguard.com/wordpress/wp-content/images/cardlist/DZ-BT14/dzbt14_023.png,ノーマルユニット,ドラゴンエンパイア,フレイムドラゴン/幻影,グレード 2,パワー 10000,クリティカル 1,シールド 5000,インターセプト,-,スタンダード,RR,安達洋介,【起】【ドロップ】：あなたのヴァンガードが「ユースベルク」を含むグレード３以上なら、【コスト】[「ユース」を含むカードを【ソウルブラスト】(2)]することで、このカードを(R)にコールし、そのターン中、パワー＋5000。【自】：このユニットが(R)に登場した時、【コスト】[【カウンターブラスト】(1)]することで、あなたの山札を上から７枚見て、「ユースベルク」を含むカードを１枚まで選び、公開して手札に加え、山札をシャッフルする。公開しなかったなら、【カウンターチャージ】(1)。,構えよ。竜の戦、その神髄を見せてやろう。,Obliterate Dragon,https://cardfight.fandom.com/wiki/Obliterate_Dragon,VGE-DZ-BT14,DZ-BT14/023,180,220,true
ブースターパック 【DZ-BT14】「赫月ノ使者」 2026/04/10(金) 発売 収録国家：ドラゴンエンパイア、ダークステイツ、ブラントゲート、ケテルサンクチュアリ、ストイケイア、リリカルモナステリオ,294,DZ-BT14/024,フォーロンホープ・ドラゴン,（フォーロンホープ・ドラゴン）,https://cf-vanguard.com/cardlist/?cardno=DZ-BT14/024&expansion=294&view=image,https://cf-vanguard.com/wordpress/wp-content/images/cardlist/DZ-BT14/dzbt14_024.png,ノーマルユニット,ドラゴンエンパイア,フレイムドラゴン/幻影,グレード 2,パワー 10000,クリティカル 1,シールド 5000,インターセプト,-,スタンダード,RR,ハタパグ,【自】【(R)】：「ユースベルク」を含むグレード３以上のあなたのヴァンガードがアタックした時、そのターン中、このユニットのパワー＋5000。【自】【(R)】：このユニットがアタックしたバトル終了時、このターンにあなたのヴァンガードが【ドラグドレス】能力で登場しているなら、【コスト】[このユニットを退却させる]ことで、１枚引く。,見込みのない望みであれ、生きる理由にはなるだろうさ。,Forlorn Hope Dragon,https://cardfight.fandom.com/wiki/Forlorn_Hope_Dragon,VGE-DZ-BT14,DZ-BT14/024,120,220,true
ブースターパック 【DZ-BT14】「赫月ノ使者」 2026/04/10(金) 発売 収録国家：ドラゴンエンパイア、ダークステイツ、ブラントゲート、ケテルサンクチュアリ、ストイケイア、リリカルモナステリオ,294,DZ-BT14/025,アウトバースト・ドラゴン,（アウトバースト・ドラゴン）,https://cf-vanguard.com/cardlist/?cardno=DZ-BT14/025&expansion=294&view=image,https://cf-vanguard.com/wordpress/wp-content/images/cardlist/DZ-BT14/dzbt14_025.png,ノーマルユニット,ドラゴンエンパイア,サンダードラゴン/幻影,グレード 1,パワー 8000,クリティカル 1,シールド 5000,ブースト,-,スタンダード,RR,てぉ,【自】：このユニットが(R)に登場した時、あなたのライドデッキから「アルファルド」を含むグレード３を１枚選び、公開してよい。公開したか、あなたのヴァンガードが「アルファルド」を含むグレード３以上なら、【コスト】[【カウンターブラスト】(1)]することで、あなたの山札を上から７枚見て、「アルファルド」を含むグレード３以上か、赫月カードを１枚まで選び、公開して手札に加え、山札をシャッフルする。加えなかったなら、【ソウルチャージ】(2)してよい。【自】【(R)】：このユニットがブーストした時、このターンにあなたが「アルファルド」を含むグレード３以上の【ファントムスキル】能力を使っているなら、そのバトル中、このユニットのパワー＋5000。,激発する雷光は、一瞬にして巨山を消し飛ばす。,Outburst Dragon,https://cardfight.fandom.com/wiki/Outburst_Dragon,VGE-DZ-BT14,DZ-BT14/025,80,120,true
ブースターパック 【DZ-BT14】「赫月ノ使者」 2026/04/10(金) 発売 収録国家：ドラゴンエンパイア、ダークステイツ、ブラントゲート、ケテルサンクチュアリ、ストイケイア、リリカルモナステリオ,294,DZ-BT14/026,フルイド・サフォケイター,（フルイド・サフォケイター）,https://cf-vanguard.com/cardlist/?cardno=DZ-BT14/026&expansion=294&view=image,https://cf-vanguard.com/wordpress/wp-content/images/cardlist/DZ-BT14/dzbt14_026.png,ノーマルユニット,ダークステイツ,ヒューマン,グレード 2,パワー 10000,クリティカル 1,シールド 5000,インターセプト,-,スタンダード,RR,茶ちえ,【自】：このユニットが(R)に登場した時、【コスト】[【カウンターブラスト】(1)]することで、以下を１つ行う。・あなたのライドデッキから「バロウマグネス」を含むグレード３を１枚選び、公開してよい。公開したか、あなたのヴァンガードが「バロウマグネス」を含むグレード３以上なら、１枚引く。・あなたのヴァンガードが「バロウマグネス」を含むグレード３以上で、このユニットがバトルフェイズ以外に登場したなら、あなたの山札を上から３枚公開し、その中から望む枚数選び、ソウルに置き、山札をシャッフルする。さらに１枚引いてよい。【永】【(G)】：あなたのヴァンガードが「バロウマグネス」を含むグレード３以上なら、このユニットのシールド＋5000。,水は命の源……だけど時には息の根も奪うのさ。,Fluid Suffocator,https://cardfight.fandom.com/wiki/Fluid_Suffocator,VGE-DZ-BT14,DZ-BT14/026,80,120,true
ブースターパック 【DZ-BT14】「赫月ノ使者」 2026/04/10(金) 発売 収録国家：ドラゴンエンパイア、ダークステイツ、ブラントゲート、ケテルサンクチュアリ、ストイケイア、リリカルモナステリオ,294,DZ-BT14/027,ダイアフルドール こんちぇった,（ダイアフルドール コンチェッタ）,https://cf-vanguard.com/cardlist/?cardno=DZ-BT14/027&expansion=294&view=image,https://cf-vanguard.com/wordpress/wp-content/images/cardlist/DZ-BT14/dzbt14_027.png,ノーマルユニット,ダークステイツ,ワーカロイド,グレード 1,パワー 8000,クリティカル 1,シールド 5000,ブースト,-,スタンダード,RR,麻谷知世,【永】【(G)】：あなたのヴァンガードが「ダイアフルドール」を含むなら、このユニットのシールド＋5000。【起】【ソウル/ドロップ】：あなたのヴァンガードが「ダイアフルドール」を含むグレード３以上なら、【コスト】[【カウンターブラスト】(1)，このカードを山札の下に置く]ことで、あなたのドロップから「ダイアフルドール」を含むカードを１枚まで選び、ソウルに置き、そのターン中、あなたは『あなたの前列の「ダイアフルドール」を含むユニットすべてのパワー＋5000。』を得る。そのターン中、あなたはこのカードと同名のカードの【起】能力のコストを払えない。,転がり落ちた首は、甘く熟れた果実に似て。,"Direful Doll, Concetta","https://cardfight.fandom.com/wiki/Direful_Doll,_Concetta",VGE-DZ-BT14,DZ-BT14/027,220,,true
ブースターパック 【DZ-BT14】「赫月ノ使者」 2026/04/10(金) 発売 収録国家：ドラゴンエンパイア、ダークステイツ、ブラントゲート、ケテルサンクチュアリ、ストイケイア、リリカルモナステリオ,294,DZ-BT14/028,パイアスブレス・ドラゴン,（パイアスブレス・ドラゴン）,https://cf-vanguard.com/cardlist/?cardno=DZ-BT14/028&expansion=294&view=image,https://cf-vanguard.com/wordpress/wp-content/images/cardlist/DZ-BT14/dzbt14_028.png,ノーマルユニット,ダークステイツ,アビスドラゴン/幻影,グレード 1,パワー 8000,クリティカル 1,シールド 5000,ブースト,-,スタンダード,RR,Yoshimo,【自】：あなたのメインフェイズにこのユニットが(R)に登場した時、あなたのヴァンガードが「ガブエリウス」を含むグレード３以上なら、【コスト】[【ソウルブラスト】(1)]することで、あなたの山札を上から５枚見て、グレード３以下を１枚まで選び、捨て、山札をシャッフルし、そのターン中、このユニットのパワー＋2000。【自】：このユニットが「ガブエリウス」を含むグレード３以上のあなたのヴァンガードの能力で(R)からソウルに置かれた時、【コスト】[このカードをバインドする]ことで、１枚引く。,吹き荒れるは狂気の奔流。,Pious Breath Dragon,https://cardfight.fandom.com/wiki/Pious_Breath_Dragon,VGE-DZ-BT14,DZ-BT14/028,80,120,true
ブースターパック 【DZ-BT14】「赫月ノ使者」 2026/04/10(金) 発売 収録国家：ドラゴンエンパイア、ダークステイツ、ブラントゲート、ケテルサンクチュアリ、ストイケイア、リリカルモナステリオ,294,DZ-BT14/029,モンメガンティーク・キマイラ,（モンメガンティーク・キマイラ）,https://cf-vanguard.com/cardlist/?cardno=DZ-BT14/029&expansion=294&view=image,https://cf-vanguard.com/wordpress/wp-content/images/cardlist/DZ-BT14/dzbt14_029.png,ノーマルユニット,ダークステイツ,キメラ,グレード 1,パワー 8000,クリティカル 1,シールド 5000,ブースト,-,スタンダード,RR,オサフネオウジ,【自】：このユニットが(R)に登場した時、あなたのヴァンガードが「星刻姫」を含むなら、あなたのドロップから、「アストロア」を含むカードか、【クリティカル】を１枚まで選び、ソウルに置く。【自】【(R)】：このユニットと同じ縦列のあなたの他のリアガードが「アストロア」を含むグレード３以上のあなたのヴァンガードの能力で【スタンド】した時、そのターン中、あなたの前列のリアガードすべてのパワー＋5000してよい。そうしたなら、そのターン終了時、このユニットを退却させ、１枚引く。,自身を構成する総ては、貴女のためだけに。,Montmegantique Chimaera,https://cardfight.fandom.com/wiki/Montmegantique_Chimaera,VGE-DZ-BT14,DZ-BT14/029,120,,true
ブースターパック 【DZ-BT14】「赫月ノ使者」 2026/04/10(金) 発売 収録国家：ドラゴンエンパイア、ダークステイツ、ブラントゲート、ケテルサンクチュアリ、ストイケイア、リリカルモナステリオ,294,DZ-BT14/030,エーベンフォルツ・ロートバイザー,（エーベンフォルツ・ロートバイザー）,https://cf-vanguard.com/cardlist/?cardno=DZ-BT14/030&expansion=294&view=image,https://cf-vanguard.com/wordpress/wp-content/images/cardlist/DZ-BT14/dzbt14_030.png,ノーマルユニット,ブラントゲート,バトロイド,グレード 2,パワー 10000,クリティカル 1,シールド 5000,インターセプト,-,スタンダード,RR,かんくろう,【永】【山札】：このカードのグレード＋１。【自】：このユニットが(R)に登場した時、あなたのヴァンガードが「ロートバイザー」を含むなら、【コスト】[「ロートバイザー」を含むカードを【ソウルブラスト】(1)]することで、あなたの、山札かドロップからアリーナカードを１枚まで探し、公開して手札に加え、山札から探したなら、山札をシャッフルする。【自】【(R)】：このユニットがアタックした時、あなたのヴァンガードが「ロートバイザー」を含むグレード３以上なら、そのバトル中、このユニットのパワー＋5000。あなたのオーダーゾーンにアリーナが２種類以上なら、【コスト】[【エネルギーブラスト】(2)]することで、そのターン中、相手はインターセプトできない。,闇より深き暗黒が放つ、撃滅の一射。,Evenfortz Rotovisor,https://cardfight.fandom.com/wiki/Evenfortz_Rotovisor,VGE-DZ-BT14,DZ-BT14/030,80,120,true
ブースターパック 【DZ-BT14】「赫月ノ使者」 2026/04/10(金) 発売 収録国家：ドラゴンエンパイア、ダークステイツ、ブラントゲート、ケテルサンクチュアリ、ストイケイア、リリカルモナステリオ,294,DZ-BT14/031,創成魔獣 囂々喚き,（ソウセイマジュウ ゴウゴウワメキ）,https://cf-vanguard.com/cardlist/?cardno=DZ-BT14/031&expansion=294&view=image,https://cf-vanguard.com/wordpress/wp-content/images/cardlist/DZ-BT14/dzbt14_031.png,ノーマルユニット,ブラントゲート,ゲノムゲル/幻影,グレード 2,パワー 10000,クリティカル 1,シールド 5000,インターセプト,-,スタンダード,RR,Moopic,【自】：このカードが魔獣合成された時、相手のヴァンガードがグレード３以上なら、【コスト】[【カウンターブラスト】(1)，このカードをドロップに置く]ことで、このコストでドロップに置かれたカードを(R)にコールし、そのターン中、パワー＋10000。そのターン終了時、そのコールされたユニットをバインドする。,アレ、どうにかならないのか？五月蝿くてかなわんよ。,"Creation Demonic Beast, Uproarious Scream","https://cardfight.fandom.com/wiki/Creation_Demonic_Beast,_Uproarious_Scream",VGE-DZ-BT14,DZ-BT14/031,120,220,true
ブースターパック 【DZ-BT14】「赫月ノ使者」 2026/04/10(金) 発売 収録国家：ドラゴンエンパイア、ダークステイツ、ブラントゲート、ケテルサンクチュアリ、ストイケイア、リリカルモナステリオ,294,DZ-BT14/032,リグレイン・リサーチャー 深奥暴き,（リグレイン・リサーチャー シンオウアバキ）,https://cf-vanguard.com/cardlist/?cardno=DZ-BT14/032&expansion=294&view=image,https://cf-vanguard.com/wordpress/wp-content/images/cardlist/DZ-BT14/dzbt14_032.png,ノーマルユニット,ブラントゲート,ヒューマン/幻影,グレード 1,パワー 8000,クリティカル 1,シールド 5000,ブースト,-,スタンダード,RR,辰馬大助,【起】【手札】：あなたのオーダーゾーンに、このカードと同名のカードがなく、「リグレイン生命創成研究所」があり、このターンにあなたのオーダーゾーンにカードが置かれていないなら、【コスト】[このカードをオーダーゾーンに置く]ことで、１枚引く。【永】【(G)】：このカードと同名のあなたのオーダーゾーンがあるなら、このユニットのシールド＋5000。【起】【オーダーゾーン】【ターン1回】：【コスト】[【ソウルブラスト】(1)]することで、あなたの山札を上から７枚見て、〈ゲノムゲル〉を１枚まで選び、捨て、山札をシャッフルする。,奥深く、根源にあるモノ。それを暴いて晒したいのさ。,"Regrain Researcher, Deep Depths Expose","https://cardfight.fandom.com/wiki/Regrain_Researcher,_Deep_Depths_Expose",VGE-DZ-BT14,DZ-BT14/032,120,,true
ブースターパック 【DZ-BT14】「赫月ノ使者」 2026/04/10(金) 発売 収録国家：ドラゴンエンパイア、ダークステイツ、ブラントゲート、ケテルサンクチュアリ、ストイケイア、リリカルモナステリオ,294,DZ-BT14/033,裁秤僚機 ウェイバリス,（ライヴレイダー ウェイバリス）,https://cf-vanguard.com/cardlist/?cardno=DZ-BT14/033&expansion=294&view=image,https://cf-vanguard.com/wordpress/wp-content/images/cardlist/DZ-BT14/dzbt14_033.png,セットオーダー,ブラントゲート,プロダクト,グレード 2,パワー -,クリティカル -,シールド -,-,-,スタンダード,RR,デザイン／三越はるは　イラスト／ToMo,（セットオーダーはプレイ後、オーダーゾーンに置く）【永】：このカードは〈幻影〉の能力以外で稼働できず、このカードが赫月カードの能力で山札から公開されている間、このカードは赫月カードとして扱い、手札に加える際、かわりにオーダーゾーンに置く。稼働－【自】【オーダーゾーン】：このカードが稼働した時、このカードをパワー10000/シールド10000/クリティカル１で『インターセプト』を持つノーマルユニットとして(R)にコールする。コールしたなら、１枚引いてよい。過充填－【自】【(R)】【ターン1回】：このユニットがアタックした時、このターンにこのユニットが「アルグリーヴラ」を含むグレード３以上のあなたのヴァンガードの能力で選ばれているなら、そのターン中、このユニットは『【自】【(R)】【ターン1回】：あなたのヴァンガードがアタックした時、【コスト】[【エネルギーブラスト】(3)]することで、このユニットを【スタンド】させ、相手のヴァンガードがグレード３以上なら、そのターン中、このユニットのパワー＋10000。』を得て、パワー＋5000。,天空を翔け奔る、一陣の疾風。,"Leibreiter, Weibaris","https://cardfight.fandom.com/wiki/Leibreiter,_Weibaris",VGE-DZ-BT14,DZ-BT14/033,120,,true
ブースターパック 【DZ-BT14】「赫月ノ使者」 2026/04/10(金) 発売 収録国家：ドラゴンエンパイア、ダークステイツ、ブラントゲート、ケテルサンクチュアリ、ストイケイア、リリカルモナステリオ,294,DZ-BT14/034,Bel-Fiore ミーク,（ベル-フィオーレ ミーク）,https://cf-vanguard.com/cardlist/?cardno=DZ-BT14/034&expansion=294&view=image,https://cf-vanguard.com/wordpress/wp-content/images/cardlist/DZ-BT14/dzbt14_034.png,ノーマルユニット,ケテルサンクチュアリ,ヒューマン,グレード 3,パワー 13000,クリティカル 1,シールド -,ツインドライブ、ペルソナライド,-,スタンダード,RR,こよいみつき,【自】：このユニットがあなたのカードの能力で(R)に登場した時、あなたのヴァンガードが「Bel-Fiore」を含むなら、相手の前列の(R)を１つ選び、次の相手のターン終了時まで、このユニットのパワーとシールドを、選んだ(R)のユニットの元々のシールド分、それぞれ増やし、相手は選んだ(R)のユニットカードすべてを山札の下に望む順で置く。,あらあら。乱暴はいけませんよ。めっ、です。,"Bel-Fiore, Meek","https://cardfight.fandom.com/wiki/Bel-Fiore,_Meek",VGE-DZ-BT14,DZ-BT14/034,320,,true
ブースターパック 【DZ-BT14】「赫月ノ使者」 2026/04/10(金) 発売 収録国家：ドラゴンエンパイア、ダークステイツ、ブラントゲート、ケテルサンクチュアリ、ストイケイア、リリカルモナステリオ,294,DZ-BT14/035,イネクスピアブル・ドラゴン,（イネクスピアブル・ドラゴン）,https://cf-vanguard.com/cardlist/?cardno=DZ-BT14/035&expansion=294&view=image,https://cf-vanguard.com/wordpress/wp-content/images/cardlist/DZ-BT14/dzbt14_035.png,ノーマルユニット,ケテルサンクチュアリ,コスモドラゴン/幻影,グレード 2,パワー 10000,クリティカル 1,シールド 5000,インターセプト,-,スタンダード,RR,近藤途轍,【永】：あなたのヴァンガードが「ブラグドマイヤー」を含むグレード３以上なら、このカードは以下すべてを得る。・【自】：バトルフェイズ以外にこのユニットが(R)に登場した時、【コスト】[【カウンターブラスト】(1)]することで、あなたのバインドゾーンからこのユニットと別名のグレード３以下のノーマルユニットを１枚選び、(R)にコールする。コールしたなら、あなたのドロップから１枚選び、バインドし、そのターン終了時、そのコールされたユニットを退却させる。・【永】【(R)/(G)】：このユニットのパワー＋5000/シールド＋5000。相手のヴァンガードがグレード３以上で、このカードと同名のあなたのバインドゾーンがあるなら、さらにパワー＋5000。（相手ターンも有効）,汝が犯せし罪、最早償うことなぞ出来ぬと知れ。,Inexpiable Dragon,https://cardfight.fandom.com/wiki/Inexpiable_Dragon,VGE-DZ-BT14,DZ-BT14/035,120,220,true
ブースターパック 【DZ-BT14】「赫月ノ使者」 2026/04/10(金) 発売 収録国家：ドラゴンエンパイア、ダークステイツ、ブラントゲート、ケテルサンクチュアリ、ストイケイア、リリカルモナステリオ,294,DZ-BT14/036,菱星厳選の女魔術師,（スターセレクト・ソーサレス）,https://cf-vanguard.com/cardlist/?cardno=DZ-BT14/036&expansion=294&view=image,https://cf-vanguard.com/wordpress/wp-content/images/cardlist/DZ-BT14/dzbt14_036.png,ノーマルユニット,ケテルサンクチュアリ,ヒューマン,グレード 2,パワー 10000,クリティカル 1,シールド 5000,インターセプト,-,スタンダード,RR,匈歌ハトリ,【自】：このユニットが(R)に登場した時、あなたのヴァンガードが「女魔術師」を含むなら、【コスト】[【エネルギーブラスト】(3)]することで、１枚引く。あなたのヴァンガードがグレード３以上なら、そのターン中、このユニットのパワー＋5000。【自】【前列の(R)】【ターン1回】：このユニットが「女魔術師」を含むグレード３以上のあなたのヴァンガードの能力で選ばれた時、あなたの山札を上から１枚見て、山札の上かソウルに置き、そのターン中、このユニットのパワー＋5000。,任せて！なんたって私は希望の一番星よ！,Star-select Sorceress,https://cardfight.fandom.com/wiki/Star-select_Sorceress,VGE-DZ-BT14,DZ-BT14/036,80,120,true
ブースターパック 【DZ-BT14】「赫月ノ使者」 2026/04/10(金) 発売 収録国家：ドラゴンエンパイア、ダークステイツ、ブラントゲート、ケテルサンクチュアリ、ストイケイア、リリカルモナステリオ,294,DZ-BT14/037,淑徳の騎士 アンドリヴェート,（シュクトクノキシ アンドリヴェート）,https://cf-vanguard.com/cardlist/?cardno=DZ-BT14/037&expansion=294&view=image,https://cf-vanguard.com/wordpress/wp-content/images/cardlist/DZ-BT14/dzbt14_037.png,ノーマルユニット,ケテルサンクチュアリ,エルフ,グレード 1,パワー 8000,クリティカル 1,シールド 5000,ブースト,-,スタンダード,RR,たつよ,【自】：あなたのターンにこのカードが手札から捨てられた時、あなたのライドデッキから「リィエル」を含むグレード３を１枚選び、公開してよい。公開したか、あなたのヴァンガードが「リィエル」を含むグレード３以上なら、あなたの山札を上から５枚見て、１枚まで選び、捨て、山札をシャッフルする。【自】【ドロップ】：あなたのメインフェイズ開始時、あなたのヴァンガードが「リィエル」を含むグレード３以上なら、【コスト】[【エネルギーブラスト】(3)]することで、このカードを(R)にコールし、相手のヴァンガードがグレード３以上なら、そのターン中、このユニットのパワー＋5000。,愛は時を積み重ね、育み続けるものですわ。,"Knight of Graceful Virtue, Andrivet","https://cardfight.fandom.com/wiki/Knight_of_Graceful_Virtue,_Andrivet",VGE-DZ-BT14,DZ-BT14/037,80,120,true
ブースターパック 【DZ-BT14】「赫月ノ使者」 2026/04/10(金) 発売 収録国家：ドラゴンエンパイア、ダークステイツ、ブラントゲート、ケテルサンクチュアリ、ストイケイア、リリカルモナステリオ,294,DZ-BT14/038,ヴェレーノ・ソルダート ベスピーノ,（ヴェレーノ・ソルダート ベスピーノ）,https://cf-vanguard.com/cardlist/?cardno=DZ-BT14/038&expansion=294&view=image,https://cf-vanguard.com/wordpress/wp-content/images/cardlist/DZ-BT14/dzbt14_038.png,ノーマルユニット,ストイケイア,インセクト,グレード 2,パワー 10000,クリティカル 1,シールド 5000,インターセプト,-,スタンダード,RR,西木あれく,【自】：このユニットが(R)に登場した時、そのターン中、このユニットは『【自】【前列の(R)】：あなたのターン終了時、「ヴェレーノ」を含むあなたのユニットが５枚以上なら、【コスト】[「ヴェレーノ」を含むリアガードを１枚ソウルに置く]ことで、あなたのドロップからブリッツオーダーを１枚選び、手札に加える。』を得る。【自】【(R)】：このユニットがヴァンガードにアタックした時、あなたのヴァンガードが「ラスカリア」を含むグレード３以上で、あなたの、(R)とドロップに、「ヴェレーノ」を含む他のカードが合計４枚以上なら、そのバトル中、このユニットのパワー＋5000。合計８枚以上なら、＋5000ではなく＋15000。,弾切れ？しねェよ。,"Veleno Soldato, Vespino","https://cardfight.fandom.com/wiki/Veleno_Soldato,_Vespino",VGE-DZ-BT14,DZ-BT14/038,120,,true
ブースターパック 【DZ-BT14】「赫月ノ使者」 2026/04/10(金) 発売 収録国家：ドラゴンエンパイア、ダークステイツ、ブラントゲート、ケテルサンクチュアリ、ストイケイア、リリカルモナステリオ,294,DZ-BT14/039,親和の狩人 シルビオーゼ,（シンワノカリュウド シルビオーゼ）,https://cf-vanguard.com/cardlist/?cardno=DZ-BT14/039&expansion=294&view=image,https://cf-vanguard.com/wordpress/wp-content/images/cardlist/DZ-BT14/dzbt14_039.png,ノーマルユニット,ストイケイア,エルフ,グレード 2,パワー 10000,クリティカル 1,シールド 5000,インターセプト,-,スタンダード,RR,でんきちひさな,【自】：あなたのターンにこのカードが、山札から捨てられた時か、あなたのオーダーゾーンの魔法の効果で手札から捨てられた時、あなたのヴァンガードが「ベルクレア」を含むグレード３以上で、あなたのリアガードすべてがこのカードと別名なら、このカードを(R)にコールしてよい。コールしたなら、そのターン終了時、このユニットをソウルに置く。【永】【(R)】：あなたのヴァンガードが「ベルクレア」を含むグレード３以上なら、このユニットは『ブースト』を得る。,おっけ。森の奥も見てくるよ。みんなありがとね。,"Affinity Hunter, Syllbiose","https://cardfight.fandom.com/wiki/Affinity_Hunter,_Syllbiose",VGE-DZ-BT14,DZ-BT14/039,180,220,true
ブースターパック 【DZ-BT14】「赫月ノ使者」 2026/04/10(金) 発売 収録国家：ドラゴンエンパイア、ダークステイツ、ブラントゲート、ケテルサンクチュアリ、ストイケイア、リリカルモナステリオ,294,DZ-BT14/040,水郷の学匠 リトゥエーラ,（スイゴウノガクショウ リトゥエーラ）,https://cf-vanguard.com/cardlist/?cardno=DZ-BT14/040&expansion=294&view=image,https://cf-vanguard.com/wordpress/wp-content/images/cardlist/DZ-BT14/dzbt14_040.png,ノーマルユニット,ストイケイア,エルフ/幻影,グレード 2,パワー 10000,クリティカル 1,シールド 5000,インターセプト,-,スタンダード,RR,村松邑,【永】【(R)】：あなたのヴァンガードが「ゼーリス」を含むグレード３以上で、このターンにこのユニットがドロップから(R)に登場しているなら、このユニットのパワー＋5000。【自】【(R)】：このユニットがアタックした時、あなたのヴァンガードが「ゼーリス」を含むなら、【コスト】[【エネルギーブラスト】(2)]することで、あなたの山札を上から５枚見て、赫月カードか極大魔法カードを１枚まで選び、捨て、山札をシャッフルする。あなたのヴァンガードがグレード３以上なら、そのバトル中、このユニットのパワー＋5000。,祈り捧ぐは、水鏡の映す幻像。,"Scholar of the Waterlands, Rituera","https://cardfight.fandom.com/wiki/Scholar_of_the_Waterlands,_Rituera",VGE-DZ-BT14,DZ-BT14/040,220,,true
ブースターパック 【DZ-BT14】「赫月ノ使者」 2026/04/10(金) 発売 収録国家：ドラゴンエンパイア、ダークステイツ、ブラントゲート、ケテルサンクチュアリ、ストイケイア、リリカルモナステリオ,294,DZ-BT14/041,楽園を訪れし者 フィルデア,（ラクエンヲオトズレシモノ フィルデア）,https://cf-vanguard.com/cardlist/?cardno=DZ-BT14/041&expansion=294&view=image,https://cf-vanguard.com/wordpress/wp-content/images/cardlist/DZ-BT14/dzbt14_041.png,ノーマルユニット,ストイケイア,シルフ,グレード 2,パワー 10000,クリティカル 1,シールド 5000,インターセプト,-,スタンダード,RR,ueo,【自】：あなたの世界が真宵楽園なら、このコストで払う【ソウルブラスト】は(1)減る。このユニットが山札か手札から(R)に登場した時、あなたのヴァンガードが「楽園」を含むなら、【コスト】[【ソウルブラスト】(1)]することで、あなたの山札を上から７枚見て、「ナナクリル」を含むカードか、「花開け、此処は真なる宵の楽園」を１枚まで選び、公開して手札に加え、山札をシャッフルする。【起】【(R)】：【コスト】[このユニットをソウルに置く]ことで、そのターン中、あなたが「花開け、此処は真なる宵の楽園」の能力で１つ行う際、１つではなく２つ行う。,ずっと笑顔でいられるように。私は幸福をふりまくのです。,"One Who Arrived at Paradise, Phildeia","https://cardfight.fandom.com/wiki/One_Who_Arrived_at_Paradise,_Phildeia",VGE-DZ-BT14,DZ-BT14/041,120,,true
ブースターパック 【DZ-BT14】「赫月ノ使者」 2026/04/10(金) 発売 収録国家：ドラゴンエンパイア、ダークステイツ、ブラントゲート、ケテルサンクチュアリ、ストイケイア、リリカルモナステリオ,294,DZ-BT14/042,X-CeeDaNCe ラピ・グロッサ,（イクシーダンス ラピ・グロッサ）,https://cf-vanguard.com/cardlist/?cardno=DZ-BT14/042&expansion=294&view=image,https://cf-vanguard.com/wordpress/wp-content/images/cardlist/DZ-BT14/dzbt14_042.png,ノーマルユニット,リリカルモナステリオ,ヒューマン/幻影,グレード 2,パワー 10000,クリティカル 1,シールド 5000,インターセプト,-,スタンダード,RR,がり,【自】：このユニットが(R)に登場した時、あなたの自己改修ゲージがあるなら、【コスト】[【カウンターブラスト】(1)]することで、あなたの山札を上から７枚見て、１枚まで選び、公開し、あなたのヴァンガードのグレード以下の「X-CeeDaNCe」を含むカードなら(R)にコールし、赫月カードなら手札に加える。山札をシャッフルする。あなたのヴァンガードがグレード３以上なら、そのターン中、このユニットのパワー＋5000。【自】：このユニットが(G)に置かれた時、あなたの自己改修ゲージが２枚以上なら、そのバトル中、このユニットのシールド＋5000。４枚以上なら、【コスト】[【ソウルブラスト】(1)]することで、さらにシールド＋5000。,乙女、三日会わざれば刮目して見よっ！ってワケですっ♪,"X-CeeDaNCe, Lapi Grossa","https://cardfight.fandom.com/wiki/X-CeeDaNCe,_Lapi_Grossa",VGE-DZ-BT14,DZ-BT14/042,220,,true
ブースターパック 【DZ-BT14】「赫月ノ使者」 2026/04/10(金) 発売 収録国家：ドラゴンエンパイア、ダークステイツ、ブラントゲート、ケテルサンクチュアリ、ストイケイア、リリカルモナステリオ,294,DZ-BT14/043,EuphoricReverb ソフィア,（ユーフォリック・リバーブ ソフィア）,https://cf-vanguard.com/cardlist/?cardno=DZ-BT14/043&expansion=294&view=image,https://cf-vanguard.com/wordpress/wp-content/images/cardlist/DZ-BT14/dzbt14_043.png,ノーマルユニット,リリカルモナステリオ,ヒューマン,グレード 2,パワー 10000,クリティカル 1,シールド 5000,インターセプト,-,スタンダード,RR,Lucio,【自】：このユニットが手札から(R)に登場した時、あなたの山札を上から５枚見て、「アルティサリア」を含むカードか、楽装カードを１枚まで選び、公開して手札に加え、山札をシャッフルする。公開したなら、あなたの手札から１枚選び、ソウルに置くか、捨てる。【自】【(R)】：このユニットがアタックした時、あなたのオーダーゾーンの楽装カード１枚につき、そのターン中、このユニットのパワー＋5000。,陶酔の余韻を、いつまでも。,"EuphoricReverb, Sophia","https://cardfight.fandom.com/wiki/EuphoricReverb,_Sophia",VGE-DZ-BT14,DZ-BT14/043,120,,true
ブースターパック 【DZ-BT14】「赫月ノ使者」 2026/04/10(金) 発売 収録国家：ドラゴンエンパイア、ダークステイツ、ブラントゲート、ケテルサンクチュアリ、ストイケイア、リリカルモナステリオ,294,DZ-BT14/044,シュレッド・プレイヤー ティモニエ,（シュレッド・プレイヤー ティモニエ）,https://cf-vanguard.com/cardlist/?cardno=DZ-BT14/044&expansion=294&view=image,https://cf-vanguard.com/wordpress/wp-content/images/cardlist/DZ-BT14/dzbt14_044.png,ノーマルユニット,リリカルモナステリオ,デーモン,グレード 1,パワー 8000,クリティカル 1,シールド 5000,ブースト,-,スタンダード,RR,ぱとり,【起】【(R)】：あなたのヴァンガードが「FL∀MMe-G」を含むグレード３以上なら、【コスト】[【カウンターブラスト】(1)，このユニットをダメージゾーンに置く]ことで、１枚引き、そのターン中、あなたのダメージゾーンでの敗北は７枚になり、あなたは『「FL∀MMe-G」を含むあなたのユニットすべてのパワー＋5000。』を得る。そのターン終了時、このカードと同名のあなたの表のダメージゾーンから１枚選び、バインドする。,フラグラと演れるくらい、上手くならないと。,"Shred Player, Timonie","https://cardfight.fandom.com/wiki/Shred_Player,_Timonie",VGE-DZ-BT14,DZ-BT14/044,120,,true
ブースターパック 【DZ-BT14】「赫月ノ使者」 2026/04/10(金) 発売 収録国家：ドラゴンエンパイア、ダークステイツ、ブラントゲート、ケテルサンクチュアリ、ストイケイア、リリカルモナステリオ,294,DZ-BT14/045,LettiaMateS アンシゼーラ,（レティアメイツ アンシゼーラ）,https://cf-vanguard.com/cardlist/?cardno=DZ-BT14/045&expansion=294&view=image,https://cf-vanguard.com/wordpress/wp-content/images/cardlist/DZ-BT14/dzbt14_045.png,ノーマルユニット,リリカルモナステリオ,ワービースト/幻影,グレード 1,パワー 8000,クリティカル 1,シールド 5000,ブースト,-,スタンダード,RR,おおたけおかゆ,【自】【ドロップ】：あなたのライドフェイズに「マグノリア」を含むグレード３以上のあなたのヴァンガードが登場した時、あなたのリアガードすべてがこのカードと別名なら、このカードを(R)にコールしてよい。【自】【中央後列の(R)】：このユニットが「マグノリア」を含むユニットをブーストしたバトル終了時、【コスト】[このユニットをソウルに置く]ことで、あなたのヴァンガードのグレードにより以下を１つ行う。・グレード３-【エネルギーチャージ】(1)し、「LettiaMateS」を含むあなたのリアガードを１枚選び、そのターン中、パワー＋5000。・グレード４-【エネルギーチャージ】(2)し、「LettiaMateS」を含むあなたのリアガードを１枚選び、そのターン中、パワー＋10000。,二人だけのヒミツ、ですからね？,"LettiaMateS, Ancisera","https://cardfight.fandom.com/wiki/LettiaMateS,_Ancisera",VGE-DZ-BT14,DZ-BT14/045,220,,true
ブースターパック 【DZ-BT14】「赫月ノ使者」 2026/04/10(金) 発売 収録国家：ドラゴンエンパイア、ダークステイツ、ブラントゲート、ケテルサンクチュアリ、ストイケイア、リリカルモナステリオ,294,DZ-BT14/046,赫月光,（カクゲツコウ）,https://cf-vanguard.com/cardlist/?cardno=DZ-BT14/046&expansion=294&view=image,https://cf-vanguard.com/wordpress/wp-content/images/cardlist/DZ-BT14/dzbt14_046.png,ノーマルオーダー,-,赫月,グレード 1,パワー -,クリティカル -,シールド -,-,-,スタンダード,RR,凪羊,あなたのヴァンガードが〈幻影〉ならプレイできる！あなたの山札を上から５枚見て、１枚まで選び、公開する。公開しなかったなら、山札をシャッフルし、１枚引く。公開したなら、以下を１つ行い、山札をシャッフルする。・公開したカードがあなたのヴァンガードのグレード以下のユニットカードなら、(R)にコールする。・公開したカードが赫月カードなら、手札に加える。【永】：このカードはあなたの【ファントムスキル】能力のコスト以外でバインドされない。【永】【バインドゾーン】：このカードはいずれかのカードの能力で、選べず、他の領域に移動できない。【起】【ダメージゾーン】：【コスト】[このカードをドロップに置く]ことで、あなたの山札を上から１枚ダメージゾーンに置く。,月が昇る。世界を幻へ包む、赫き月が。,Crimson Moonlight,https://cardfight.fandom.com/wiki/Crimson_Moonlight,VGE-DZ-BT14,DZ-BT14/046,2480,,true
ブースターパック 【DZ-BT14】「赫月ノ使者」 2026/04/10(金) 発売 収録国家：ドラゴンエンパイア、ダークステイツ、ブラントゲート、ケテルサンクチュアリ、ストイケイア、リリカルモナステリオ,294,DZ-BT14/047,コンドリュール・ドラゴン,（コンドリュール・ドラゴン）,https://cf-vanguard.com/cardlist/?cardno=DZ-BT14/047&expansion=294&view=image,https://cf-vanguard.com/wordpress/wp-content/images/cardlist/DZ-BT14/dzbt14_047.png,ノーマルユニット,ドラゴンエンパイア,サンダードラゴン/幻影,グレード 2,パワー 10000,クリティカル 1,シールド 5000,インターセプト,-,スタンダード,R,ケセルム,【永】【(R)】：あなたのターン中、あなたのヴァンガードが「アルファルド」を含むグレード３以上なら、このユニットのパワー＋5000。【自】【(R)】：「アルファルド」を含むグレード３以上のあなたのヴァンガードがアタックした時、このバトルフェイズにあなたのリアガードが【スタンド】してないなら、【コスト】[【エネルギーブラスト】(3)]することで、このユニットを【スタンド】させ、そのターン中、パワー＋10000。,紫電爆ぜるは刃の翼。怨敵滅せと空翔ける。,Chondrule Dragon,https://cardfight.fandom.com/wiki/Chondrule_Dragon,VGE-DZ-BT14,DZ-BT14/047,80,,true
ブースターパック 【DZ-BT14】「赫月ノ使者」 2026/04/10(金) 発売 収録国家：ドラゴンエンパイア、ダークステイツ、ブラントゲート、ケテルサンクチュアリ、ストイケイア、リリカルモナステリオ,294,DZ-BT14/048,荒牙之衆 ウヘル,（ヴェナティオール ウヘル）,https://cf-vanguard.com/cardlist/?cardno=DZ-BT14/048&expansion=294&view=image,https://cf-vanguard.com/wordpress/wp-content/images/cardlist/DZ-BT14/dzbt14_048.png,ノーマルユニット,ドラゴンエンパイア,ヒューマン,グレード 1,パワー 8000,クリティカル 1,シールド 5000,ブースト,-,スタンダード,R,瞑丸イヌチヨ,【自】：このユニットが「荒牙之衆」を含むグレード３以上のあなたのヴァンガードの能力で(R)から退却した時、【コスト】[【ソウルブラスト】(1)]することで、このカードを手札に加える。【永】【(G)】：「荒牙之衆」を含むあなたのヴァンガードのグレード１につき、このユニットのシールド＋5000。,俺達が狩る側だって、体に刻んどいてやるよ！,"Venatiol, Uhel","https://cardfight.fandom.com/wiki/Venatiol,_Uhel",VGE-DZ-BT14,DZ-BT14/048,80,,true
ブースターパック 【DZ-BT14】「赫月ノ使者」 2026/04/10(金) 発売 収録国家：ドラゴンエンパイア、ダークステイツ、ブラントゲート、ケテルサンクチュアリ、ストイケイア、リリカルモナステリオ,294,DZ-BT14/049,バニシングクロー・ドラゴン,（バニシングクロー・ドラゴン）,https://cf-vanguard.com/cardlist/?cardno=DZ-BT14/049&expansion=294&view=image,https://cf-vanguard.com/wordpress/wp-content/images/cardlist/DZ-BT14/dzbt14_049.png,ノーマルユニット,ドラゴンエンパイア,フレイムドラゴン/幻影,グレード 1,パワー 8000,クリティカル 1,シールド 5000,ブースト,-,スタンダード,R,匈歌ハトリ,【自】：バトルフェイズ以外にこのカードが山札か手札から捨てられた時、あなたのヴァンガードが「ユースベルク」を含むグレード３以上なら、【コスト】[【ソウルブラスト】(1)]することで、このカードを(R)にコールする。【永】【(G)】：あなたのヴァンガードが「ユース」を含むなら、このユニットのシールド＋5000。,魂魄すらも熔かし引き裂く、炎熱の鉤爪が迫る。,Vanishing Claw Dragon,https://cardfight.fandom.com/wiki/Vanishing_Claw_Dragon,VGE-DZ-BT14,DZ-BT14/050,80,,true
ブースターパック 【DZ-BT14】「赫月ノ使者」 2026/04/10(金) 発売 収録国家：ドラゴンエンパイア、ダークステイツ、ブラントゲート、ケテルサンクチュアリ、ストイケイア、リリカルモナステリオ,294,DZ-BT14/050,パーチングアクス・ドラゴン,（パーチングアクス・ドラゴン）,https://cf-vanguard.com/cardlist/?cardno=DZ-BT14/050&expansion=294&view=image,https://cf-vanguard.com/wordpress/wp-content/images/cardlist/DZ-BT14/dzbt14_050.png,ノーマルユニット,ドラゴンエンパイア,フレイムドラゴン,グレード 1,パワー 8000,クリティカル 1,シールド 5000,ブースト,-,スタンダード,R,カエルDX,【自】【(R)】：このユニットがブーストしたアタックがヴァンガードにヒットした時、あなたのライドデッキから「ヴァルガ」を含むグレード３を１枚選び、公開してよい。公開したか、あなたのヴァンガードが「ヴァルガ」を含むグレード３以上なら、あなたの山札を上から７枚見て、「幻真獣」を含むカードを１枚まで選び、公開して手札に加え、山札をシャッフルする。加えたなら、このユニットをソウルに置く。,師と好敵手に恵まれたことに、感謝を。,Parching Axe Dragon,https://cardfight.fandom.com/wiki/Parching_Axe_Dragon,VGE-DZ-BT14,DZ-BT14/049,80,,true
ブースターパック 【DZ-BT14】「赫月ノ使者」 2026/04/10(金) 発売 収録国家：ドラゴンエンパイア、ダークステイツ、ブラントゲート、ケテルサンクチュアリ、ストイケイア、リリカルモナステリオ,294,DZ-BT14/051,フィーブライル・ドラゴン,（フィーブライル・ドラゴン）,https://cf-vanguard.com/cardlist/?cardno=DZ-BT14/051&expansion=294&view=image,https://cf-vanguard.com/wordpress/wp-content/images/cardlist/DZ-BT14/dzbt14_051.png,ノーマルユニット,ダークステイツ,アビスドラゴン/幻影,グレード 3,パワー 13000,クリティカル 1,シールド -,ツインドライブ、ペルソナライド,-,スタンダード,R,ロブジャ,【起】【ドロップ】：あなたのヴァンガードが「ガブエリウス」を含むグレード３以上で、あなたのリアガードすべてがこのカードと別名なら、【コスト】[【ソウルブラスト】(2)]することで、このカードを(R)にコールする。【自】【(R)】：このユニットがアタックした時、あなたのヴァンガードが「ガブエリウス」を含むグレード３以上なら、そのバトル中、このユニットのパワー＋5000。,獄門より来たれ――不滅なりし竜の幻霊！,Febrile Dragon,https://cardfight.fandom.com/wiki/Febrile_Dragon,VGE-DZ-BT14,DZ-BT14/051,80,,true
ブースターパック 【DZ-BT14】「赫月ノ使者」 2026/04/10(金) 発売 収録国家：ドラゴンエンパイア、ダークステイツ、ブラントゲート、ケテルサンクチュアリ、ストイケイア、リリカルモナステリオ,294,DZ-BT14/052,ダイアフルドール じりおーら,（ダイアフルドール ジリオーラ）,https://cf-vanguard.com/cardlist/?cardno=DZ-BT14/052&expansion=294&view=image,https://cf-vanguard.com/wordpress/wp-content/images/cardlist/DZ-BT14/dzbt14_052.png,ノーマルユニット,ダークステイツ,ワーカロイド,グレード 2,パワー 10000,クリティカル 1,シールド 5000,インターセプト,-,スタンダード,R,浅利早香,【自】：このユニットが(R)に登場した時、あなたのヴァンガードが「ダイアフルドール」を含むなら、あなたの山札を上から７枚見て、「ダイアフルドール」を含むカードか、「今はただ、時を忘れて」を１枚まで選び、公開して手札に加え、山札をシャッフルする。公開したなら、あなたの手札から１枚選び、ソウルに置く。【自】【(R)】：このユニットがアタックした時、あなたのヴァンガードが「ダイアフルドール」を含むグレード３以上なら、そのバトル中、このユニットのパワー＋10000してよい。そうしたなら、そのバトル終了時、このユニットをバインドする。,ひぃん、おとなしく切り刻まれてくださぁい。,"Direful Doll, Gigliola","https://cardfight.fandom.com/wiki/Direful_Doll,_Gigliola",VGE-DZ-BT14,DZ-BT14/052,80,,true
ブースターパック 【DZ-BT14】「赫月ノ使者」 2026/04/10(金) 発売 収録国家：ドラゴンエンパイア、ダークステイツ、ブラントゲート、ケテルサンクチュアリ、ストイケイア、リリカルモナステリオ,294,DZ-BT14/053,忌眼の狂骨 ゾルネイロン,（キガンノキョウコツ ゾルネイロン）,https://cf-vanguard.com/cardlist/?cardno=DZ-BT14/053&expansion=294&view=image,https://cf-vanguard.com/wordpress/wp-content/images/cardlist/DZ-BT14/dzbt14_053.png,ノーマルユニット,ダークステイツ,デーモン,グレード 1,パワー 8000,クリティカル 1,シールド 5000,ブースト,-,スタンダード,R,カエルDX,【自】：このユニットが手札から(R)に登場した時、あなたのライドデッキから「バロウマグネス」を含むグレード３を１枚選び、公開してよい。公開したか、あなたのヴァンガードが「バロウマグネス」を含むグレード３以上なら、【ソウルチャージ】(3)。【永】【(R)】：あなたのソウルが10枚以上なら、このユニットのパワー＋5000。（相手ターンも有効）,此の掌を逃れ得る者は無い。等しく滅びを受け入れよ。,"Mad Bone of Abominable Eyes, Zolneylon","https://cardfight.fandom.com/wiki/Mad_Bone_of_Abominable_Eyes,_Zolneylon",VGE-DZ-BT14,DZ-BT14/053,80,,true
ブースターパック 【DZ-BT14】「赫月ノ使者」 2026/04/10(金) 発売 収録国家：ドラゴンエンパイア、ダークステイツ、ブラントゲート、ケテルサンクチュアリ、ストイケイア、リリカルモナステリオ,294,DZ-BT14/054,スチームファイター ダドゥーシャ,（スチームファイター ダドゥーシャ）,https://cf-vanguard.com/cardlist/?cardno=DZ-BT14/054&expansion=294&view=image,https://cf-vanguard.com/wordpress/wp-content/images/cardlist/DZ-BT14/dzbt14_054.png,ノーマルユニット,ダークステイツ,ギアロイド,グレード 1,パワー 8000,クリティカル 1,シールド 5000,ブースト,-,スタンダード,R,キリタチ,【自】【(R)】：このユニットがリアガードをブーストしたバトル終了時、あなたのヴァンガードが「ブラグドマイヤー」を含むグレード３以上なら、【コスト】[そのブーストされたリアガードをソウルに置き、このユニットを退却させる]ことで、１枚引く。,虚空に開く、間隙を突け。,"Steam Fighter, Daduusha","https://cardfight.fandom.com/wiki/Steam_Fighter,_Daduusha",VGE-DZ-BT14,DZ-BT14/054,80,,true
ブースターパック 【DZ-BT14】「赫月ノ使者」 2026/04/10(金) 発売 収録国家：ドラゴンエンパイア、ダークステイツ、ブラントゲート、ケテルサンクチュアリ、ストイケイア、リリカルモナステリオ,294,DZ-BT14/055,フィーレ・ブランデ,（フィーレ・ブランデ）,https://cf-vanguard.com/cardlist/?cardno=DZ-BT14/055&expansion=294&view=image,https://cf-vanguard.com/wordpress/wp-content/images/cardlist/DZ-BT14/dzbt14_055.png,ノーマルユニット,ブラントゲート,バトロイド,グレード 1,パワー 8000,クリティカル 1,シールド 5000,ブースト,-,スタンダード,R,なかざき冬,【自】【(R)】：あなたのターン終了時、あなたのヴァンガードが「ロートバイザー」を含み、このターンにあなたのアリーナがオーダーゾーンに置かれているなら、【コスト】[このユニットをソウルに置く]ことで、【エネルギーチャージ】(3)。,重武装を支えて余りある、高エネルギー出力を持つ名機。,Fille Brande,https://cardfight.fandom.com/wiki/Fille_Brande,VGE-DZ-BT14,DZ-BT14/055,80,,true
ブースターパック 【DZ-BT14】「赫月ノ使者」 2026/04/10(金) 発売 収録国家：ドラゴンエンパイア、ダークステイツ、ブラントゲート、ケテルサンクチュアリ、ストイケイア、リリカルモナステリオ,294,DZ-BT14/056,ブリッツデザイナー ラーツェント,（ブリッツデザイナー ラーツェント）,https://cf-vanguard.com/cardlist/?cardno=DZ-BT14/056&expansion=294&view=image,https://cf-vanguard.com/wordpress/wp-content/images/cardlist/DZ-BT14/dzbt14_056.png,ノーマルユニット,ブラントゲート,エルフ,グレード 1,パワー 8000,クリティカル 1,シールド 5000,ブースト,-,スタンダード,R,白砂かに,【自】【ドロップ】：あなたのプロダクトが稼働した時、あなたのヴァンガードが「ブリッツ」を含むなら、以下を１つ行う。・あなたのリアガードすべてがこのカードと別名なら、このカードを後列の(R)にコールする。・【コスト】[このカードをバインドする]ことで、【エネルギーチャージ】(2)し、そのターン中、あなたはこのカードと同名のカードの【自】能力のコストを払えない。【永】【(R)】：あなたのヴァンガードが「ブリッツ」を含むなら、このユニットは『インターセプト』を得て、後列からでもインターセプトできる。,ここをこうして……こうっ♪うん、イイ感じ～！,"Blitz Designer, Razent","https://cardfight.fandom.com/wiki/Blitz_Designer,_Razent",VGE-DZ-BT14,DZ-BT14/056,80,,true
ブースターパック 【DZ-BT14】「赫月ノ使者」 2026/04/10(金) 発売 収録国家：ドラゴンエンパイア、ダークステイツ、ブラントゲート、ケテルサンクチュアリ、ストイケイア、リリカルモナステリオ,294,DZ-BT14/057,裁秤僚機 トリスディア,（ライヴレイダー トリスディア）,https://cf-vanguard.com/cardlist/?cardno=DZ-BT14/057&expansion=294&view=image,https://cf-vanguard.com/wordpress/wp-content/images/cardlist/DZ-BT14/dzbt14_057.png,セットオーダー,ブラントゲート,プロダクト,グレード 3,パワー -,クリティカル -,シールド -,-,-,スタンダード,R,デザイン／三越はるは　イラスト／ToMo,（セットオーダーはプレイ後、オーダーゾーンに置く）【永】：このカードは〈幻影〉の能力以外で稼働できず、このカードが赫月カードの能力で山札から公開されている間、このカードは赫月カードとして扱い、手札に加える際、かわりにオーダーゾーンに置く。稼働－【自】【オーダーゾーン】：このカードが稼働した時、このカードをパワー13000/シールド5000/クリティカル１のノーマルユニットとして(R)にコールし、あなたのヴァンガードが「アルグリーヴラ」を含むグレード３以上なら、そのターン中、このユニットのパワー＋10000。過充填－【自】【(R)】【ターン1回】：このユニットが「アルグリーヴラ」を含むグレード３以上のあなたのヴァンガードの能力で選ばれた時、そのターン中、このユニットのクリティカル＋１。,銀河を切り拓く、一条の流星。,"Leibreiter, Trisdia","https://cardfight.fandom.com/wiki/Leibreiter,_Trisdia",VGE-DZ-BT14,DZ-BT14/057,80,,true
ブースターパック 【DZ-BT14】「赫月ノ使者」 2026/04/10(金) 発売 収録国家：ドラゴンエンパイア、ダークステイツ、ブラントゲート、ケテルサンクチュアリ、ストイケイア、リリカルモナステリオ,294,DZ-BT14/058,裁秤僚機 ローヴロイ,（ライヴレイダー ローヴロイ）,https://cf-vanguard.com/cardlist/?cardno=DZ-BT14/058&expansion=294&view=image,https://cf-vanguard.com/wordpress/wp-content/images/cardlist/DZ-BT14/dzbt14_058.png,セットオーダー,ブラントゲート,プロダクト,グレード 1,パワー -,クリティカル -,シールド -,-,-,スタンダード,R,デザイン／三越はるは　イラスト／ToMo,（セットオーダーはプレイ後、オーダーゾーンに置く）【永】：このカードは〈幻影〉の能力以外で稼働できず、このカードが赫月カードの能力で山札から公開されている間、このカードは赫月カードとして扱い、手札に加える際、かわりにオーダーゾーンに置く。稼働－【自】【オーダーゾーン】：このカードが稼働した時、このカードをパワー8000/シールド5000/クリティカル１で『ブースト』を持つノーマルユニットとして(R)にコールし、グレード３以上の相手のヴァンガードを１枚選び、そのターン中、パワー－5000。過充填－【自】【中央後列の(R)】：このユニットが「アルグリーヴラ」を含むグレード３以上のあなたのヴァンガードの能力で選ばれた時、相手のダメージゾーンが４枚以下で、このターンにあなたがペルソナライドしているなら、相手のヴァンガードを１枚選び、１ダメージ。このファイト中、あなたはこのユニットと同名のカードの過充填能力を発動できない。,大地より狙い定める、一閃の弾丸。,"Leibreiter, Rovroi","https://cardfight.fandom.com/wiki/Leibreiter,_Rovroi",VGE-DZ-BT14,DZ-BT14/058,80,,true
ブースターパック 【DZ-BT14】「赫月ノ使者」 2026/04/10(金) 発売 収録国家：ドラゴンエンパイア、ダークステイツ、ブラントゲート、ケテルサンクチュアリ、ストイケイア、リリカルモナステリオ,294,DZ-BT14/059,Bel-Fiore ピネッセ,（ベル-フィオーレ ピネッセ）,https://cf-vanguard.com/cardlist/?cardno=DZ-BT14/059&expansion=294&view=image,https://cf-vanguard.com/wordpress/wp-content/images/cardlist/DZ-BT14/dzbt14_059.png,ノーマルユニット,ケテルサンクチュアリ,ヒューマン,グレード 2,パワー 10000,クリティカル 1,シールド 5000,インターセプト,-,スタンダード,R,やまだ六角,【自】：このユニットがあなたのカードの能力で(R)に登場した時、あなたのヴァンガードが「Bel-Fiore」を含むなら、そのターン中、このユニットは『ブースト』を得て、相手のリアガードを１枚選び、そのターン中、シールド－5000。【自】：このユニットが(G)に置かれた時、あなたのヴァンガードが「Bel-Fiore」を含むなら、相手のユニットを１枚選び、そのターン中、パワー－5000。,それはまるで「はたき」が如く。,"Bel-Fiore, Pinesse","https://cardfight.fandom.com/wiki/Bel-Fiore,_Pinesse",VGE-DZ-BT14,DZ-BT14/059,80,,true
ブースターパック 【DZ-BT14】「赫月ノ使者」 2026/04/10(金) 発売 収録国家：ドラゴンエンパイア、ダークステイツ、ブラントゲート、ケテルサンクチュアリ、ストイケイア、リリカルモナステリオ,294,DZ-BT14/060,グリスン・ウパシチリィ,（グリスン・ウパシチリィ）,https://cf-vanguard.com/cardlist/?cardno=DZ-BT14/060&expansion=294&view=image,https://cf-vanguard.com/wordpress/wp-content/images/cardlist/DZ-BT14/dzbt14_060.png,ノーマルユニット,ケテルサンクチュアリ,ハイビースト,グレード 1,パワー 8000,クリティカル 1,シールド 5000,ブースト,-,スタンダード,R,ヨシヤ,【自】：あなたのターンにこのカードが、(R)に登場した時か手札から捨てられた時、あなたのライドデッキから「リィエル」を含むグレード３を１枚選び、公開してよい。公開したか、あなたのヴァンガードが「リィエル」を含むグレード３以上なら、あなたの山札を上から２枚見て、１枚まで選び、ソウルに置くか、捨てる。残りを山札の下に望む順で置く。さらに相手のヴァンガードがグレード３以上なら、あなたのヴァンガードを１枚選び、そのターン中、パワー＋5000。,きらきら、ぱたぱた。,Glisten Upashiciry,https://cardfight.fandom.com/wiki/Glisten_Upashiciry,VGE-DZ-BT14,DZ-BT14/060,80,,true
ブースターパック 【DZ-BT14】「赫月ノ使者」 2026/04/10(金) 発売 収録国家：ドラゴンエンパイア、ダークステイツ、ブラントゲート、ケテルサンクチュアリ、ストイケイア、リリカルモナステリオ,294,DZ-BT14/061,パタファクション・エンジェル,（パタファクション・エンジェル）,https://cf-vanguard.com/cardlist/?cardno=DZ-BT14/061&expansion=294&view=image,https://cf-vanguard.com/wordpress/wp-content/images/cardlist/DZ-BT14/dzbt14_061.png,ノーマルユニット,ケテルサンクチュアリ,エンジェル,グレード 1,パワー 8000,クリティカル 1,シールド 5000,ブースト,-,スタンダード,R,まるえ,【自】【(R)】：このユニットがブーストしたアタックがヴァンガードにヒットした時、あなたのライドデッキから「レザエル」を含むグレード３を１枚選び、公開してよい。公開したか、あなたのヴァンガードが「レザエル」を含むグレード３以上なら、あなたの山札を上から７枚見て、「幻真獣」を含むカードを１枚まで選び、公開して手札に加え、山札をシャッフルする。加えたなら、このユニットをソウルに置く。,峰打ちで済ましたいんだけどねっ！,Patefaction Angel,https://cardfight.fandom.com/wiki/Patefaction_Angel,VGE-DZ-BT14,DZ-BT14/061,80,,true
ブースターパック 【DZ-BT14】「赫月ノ使者」 2026/04/10(金) 発売 収録国家：ドラゴンエンパイア、ダークステイツ、ブラントゲート、ケテルサンクチュアリ、ストイケイア、リリカルモナステリオ,294,DZ-BT14/062,Bel-Fiore アプレナ,（ベル-フィオーレ アプレナ）,https://cf-vanguard.com/cardlist/?cardno=DZ-BT14/062&expansion=294&view=image,https://cf-vanguard.com/wordpress/wp-content/images/cardlist/DZ-BT14/dzbt14_062.png,ノーマルユニット,ケテルサンクチュアリ,ヒューマン,グレード 1,パワー 8000,クリティカル 1,シールド 5000,ブースト,-,スタンダード,R,大居シシィ,【自】【オーダーゾーン】：相手がオーダーをプレイした時、【コスト】[このカードをバインドする]ことで、１枚引く。そのターン中、あなたはこのカードと同名のカードの【自】能力のコストを払えない。【永】【(R)】：このターンに、相手がオーダーをプレイしていて、このユニットがあなたのカードの能力で登場しているなら、このユニットのパワー＋10000。,お姉ちゃ……いえ！侍女長みたく、立派にお役目果たします！,"Bel-Fiore, Aprena","https://cardfight.fandom.com/wiki/Bel-Fiore,_Aprena",VGE-DZ-BT14,DZ-BT14/062,80,,true
ブースターパック 【DZ-BT14】「赫月ノ使者」 2026/04/10(金) 発売 収録国家：ドラゴンエンパイア、ダークステイツ、ブラントゲート、ケテルサンクチュアリ、ストイケイア、リリカルモナステリオ,294,DZ-BT14/063,樹角獣 スクレル,（ジュカクジュウ スクレル）,https://cf-vanguard.com/cardlist/?cardno=DZ-BT14/063&expansion=294&view=image,https://cf-vanguard.com/wordpress/wp-content/images/cardlist/DZ-BT14/dzbt14_063.png,ノーマルユニット,ストイケイア,ハイビースト,グレード 2,パワー 10000,クリティカル 1,シールド 5000,インターセプト,-,スタンダード,R,カエルDX,【自】：クリティカル２以上のユニットがアタックしているバトルでこのユニットが(G)に置かれた時、あなたのヴァンガードが「樹角獣」を含むなら、【コスト】[【エネルギーブラスト】(2)]することで、そのバトル中、このユニットのシールド＋15000。,遊びまわっているけれど、やるときはやる！らしい。,"Sylvan Horned Beast, Skrele","https://cardfight.fandom.com/wiki/Sylvan_Horned_Beast,_Skrele",VGE-DZ-BT14,DZ-BT14/063,80,,true
ブースターパック 【DZ-BT14】「赫月ノ使者」 2026/04/10(金) 発売 収録国家：ドラゴンエンパイア、ダークステイツ、ブラントゲート、ケテルサンクチュアリ、ストイケイア、リリカルモナステリオ,294,DZ-BT14/064,照験の学徒 シーグナ,（ショウケンノガクト シーグナ）,https://cf-vanguard.com/cardlist/?cardno=DZ-BT14/064&expansion=294&view=image,https://cf-vanguard.com/wordpress/wp-content/images/cardlist/DZ-BT14/dzbt14_064.png,ノーマルユニット,ストイケイア,ワービースト/幻影,グレード 1,パワー 8000,クリティカル 1,シールド 5000,ブースト,-,スタンダード,R,ゆずしお,【自】：このユニットが(R)に登場した時、あなたのヴァンガードが「ゼーリス」を含むなら、あなたの山札を上から３枚見て、１枚まで選び、捨て、山札をシャッフルする。【永】【(G)】：あなたのヴァンガードが「ゼーリス」を含むなら、このユニットのシールド＋5000。,君にも判る？この湖が、底知れない魔力を秘めてるって。,"Student of Illumination, Ciygna","https://cardfight.fandom.com/wiki/Student_of_Illumination,_Ciygna",VGE-DZ-BT14,DZ-BT14/064,80,,true
ブースターパック 【DZ-BT14】「赫月ノ使者」 2026/04/10(金) 発売 収録国家：ドラゴンエンパイア、ダークステイツ、ブラントゲート、ケテルサンクチュアリ、ストイケイア、リリカルモナステリオ,294,DZ-BT14/065,ニンニン・ジンギー,（ニンニン・ジンギー）,https://cf-vanguard.com/cardlist/?cardno=DZ-BT14/065&expansion=294&view=image,https://cf-vanguard.com/wordpress/wp-content/images/cardlist/DZ-BT14/dzbt14_065.png,ノーマルユニット,ストイケイア,ドリアード,グレード 1,パワー 8000,クリティカル 1,シールド 5000,ブースト,-,スタンダード,R,IRIA,【自】【(R)】：このユニットがブーストした時、あなたのヴァンガードがグレード３以上なら、【コスト】[ドロップからノーマルオーダーを１枚山札の下に置く]ことで、そのバトル中、このユニットのパワー＋5000。,小さな苗を守るのが、俺の仁義だ！,Nin-Nin Zingy,https://cardfight.fandom.com/wiki/Nin-Nin_Zingy,VGE-DZ-BT14,DZ-BT14/065,80,,true
ブースターパック 【DZ-BT14】「赫月ノ使者」 2026/04/10(金) 発売 収録国家：ドラゴンエンパイア、ダークステイツ、ブラントゲート、ケテルサンクチュアリ、ストイケイア、リリカルモナステリオ,294,DZ-BT14/066,泡沫の極大魔法 グリド・ラディアール,（ファントム・グランマギア グリド・ラディアール）,https://cf-vanguard.com/cardlist/?cardno=DZ-BT14/066&expansion=294&view=image,https://cf-vanguard.com/wordpress/wp-content/images/cardlist/DZ-BT14/dzbt14_066.png,ノーマルオーダー,ストイケイア,極大魔法,グレード 3,パワー -,クリティカル -,シールド -,-,-,スタンダード,R,BISAI,このカードはドロップからでもプレイでき、あなたのヴァンガードが「泡沫の大魔法師 ゼーリス “幻影”」なら、【コスト】[【ソウルブラスト】(1)]することでプレイできる！このカードをバインドし、そのターン中、あなたのヴァンガードは『【永】【(V)】：あなたの〈幻影〉のユニットすべてのパワー＋5000。あなたのバインドゾーンに「泡沫の極大魔法 グリド・ラディアール」が３枚以上なら、＋5000ではなく＋10000。』を得る。【永】：このカードはこのカードの能力以外でバインドされず、あなたのヴァンガードが「ゼーリス」を含むなら、このカードが赫月カードの能力で山札から公開されている間、このカードは赫月カードとして扱う。,水よ、母なる恵みをここに。空よ、遥かなる青をここに。雲よ、星の営みをここに。しかして活性せよ、生命の源。,"Fantum Gran Magick, Glid Radeaur","https://cardfight.fandom.com/wiki/Fantum_Gran_Magick,_Glid_Radeaur",VGE-DZ-BT14,DZ-BT14/066,80,,true
ブースターパック 【DZ-BT14】「赫月ノ使者」 2026/04/10(金) 発売 収録国家：ドラゴンエンパイア、ダークステイツ、ブラントゲート、ケテルサンクチュアリ、ストイケイア、リリカルモナステリオ,294,DZ-BT14/067,X-CeeDaNCe ニュイ・エーラス,（イクシーダンス ニュイ・エーラス）,https://cf-vanguard.com/cardlist/?cardno=DZ-BT14/067&expansion=294&view=image,https://cf-vanguard.com/wordpress/wp-content/images/cardlist/DZ-BT14/dzbt14_067.png,ノーマルユニット,リリカルモナステリオ,ヒューマン/幻影,グレード 1,パワー 8000,クリティカル 1,シールド 5000,ブースト,-,スタンダード,R,カエルDX,【自】：あなたのターンにこのカードが自己改修ゲージとして置かれた時、あなたの自己改修ゲージが２枚以上で、このターンにこのカードと同名のあなたの他のカードが自己改修ゲージとして置かれていないなら、以下を１つ行う。４枚以上なら、１つではなくすべて行う。・【カウンターチャージ】(1)。・あなたのドロップから「X-CeeDaNCe」を含むカードを１枚選び、ソウルに置く。,それは、新時代の幕開けを告げる鮮烈なステージ。,"X-CeeDaNCe, Nyui Eiras","https://cardfight.fandom.com/wiki/X-CeeDaNCe,_Nyui_Eiras",VGE-DZ-BT14,DZ-BT14/067,80,,true
ブースターパック 【DZ-BT14】「赫月ノ使者」 2026/04/10(金) 発売 収録国家：ドラゴンエンパイア、ダークステイツ、ブラントゲート、ケテルサンクチュアリ、ストイケイア、リリカルモナステリオ,294,DZ-BT14/068,X-CeeDaNCe レダ・ティスプル,（イクシーダンス レダ・ティスプル）,https://cf-vanguard.com/cardlist/?cardno=DZ-BT14/068&expansion=294&view=image,https://cf-vanguard.com/wordpress/wp-content/images/cardlist/DZ-BT14/dzbt14_068.png,ノーマルユニット,リリカルモナステリオ,ヒューマン/幻影,グレード 1,パワー 8000,クリティカル 1,シールド 5000,ブースト,-,スタンダード,R,徳之ゆいか,【自】：あなたのターンにこのカードが自己改修ゲージとして置かれた時、あなたのユニットを１枚選び、そのターン中、パワー＋5000。【永】【(G)】：あなたの自己改修ゲージが２枚以上なら、このユニットのシールド＋5000。,まさかぁ……ついてこれないなんて、言わないよね♡,"X-CeeDaNCe, Leda Tisple","https://cardfight.fandom.com/wiki/X-CeeDaNCe,_Leda_Tisple",VGE-DZ-BT14,DZ-BT14/068,80,,true
ブースターパック 【DZ-BT14】「赫月ノ使者」 2026/04/10(金) 発売 収録国家：ドラゴンエンパイア、ダークステイツ、ブラントゲート、ケテルサンクチュアリ、ストイケイア、リリカルモナステリオ,294,DZ-BT14/069,テンダープッシュ アピュイル,（テンダープッシュ アピュイル）,https://cf-vanguard.com/cardlist/?cardno=DZ-BT14/069&expansion=294&view=image,https://cf-vanguard.com/wordpress/wp-content/images/cardlist/DZ-BT14/dzbt14_069.png,ノーマルユニット,リリカルモナステリオ,マーメイド,グレード 1,パワー 8000,クリティカル 1,シールド 5000,ブースト,-,スタンダード,R,つるぎ輝,【自】：あなたの他のリアガードがこのユニットと同じ縦列の(R)から手札に戻された時、あなたのヴァンガードが「Astesice」を含むなら、【コスト】[このユニットをソウルに置く]ことで、１枚引く。,目に見えずとも、歌には背中を押す力がある。,"Tender Push, Appuil","https://cardfight.fandom.com/wiki/Tender_Push,_Appuil",VGE-DZ-BT14,DZ-BT14/069,80,,true
ブースターパック 【DZ-BT14】「赫月ノ使者」 2026/04/10(金) 発売 収録国家：ドラゴンエンパイア、ダークステイツ、ブラントゲート、ケテルサンクチュアリ、ストイケイア、リリカルモナステリオ,294,DZ-BT14/070,LettiaMateS マルフェル,（レティアメイツ マルフェル）,https://cf-vanguard.com/cardlist/?cardno=DZ-BT14/070&expansion=294&view=image,https://cf-vanguard.com/wordpress/wp-content/images/cardlist/DZ-BT14/dzbt14_070.png,ノーマルユニット,リリカルモナステリオ,ワービースト/幻影,グレード 1,パワー 8000,クリティカル 1,シールド 5000,ブースト,-,スタンダード,R,ドドタ,【自】：このユニットが手札から(G)に置かれた時、【コスト】[【カウンターブラスト】(1)]することで、このユニットと別名の「LettiaMateS」を含むあなたのガーディアンを１枚選び、そのターン中、『【自】：このユニットが(G)から退却した時、このカードを手札に加える。』を与え、シールド＋5000。,今日習ったとこ、あんたもちゃんと復習しとくのよ。,"LettiaMateS, Marfer","https://cardfight.fandom.com/wiki/LettiaMateS,_Marfer",VGE-DZ-BT14,DZ-BT14/070,80,,true
ブースターパック 【DZ-BT14】「赫月ノ使者」 2026/04/10(金) 発売 収録国家：ドラゴンエンパイア、ダークステイツ、ブラントゲート、ケテルサンクチュアリ、ストイケイア、リリカルモナステリオ,294,DZ-BT14/071,惑星を覆うは赫き病み,（ホシヲオオウハアカキヤミ）,https://cf-vanguard.com/cardlist/?cardno=DZ-BT14/071&expansion=294&view=image,https://cf-vanguard.com/wordpress/wp-content/images/cardlist/DZ-BT14/dzbt14_071.png,ノーマルオーダー,-,赫月,グレード 1,パワー -,クリティカル -,シールド -,-,-,スタンダード,R,ひじ,あなたのヴァンガードが〈幻影〉ならプレイできる！あなたの山札を上から５枚見て、１枚まで選び、公開し、以下を１つ行い、山札をシャッフルする。・公開したカードがあなたのヴァンガードのグレード以下のユニットカードなら、(R)にコールする。・公開したカードが赫月カードなら、手札に加える。【永】：このカードは「赫月光」として扱い、あなたの【ファントムスキル】能力のコスト以外でバインドされない。【永】【バインドゾーン】：このカードはいずれかのカードの能力で、選べず、他の領域に移動できない。【起】【ダメージゾーン】：【コスト】[このカードをドロップに置く]ことで、あなたの山札を上から１枚ダメージゾーンに置く。,赫き月の光が差し――惑星は病み、万人を狂わせる。,Enveloping the Planet is a Crimson Disease,https://cardfight.fandom.com/wiki/Enveloping_the_Planet_is_a_Crimson_Disease,VGE-DZ-BT14,DZ-BT14/071,220,,true
ブースターパック 【DZ-BT14】「赫月ノ使者」 2026/04/10(金) 発売 収録国家：ドラゴンエンパイア、ダークステイツ、ブラントゲート、ケテルサンクチュアリ、ストイケイア、リリカルモナステリオ,294,DZ-BT14/072,エンフォールドベロウ・ドラゴン,（エンフォールドベロウ・ドラゴン）,https://cf-vanguard.com/cardlist/?cardno=DZ-BT14/072&expansion=294&view=image,https://cf-vanguard.com/wordpress/wp-content/images/cardlist/DZ-BT14/dzbt14_072.png,ノーマルユニット,ドラゴンエンパイア,フレイムドラゴン,グレード 3,パワー 13000,クリティカル 1,シールド -,ツインドライブ、ペルソナライド,-,スタンダード,C,ロブジャ,【自】【(R)】：あなたのダメージゾーン１枚につき、このコストで払う【エネルギーブラスト】は(1)減る。このユニットがアタックした時、【コスト】[【エネルギーブラスト】(5)]することで、そのバトル中、このユニットのパワー＋10000。,灼熱を纏う咆哮が、周囲一帯を灰へと変える。,Enfold Bellow Dragon,https://cardfight.fandom.com/wiki/Enfold_Bellow_Dragon,VGE-DZ-BT14,DZ-BT14/072,50,,true
ブースターパック 【DZ-BT14】「赫月ノ使者」 2026/04/10(金) 発売 収録国家：ドラゴンエンパイア、ダークステイツ、ブラントゲート、ケテルサンクチュアリ、ストイケイア、リリカルモナステリオ,294,DZ-BT14/073,ヴァンダリズム・ドラゴン,（ヴァンダリズム・ドラゴン）,https://cf-vanguard.com/cardlist/?cardno=DZ-BT14/073&expansion=294&view=image,https://cf-vanguard.com/wordpress/wp-content/images/cardlist/DZ-BT14/dzbt14_073.png,ノーマルユニット,ドラゴンエンパイア,フレイムドラゴン/幻影,グレード 2,パワー 10000,クリティカル 1,シールド 5000,インターセプト,-,スタンダード,C,茄子乃,【永】【ドロップ】：あなたのいずれかの能力で種族に〈ドラゴン〉を含むあなたのドロップを数える際、このカードを２枚分として数える。【永】【(R)/(G)】：あなたのヴァンガードが「ユースベルク」を含むグレード３以上なら、このユニットのパワー＋5000/シールド＋5000。（相手ターンも有効）,赫き竜殺しが往くは、血と骸から成る怨讐の路。,Vandalism Dragon,https://cardfight.fandom.com/wiki/Vandalism_Dragon,VGE-DZ-BT14,DZ-BT14/073,50,,true
ブースターパック 【DZ-BT14】「赫月ノ使者」 2026/04/10(金) 発売 収録国家：ドラゴンエンパイア、ダークステイツ、ブラントゲート、ケテルサンクチュアリ、ストイケイア、リリカルモナステリオ,294,DZ-BT14/074,赫怒のドラグスレイヤー ユース,（カクドノドラグスレイヤー ユース）,https://cf-vanguard.com/cardlist/?cardno=DZ-BT14/074&expansion=294&view=image,https://cf-vanguard.com/wordpress/wp-content/images/cardlist/DZ-BT14/dzbt14_074.png,ノーマルユニット,ドラゴンエンパイア,ヒューマン/幻影,グレード 2,パワー 10000,クリティカル 1,シールド 5000,インターセプト,-,スタンダード,C,萩谷薫,【自】：このユニットが【ドラグドレス】能力を持つグレード３にライドされた時、【コスト】[【エネルギーブラスト】(3)]することで、あなたのドロップからグレード２以上を１枚選び、手札に加える。,復讐を遂げて尚、赫怒に灼かれし魂は滅龍を求めた。,"Crimson Wrath Dragslayer, Youth","https://cardfight.fandom.com/wiki/Crimson_Wrath_Dragslayer,_Youth",VGE-DZ-BT14,DZ-BT14/074,50,,true
ブースターパック 【DZ-BT14】「赫月ノ使者」 2026/04/10(金) 発売 収録国家：ドラゴンエンパイア、ダークステイツ、ブラントゲート、ケテルサンクチュアリ、ストイケイア、リリカルモナステリオ,294,DZ-BT14/075,トラサイズ・ドラゴン,（トラサイズ・ドラゴン）,https://cf-vanguard.com/cardlist/?cardno=DZ-BT14/075&expansion=294&view=image,https://cf-vanguard.com/wordpress/wp-content/images/cardlist/DZ-BT14/dzbt14_075.png,ノーマルユニット,ドラゴンエンパイア,フレイムドラゴン/幻影,グレード 2,パワー 10000,クリティカル 1,シールド 5000,インターセプト,-,スタンダード,C,スペアリブ,【自】：あなたのターンにこのカードがあなたのヴァンガードの能力で手札から捨てられた時、あなたのヴァンガードが「ユースベルク」を含むグレード３以上なら、【コスト】[このカードをソウルに置く]ことで、そのターン中、あなたのヴァンガードのパワー＋5000。,貴様は、その果てに何を視るのだッ！！,Trusscythe Dragon,https://cardfight.fandom.com/wiki/Trusscythe_Dragon,VGE-DZ-BT14,DZ-BT14/075,50,,true
ブースターパック 【DZ-BT14】「赫月ノ使者」 2026/04/10(金) 発売 収録国家：ドラゴンエンパイア、ダークステイツ、ブラントゲート、ケテルサンクチュアリ、ストイケイア、リリカルモナステリオ,294,DZ-BT14/076,噴壊竜 スピノオディナス,（フンカイリュウ スピノオディナス）,https://cf-vanguard.com/cardlist/?cardno=DZ-BT14/076&expansion=294&view=image,https://cf-vanguard.com/wordpress/wp-content/images/cardlist/DZ-BT14/dzbt14_076.png,ノーマルユニット,ドラゴンエンパイア,ディノドラゴン,グレード 2,パワー 10000,クリティカル 1,シールド 5000,インターセプト,-,スタンダード,C,IWAO,【自】【(R)】【ターン1回】：このユニットがアタックした時、相手のヴァンガードがグレード３以上なら、【コスト】[【エネルギーブラスト】(3)]することで、相手は自分のドロップから１枚選び、バインドし、そのバトル中、このユニットのパワー＋5000。この効果でトリガーカードがバインドされたなら、＋5000ではなく＋10000。,その砲弾に慈悲はなく、容赦なく破壊するのみ。,"Eruption Fire Dragon, Spinodinas","https://cardfight.fandom.com/wiki/Eruption_Fire_Dragon,_Spinodinas",VGE-DZ-BT14,DZ-BT14/076,50,,true
ブースターパック 【DZ-BT14】「赫月ノ使者」 2026/04/10(金) 発売 収録国家：ドラゴンエンパイア、ダークステイツ、ブラントゲート、ケテルサンクチュアリ、ストイケイア、リリカルモナステリオ,294,DZ-BT14/077,烈鱗の炎熱刃 ファービッド,（レツリンノエンネツジン ファービッド）,https://cf-vanguard.com/cardlist/?cardno=DZ-BT14/077&expansion=294&view=image,https://cf-vanguard.com/wordpress/wp-content/images/cardlist/DZ-BT14/dzbt14_077.png,ノーマルユニット,ドラゴンエンパイア,ドラゴロイド,グレード 2,パワー 10000,クリティカル 1,シールド 5000,インターセプト,-,スタンダード,C,タダ,【自】【(R)】：このユニットがグレード３以上にアタックした時、このターンにあなたがオーダーをプレイしているなら、【コスト】[【ソウルブラスト】(1)]することで、そのバトル中、このユニットのパワー＋10000。,滾ってきたぜ。存分に味わってくれ、俺の「熱」を。,"Inferno Blade of Blazing Scales, Farbid","https://cardfight.fandom.com/wiki/Inferno_Blade_of_Blazing_Scales,_Farbid",VGE-DZ-BT14,DZ-BT14/077,50,,true
ブースターパック 【DZ-BT14】「赫月ノ使者」 2026/04/10(金) 発売 収録国家：ドラゴンエンパイア、ダークステイツ、ブラントゲート、ケテルサンクチュアリ、ストイケイア、リリカルモナステリオ,294,DZ-BT14/078,忍妖 カワイタチ,（ニンヨウ カワイタチ）,https://cf-vanguard.com/cardlist/?cardno=DZ-BT14/078&expansion=294&view=image,https://cf-vanguard.com/wordpress/wp-content/images/cardlist/DZ-BT14/dzbt14_078.png,ノーマルユニット,ドラゴンエンパイア,ゴースト,グレード 1,パワー 8000,クリティカル 1,シールド 5000,ブースト,-,スタンダード,C,豆沢,【自】：あなたのターンにこのユニットが手札以外から(R)に登場した時、あなたのヴァンガードがグレード３以上なら、【ソウルチャージ】(1)してよい。さらに相手のヴァンガードがグレード３以上なら、そのターン中、このユニットのパワー＋5000。,可愛さに気を取られると、一瞬で首を取られる。,"Stealth Fiend, Kawaitachi","https://cardfight.fandom.com/wiki/Stealth_Fiend,_Kawaitachi",VGE-DZ-BT14,DZ-BT14/078,50,,true
ブースターパック 【DZ-BT14】「赫月ノ使者」 2026/04/10(金) 発売 収録国家：ドラゴンエンパイア、ダークステイツ、ブラントゲート、ケテルサンクチュアリ、ストイケイア、リリカルモナステリオ,294,DZ-BT14/079,滅龍の意志 ユース,（メツリュウノイシ ユース）,https://cf-vanguard.com/cardlist/?cardno=DZ-BT14/079&expansion=294&view=image,https://cf-vanguard.com/wordpress/wp-content/images/cardlist/DZ-BT14/dzbt14_079.png,ノーマルユニット,ドラゴンエンパイア,ヒューマン/幻影,グレード 1,パワー 8000,クリティカル 1,シールド 5000,ブースト,-,スタンダード,C,萩谷薫,【自】：このユニットが「寂寞の孤影 ユース」からライドして登場した時、あなたの山札を上から７枚見て、「ユースベルク」を含むカードか、赫月カードを１枚まで選び、公開して手札に加え、山札をシャッフルする。,一つ、また一つと、竜の屍を積み上げていく。,"Will of the Destruction Dragon, Youth","https://cardfight.fandom.com/wiki/Will_of_the_Destruction_Dragon,_Youth",VGE-DZ-BT14,DZ-BT14/079,50,,true
ブースターパック 【DZ-BT14】「赫月ノ使者」 2026/04/10(金) 発売 収録国家：ドラゴンエンパイア、ダークステイツ、ブラントゲート、ケテルサンクチュアリ、ストイケイア、リリカルモナステリオ,294,DZ-BT14/080,寂寞の孤影 ユース,（セキバクノコエイ ユース）,https://cf-vanguard.com/cardlist/?cardno=DZ-BT14/080&expansion=294&view=image,https://cf-vanguard.com/wordpress/wp-content/images/cardlist/DZ-BT14/dzbt14_080.png,ノーマルユニット,ドラゴンエンパイア,ヒューマン/幻影,グレード 0,パワー 6000,クリティカル 1,シールド 5000,ブースト,-,スタンダード,C,萩谷薫,【自】：このユニットがライドされた時、あなたが後攻なら、１枚引く。,荒野に独り。父を殺した仇を探して。,"Desolation of Loneliness, Youth","https://cardfight.fandom.com/wiki/Desolation_of_Loneliness,_Youth",VGE-DZ-BT14,DZ-BT14/080,50,,true
ブースターパック 【DZ-BT14】「赫月ノ使者」 2026/04/10(金) 発売 収録国家：ドラゴンエンパイア、ダークステイツ、ブラントゲート、ケテルサンクチュアリ、ストイケイア、リリカルモナステリオ,294,DZ-BT14/081,サファー・デヴォアラー,（サファー・デヴォアラー）,https://cf-vanguard.com/cardlist/?cardno=DZ-BT14/081&expansion=294&view=image,https://cf-vanguard.com/wordpress/wp-content/images/cardlist/DZ-BT14/dzbt14_081.png,ノーマルユニット,ダークステイツ,デーモン,グレード 3,パワー 13000,クリティカル 1,シールド -,ツインドライブ、ペルソナライド,-,スタンダード,C,song qijin,【自】【(R)】：あなたのダメージゾーン１枚につき、このコストで払う【エネルギーブラスト】は(1)減る。このユニットがアタックした時、【コスト】[【エネルギーブラスト】(5)]することで、そのバトル中、このユニットのパワー＋10000。,痛みを愉しみ生命を啜る。奴の飢えに終わりはない。,Suffer Devourer,https://cardfight.fandom.com/wiki/Suffer_Devourer,VGE-DZ-BT14,DZ-BT14/081,50,,true
ブースターパック 【DZ-BT14】「赫月ノ使者」 2026/04/10(金) 発売 収録国家：ドラゴンエンパイア、ダークステイツ、ブラントゲート、ケテルサンクチュアリ、ストイケイア、リリカルモナステリオ,294,DZ-BT14/082,アテインメント・ドラゴン,（アテインメント・ドラゴン）,https://cf-vanguard.com/cardlist/?cardno=DZ-BT14/082&expansion=294&view=image,https://cf-vanguard.com/wordpress/wp-content/images/cardlist/DZ-BT14/dzbt14_082.png,ノーマルユニット,ダークステイツ,アビスドラゴン/幻影,グレード 2,パワー 10000,クリティカル 1,シールド 5000,インターセプト,-,スタンダード,C,イトウヨウイチ,【自】：このユニットが「ガブエリウス」を含むグレード３にライドされた時、あなたの山札を上から３枚見て、１枚選び、手札に加え、１枚まで選び、捨て、残りを山札の下に望む順で置く。【永】【(R)】：あなたのターン中、あなたのヴァンガードが「ガブエリウス」を含むグレード３以上なら、このユニットのパワー＋5000。,主が大願を成就せんと、黒竜は無類の力を振るう。,Attainment Dragon,https://cardfight.fandom.com/wiki/Attainment_Dragon,VGE-DZ-BT14,DZ-BT14/082,50,,true
ブースターパック 【DZ-BT14】「赫月ノ使者」 2026/04/10(金) 発売 収録国家：ドラゴンエンパイア、ダークステイツ、ブラントゲート、ケテルサンクチュアリ、ストイケイア、リリカルモナステリオ,294,DZ-BT14/083,スキュアード・ヴィルトーゾ,（スキュアード・ヴィルトーゾ）,https://cf-vanguard.com/cardlist/?cardno=DZ-BT14/083&expansion=294&view=image,https://cf-vanguard.com/wordpress/wp-content/images/cardlist/DZ-BT14/dzbt14_083.png,ノーマルユニット,ダークステイツ,デーモン,グレード 2,パワー 10000,クリティカル 1,シールド 5000,インターセプト,-,スタンダード,C,douzen,【自】【(R)】：このユニットがグレード３以上にアタックした時、このターンにあなたがオーダーをプレイしているなら、【コスト】[【ソウルブラスト】(1)]することで、そのバトル中、このユニットのパワー＋10000。,聴かせてやろう……魂が貫かれる音を……。,Skewered Virtuoso,https://cardfight.fandom.com/wiki/Skewered_Virtuoso,VGE-DZ-BT14,DZ-BT14/083,50,,true
ブースターパック 【DZ-BT14】「赫月ノ使者」 2026/04/10(金) 発売 収録国家：ドラゴンエンパイア、ダークステイツ、ブラントゲート、ケテルサンクチュアリ、ストイケイア、リリカルモナステリオ,294,DZ-BT14/084,ディヴォーション・ドラゴン,（ディヴォーション・ドラゴン）,https://cf-vanguard.com/cardlist/?cardno=DZ-BT14/084&expansion=294&view=image,https://cf-vanguard.com/wordpress/wp-content/images/cardlist/DZ-BT14/dzbt14_084.png,ノーマルユニット,ダークステイツ,アビスドラゴン/幻影,グレード 2,パワー 10000,クリティカル 1,シールド 5000,インターセプト,-,スタンダード,C,月見里大樹,【自】：このユニットが「ガブエリウス」を含むグレード３以上のあなたのヴァンガードの能力で(R)からソウルに置かれた時、あなたのユニットを１枚選び、そのターン中、パワー＋5000。あなたのバインドゾーンに赫月カードが２枚以上なら、１枚ではなく、２枚選ぶ。,我が魂の咆哮を聞け。,Devotion Dragon,https://cardfight.fandom.com/wiki/Devotion_Dragon,VGE-DZ-BT14,DZ-BT14/084,50,,true
ブースターパック 【DZ-BT14】「赫月ノ使者」 2026/04/10(金) 発売 収録国家：ドラゴンエンパイア、ダークステイツ、ブラントゲート、ケテルサンクチュアリ、ストイケイア、リリカルモナステリオ,294,DZ-BT14/085,アドーリング・ドラゴン,（アドーリング・ドラゴン）,https://cf-vanguard.com/cardlist/?cardno=DZ-BT14/085&expansion=294&view=image,https://cf-vanguard.com/wordpress/wp-content/images/cardlist/DZ-BT14/dzbt14_085.png,ノーマルユニット,ダークステイツ,アビスドラゴン/幻影,グレード 1,パワー 8000,クリティカル 1,シールド 5000,ブースト,-,スタンダード,C,YUKI,【起】【ドロップ】：【コスト】[ドロップからこのカードと同名の他のカードを１枚バインドする]ことで、このカードを(R)にコールする。,無論、強きを崇めるは必定だ。,Adoring Dragon,https://cardfight.fandom.com/wiki/Adoring_Dragon,VGE-DZ-BT14,DZ-BT14/085,50,,true
ブースターパック 【DZ-BT14】「赫月ノ使者」 2026/04/10(金) 発売 収録国家：ドラゴンエンパイア、ダークステイツ、ブラントゲート、ケテルサンクチュアリ、ストイケイア、リリカルモナステリオ,294,DZ-BT14/086,サラウンド・シュベリアス,（サラウンド・シュベリアス）,https://cf-vanguard.com/cardlist/?cardno=DZ-BT14/086&expansion=294&view=image,https://cf-vanguard.com/wordpress/wp-content/images/cardlist/DZ-BT14/dzbt14_086.png,ノーマルユニット,ダークステイツ,キメラ,グレード 1,パワー 8000,クリティカル 1,シールド 5000,ブースト,-,スタンダード,C,獏狗,【自】：あなたのターンにこのユニットが手札から(R)に登場した時、あなたの山札を上から１枚公開し、それがトリガーカードなら、次の相手のターン終了時まで、このユニットは『【自】【(R)】：あなたのヴァンガードがアタックされた時、【コスト】[このユニットを退却させる]ことで、そのバトル中、そのユニットのパワー＋5000。』を得る。公開されたカードをソウルに置くか、捨てる。,荒ぶる衝動を青き爪に宿し、異形の獣が絶望を刻む。,Surround Schuberias,https://cardfight.fandom.com/wiki/Surround_Schuberias,VGE-DZ-BT14,DZ-BT14/086,50,,true
ブースターパック 【DZ-BT14】「赫月ノ使者」 2026/04/10(金) 発売 収録国家：ドラゴンエンパイア、ダークステイツ、ブラントゲート、ケテルサンクチュアリ、ストイケイア、リリカルモナステリオ,294,DZ-BT14/087,浮戯の魔道士 レビッテ,（フギノマドウシ レビッテ）,https://cf-vanguard.com/cardlist/?cardno=DZ-BT14/087&expansion=294&view=image,https://cf-vanguard.com/wordpress/wp-content/images/cardlist/DZ-BT14/dzbt14_087.png,ノーマルユニット,ダークステイツ,ヒューマン,グレード 1,パワー 8000,クリティカル 1,シールド 5000,ブースト,-,スタンダード,C,にゃまそ,【自】：このユニットが(R)に登場した時、【ソウルチャージ】(1)し、トリガーカードが【ソウルチャージ】されたなら、【エネルギーチャージ】(1)。,あなたも一緒にふわふわする？,"Mage of Floating, Levitte","https://cardfight.fandom.com/wiki/Mage_of_Floating,_Levitte",VGE-DZ-BT14,DZ-BT14/087,50,,true
ブースターパック 【DZ-BT14】「赫月ノ使者」 2026/04/10(金) 発売 収録国家：ドラゴンエンパイア、ダークステイツ、ブラントゲート、ケテルサンクチュアリ、ストイケイア、リリカルモナステリオ,294,DZ-BT14/088,フルーシオン・ドラゴン,（フルーシオン・ドラゴン）,https://cf-vanguard.com/cardlist/?cardno=DZ-BT14/088&expansion=294&view=image,https://cf-vanguard.com/wordpress/wp-content/images/cardlist/DZ-BT14/dzbt14_088.png,ノーマルユニット,ダークステイツ,アビスドラゴン/幻影,グレード 1,パワー 8000,クリティカル 1,シールド 5000,ブースト,-,スタンダード,C,saikoro,【自】：このユニットが「アテインメント・ドラゴン」にライドされた時、【コスト】[【エネルギーブラスト】(3)]することで、あなたの山札から赫月カードを１枚まで探し、公開して手札に加え、山札をシャッフルする。【永】【(R)】：あなたのターン中、あなたのヴァンガードが「ガブエリウス」を含むグレード３以上なら、このユニットのパワー＋2000。,成果を上げよ。それが全てだ。,Fruition Dragon,https://cardfight.fandom.com/wiki/Fruition_Dragon,VGE-DZ-BT14,DZ-BT14/088,50,,true
ブースターパック 【DZ-BT14】「赫月ノ使者」 2026/04/10(金) 発売 収録国家：ドラゴンエンパイア、ダークステイツ、ブラントゲート、ケテルサンクチュアリ、ストイケイア、リリカルモナステリオ,294,DZ-BT14/089,アスピリング・ドラコキッド,（アスピリング・ドラコキッド）,https://cf-vanguard.com/cardlist/?cardno=DZ-BT14/089&expansion=294&view=image,https://cf-vanguard.com/wordpress/wp-content/images/cardlist/DZ-BT14/dzbt14_089.png,ノーマルユニット,ダークステイツ,アビスドラゴン/幻影,グレード 0,パワー 6000,クリティカル 1,シールド 5000,ブースト,-,スタンダード,C,豆沢,【自】：このユニットがライドされた時、あなたが後攻なら、１枚引く。,熱望のまま、果てを目指して。,Aspiring Dracokid,https://cardfight.fandom.com/wiki/Aspiring_Dracokid,VGE-DZ-BT14,DZ-BT14/089,50,,true
ブースターパック 【DZ-BT14】「赫月ノ使者」 2026/04/10(金) 発売 収録国家：ドラゴンエンパイア、ダークステイツ、ブラントゲート、ケテルサンクチュアリ、ストイケイア、リリカルモナステリオ,294,DZ-BT14/090,摂動の連鎖 ラディアルペリジー,（セツドウノレンサ ラディアルペリジー）,https://cf-vanguard.com/cardlist/?cardno=DZ-BT14/090&expansion=294&view=image,https://cf-vanguard.com/wordpress/wp-content/images/cardlist/DZ-BT14/dzbt14_090.png,ノーマルユニット,ブラントゲート,サイバロイド,グレード 2,パワー 10000,クリティカル 1,シールド 5000,インターセプト,-,スタンダード,C,OHSE,【自】【(R)】：このユニットがグレード３以上にアタックした時、このターンにあなたがオーダーをプレイしているなら、【コスト】[【ソウルブラスト】(1)]することで、そのバトル中、このユニットのパワー＋10000。,広がる摂動を掌握し、逃げ場なき衝撃を浴びせる。,"Linked Chains of Disturbance, Radialperigee","https://cardfight.fandom.com/wiki/Linked_Chains_of_Disturbance,_Radialperigee",VGE-DZ-BT14,DZ-BT14/090,50,,true
ブースターパック 【DZ-BT14】「赫月ノ使者」 2026/04/10(金) 発売 収録国家：ドラゴンエンパイア、ダークステイツ、ブラントゲート、ケテルサンクチュアリ、ストイケイア、リリカルモナステリオ,294,DZ-BT14/091,ブリッツキャリアー トゥラージェン,（ブリッツキャリアー トゥラージェン）,https://cf-vanguard.com/cardlist/?cardno=DZ-BT14/091&expansion=294&view=image,https://cf-vanguard.com/wordpress/wp-content/images/cardlist/DZ-BT14/dzbt14_091.png,ノーマルユニット,ブラントゲート,ワービースト,グレード 2,パワー 10000,クリティカル 1,シールド 5000,インターセプト,-,スタンダード,C,田口美穂,【自】：バトルフェイズ以外にこのユニットが(R)に登場した時、あなたのヴァンガードが「ヴェルストラ」を含むグレード３以上なら、【コスト】[手札から１枚捨てる]ことで、あなたのドロップからプロダクトカードを１枚選び、手札に加える。,物の流れを止める訳にはいかないだろ？,"Blitz Carrier, Turagen","https://cardfight.fandom.com/wiki/Blitz_Carrier,_Turagen",VGE-DZ-BT14,DZ-BT14/091,50,,true
ブースターパック 【DZ-BT14】「赫月ノ使者」 2026/04/10(金) 発売 収録国家：ドラゴンエンパイア、ダークステイツ、ブラントゲート、ケテルサンクチュアリ、ストイケイア、リリカルモナステリオ,294,DZ-BT14/092,裁秤大隊 ガトリングカノーネ・ドラゴン,（ライヴレイト ガトリングカノーネ・ドラゴン）,https://cf-vanguard.com/cardlist/?cardno=DZ-BT14/092&expansion=294&view=image,https://cf-vanguard.com/wordpress/wp-content/images/cardlist/DZ-BT14/dzbt14_092.png,ノーマルユニット,ブラントゲート,スペースドラゴン/幻影,グレード 2,パワー 10000,クリティカル 1,シールド 5000,インターセプト,-,スタンダード,C,ダイエクスト,【起】【(V)】【ターン1回】：【コスト】[ライドデッキから「アルグリーヴラ」を含むグレード３を１枚公開する]ことで、あなたのオーダーゾーンからプロダクトを１枚選び、稼働させる。【自】：このユニットが「アルグリーヴラ」を含むグレード３にライドされた時、【コスト】[このカードをオーダーゾーンに置く]ことで、あなたの山札からプロダクトカードを１枚まで探し、公開して手札に加え、山札をシャッフルする。【永】【オーダーゾーン】：このカードはセットオーダーとして扱い、「裁秤僚機」を含むあなたのリアガードすべては『インターセプト』を得て、後列からでもインターセプトできる。,弾幕張りつつ展開。現宙域を制圧せよ。,"Librate Battalion, Gatling Kanone Dragon","https://cardfight.fandom.com/wiki/Librate_Battalion,_Gatling_Kanone_Dragon",VGE-DZ-BT14,DZ-BT14/092,50,,true
ブースターパック 【DZ-BT14】「赫月ノ使者」 2026/04/10(金) 発売 収録国家：ドラゴンエンパイア、ダークステイツ、ブラントゲート、ケテルサンクチュアリ、ストイケイア、リリカルモナステリオ,294,DZ-BT14/093,裁秤大隊 ディフュージオン・ドラゴン,（ライヴレイト ディフュージオン・ドラゴン）,https://cf-vanguard.com/cardlist/?cardno=DZ-BT14/093&expansion=294&view=image,https://cf-vanguard.com/wordpress/wp-content/images/cardlist/DZ-BT14/dzbt14_093.png,ノーマルユニット,ブラントゲート,スペースドラゴン/幻影,グレード 2,パワー 10000,クリティカル 1,シールド 5000,インターセプト,-,スタンダード,C,ハイシロ,【自】【(R)】：このユニットがアタックした時、あなたのヴァンガードが「アルグリーヴラ」を含むグレード３以上なら、そのバトル中、このユニットのパワー＋5000し、そのバトル終了時、【コスト】[【ソウルブラスト】(1)，このユニットを退却させる]ことで、あなたのドロップからプロダクトカードを１枚選び、オーダーゾーンに置く。,気を抜くな。まだ、次がある。,"Librate Battalion, Diffusion Dragon","https://cardfight.fandom.com/wiki/Librate_Battalion,_Diffusion_Dragon",VGE-DZ-BT14,DZ-BT14/093,50,,true
ブースターパック 【DZ-BT14】「赫月ノ使者」 2026/04/10(金) 発売 収録国家：ドラゴンエンパイア、ダークステイツ、ブラントゲート、ケテルサンクチュアリ、ストイケイア、リリカルモナステリオ,294,DZ-BT14/094,パッフィー・エモネーター,（パッフィー・エモネーター）,https://cf-vanguard.com/cardlist/?cardno=DZ-BT14/094&expansion=294&view=image,https://cf-vanguard.com/wordpress/wp-content/images/cardlist/DZ-BT14/dzbt14_094.png,ノーマルユニット,ブラントゲート,エイリアン,グレード 1,パワー 8000,クリティカル 1,シールド 5000,ブースト,-,スタンダード,C,ハタパグ,【自】：このユニットが手札から(R)に登場した時、あなたのヴァンガードがグレード３以上なら、あなたのドロップからセットオーダーを１枚まで選び、山札の下に置く。選んだなら、そのターン中、このユニットのパワー＋2000。,乾燥する季節。その電撃はどこの誰より恐ろしく。,Puffy Emanator,https://cardfight.fandom.com/wiki/Puffy_Emanator,VGE-DZ-BT14,DZ-BT14/094,50,,true
ブースターパック 【DZ-BT14】「赫月ノ使者」 2026/04/10(金) 発売 収録国家：ドラゴンエンパイア、ダークステイツ、ブラントゲート、ケテルサンクチュアリ、ストイケイア、リリカルモナステリオ,294,DZ-BT14/095,モビリティ・フラッガー,（モビリティ・フラッガー）,https://cf-vanguard.com/cardlist/?cardno=DZ-BT14/095&expansion=294&view=image,https://cf-vanguard.com/wordpress/wp-content/images/cardlist/DZ-BT14/dzbt14_095.png,ノーマルユニット,ブラントゲート,ワーカロイド,グレード 1,パワー 8000,クリティカル 1,シールド 5000,ブースト,-,スタンダード,C,saikoro,【自】：このユニットが(G)に置かれた時、アタックしているユニットがこのターンに手札以外から登場していて、あなたのオーダーゾーンが２枚以上なら、【コスト】[【ソウルブラスト】(1)]することで、そのバトル中、このユニットのシールド＋10000。,そこの車止まって！ってボクが止まれない～！？,Mobility Flagger,https://cardfight.fandom.com/wiki/Mobility_Flagger,VGE-DZ-BT14,DZ-BT14/095,50,,true
ブースターパック 【DZ-BT14】「赫月ノ使者」 2026/04/10(金) 発売 収録国家：ドラゴンエンパイア、ダークステイツ、ブラントゲート、ケテルサンクチュアリ、ストイケイア、リリカルモナステリオ,294,DZ-BT14/096,裁秤大隊 アウゲンブリック・ドラゴン,（ライヴレイト アウゲンブリック・ドラゴン）,https://cf-vanguard.com/cardlist/?cardno=DZ-BT14/096&expansion=294&view=image,https://cf-vanguard.com/wordpress/wp-content/images/cardlist/DZ-BT14/dzbt14_096.png,ノーマルユニット,ブラントゲート,スペースドラゴン/幻影,グレード 1,パワー 8000,クリティカル 1,シールド 5000,ブースト,-,スタンダード,C,近藤途轍,【永】【(R)/(G)】：あなたのヴァンガードが「アルグリーヴラ」を含むグレード３以上なら、このユニットのパワー＋5000/シールド＋5000。（相手ターンも有効）,一定の戦果を挙げ続ける。良き兵とはそういうものだ。,"Librate Battalion, Augenblick Dragon","https://cardfight.fandom.com/wiki/Librate_Battalion,_Augenblick_Dragon",VGE-DZ-BT14,DZ-BT14/096,50,,true
ブースターパック 【DZ-BT14】「赫月ノ使者」 2026/04/10(金) 発売 収録国家：ドラゴンエンパイア、ダークステイツ、ブラントゲート、ケテルサンクチュアリ、ストイケイア、リリカルモナステリオ,294,DZ-BT14/097,裁秤大隊 ラケーテンヴェルフ・ドラゴン,（ライヴレイト ラケーテンヴェルフ・ドラゴン）,https://cf-vanguard.com/cardlist/?cardno=DZ-BT14/097&expansion=294&view=image,https://cf-vanguard.com/wordpress/wp-content/images/cardlist/DZ-BT14/dzbt14_097.png,ノーマルユニット,ブラントゲート,スペースドラゴン/幻影,グレード 1,パワー 8000,クリティカル 1,シールド 5000,ブースト,-,スタンダード,C,イシバシヨウスケ,【自】：このユニットが「裁秤大隊 ゲヴェーアル・ドラゴン」からライドして登場した時、【コスト】[ライドデッキから「アルグリーヴラ」を含むグレード３を１枚公開する]ことで、あなたの山札を上から７枚見て、プロダクトカードか赫月カードを１枚まで選び、公開して手札に加え、山札をシャッフルする。【起】【ソウル】：あなたのヴァンガードが「アルグリーヴラ」を含むグレード３以上なら、【コスト】[このカードをオーダーゾーンに置く]ことで、あなたのドロップからプロダクトカードを１枚選び、オーダーゾーンに置く。,指令伝達。裁秤僚機、配置に就け。,"Librate Battalion, Raketenwerfer Dragon","https://cardfight.fandom.com/wiki/Librate_Battalion,_Raketenwerfer_Dragon",VGE-DZ-BT14,DZ-BT14/097,50,,true
ブースターパック 【DZ-BT14】「赫月ノ使者」 2026/04/10(金) 発売 収録国家：ドラゴンエンパイア、ダークステイツ、ブラントゲート、ケテルサンクチュアリ、ストイケイア、リリカルモナステリオ,294,DZ-BT14/098,裁秤大隊 ゲヴェーアル・ドラゴン,（ライヴレイト ゲヴェーアル・ドラゴン）,https://cf-vanguard.com/cardlist/?cardno=DZ-BT14/098&expansion=294&view=image,https://cf-vanguard.com/wordpress/wp-content/images/cardlist/DZ-BT14/dzbt14_098.png,ノーマルユニット,ブラントゲート,スペースドラゴン/幻影,グレード 0,パワー 6000,クリティカル 1,シールド 5000,ブースト,-,スタンダード,C,ToMo,【自】：このユニットがライドされた時、あなたが後攻なら、１枚引く。,裁秤大隊――出撃ッ！,"Librate Battalion, Gewehral Dragon","https://cardfight.fandom.com/wiki/Librate_Battalion,_Gewehral_Dragon",VGE-DZ-BT14,DZ-BT14/098,50,,true
ブースターパック 【DZ-BT14】「赫月ノ使者」 2026/04/10(金) 発売 収録国家：ドラゴンエンパイア、ダークステイツ、ブラントゲート、ケテルサンクチュアリ、ストイケイア、リリカルモナステリオ,294,DZ-BT14/099,サティスファイズ・ドラゴン,（サティスファイズ・ドラゴン）,https://cf-vanguard.com/cardlist/?cardno=DZ-BT14/099&expansion=294&view=image,https://cf-vanguard.com/wordpress/wp-content/images/cardlist/DZ-BT14/dzbt14_099.png,ノーマルユニット,ケテルサンクチュアリ,コスモドラゴン,グレード 2,パワー 10000,クリティカル 1,シールド 5000,インターセプト,-,スタンダード,C,てぉ,【自】【(R)】：このユニットがグレード３以上にアタックした時、このターンにあなたがオーダーをプレイしているなら、【コスト】[【ソウルブラスト】(1)]することで、そのバトル中、このユニットのパワー＋10000。,願いを込めて鍛えた剣で、民の想いに応えよう。,Satisfies Dragon,https://cardfight.fandom.com/wiki/Satisfies_Dragon,VGE-DZ-BT14,DZ-BT14/099,50,,true
ブースターパック 【DZ-BT14】「赫月ノ使者」 2026/04/10(金) 発売 収録国家：ドラゴンエンパイア、ダークステイツ、ブラントゲート、ケテルサンクチュアリ、ストイケイア、リリカルモナステリオ,294,DZ-BT14/100,Bel-Fiore ムゥヴィ,（ベル-フィオーレ ムゥヴィ）,https://cf-vanguard.com/cardlist/?cardno=DZ-BT14/100&expansion=294&view=image,https://cf-vanguard.com/wordpress/wp-content/images/cardlist/DZ-BT14/dzbt14_100.png,ノーマルユニット,ケテルサンクチュアリ,ヒューマン,グレード 2,パワー 10000,クリティカル 1,シールド 5000,インターセプト,-,スタンダード,C,みるちょ,【永】【(V)】：「Bel-Fiore」を含むあなたのリアガードすべては相手のカードの効果で選べない。【起】【(V)】【ターン1回】：【コスト】[【ソウルブラスト】(1)]することで、「Bel-Fiore」を含むグレード２以下のエンゲージされているあなたのカードを１枚選び、(R)にコールする。,当家が誇る刃金、その冴えを存分にご堪能くださいませ。,"Bel-Fiore, Muvie","https://cardfight.fandom.com/wiki/Bel-Fiore,_Muvie",VGE-DZ-BT14,DZ-BT14/100,50,,true
ブースターパック 【DZ-BT14】「赫月ノ使者」 2026/04/10(金) 発売 収録国家：ドラゴンエンパイア、ダークステイツ、ブラントゲート、ケテルサンクチュアリ、ストイケイア、リリカルモナステリオ,294,DZ-BT14/101,イルオーメンド・ドラゴン,（イルオーメンド・ドラゴン）,https://cf-vanguard.com/cardlist/?cardno=DZ-BT14/101&expansion=294&view=image,https://cf-vanguard.com/wordpress/wp-content/images/cardlist/DZ-BT14/dzbt14_101.png,ノーマルユニット,ケテルサンクチュアリ,コスモドラゴン/幻影,グレード 1,パワー 8000,クリティカル 1,シールド 5000,ブースト,-,スタンダード,C,スペアリブ,【自】：このユニットが(R)に登場した時、あなたのライドデッキから「ブラグドマイヤー」を含むグレード３を１枚選び、公開してよい。公開したか、あなたのヴァンガードが「ブラグドマイヤー」を含むグレード３以上で、このターンにこのカードと同名のあなたの他のリアガードが登場していないなら、あなたの山札を上から３枚見て、１枚まで選び、表でバインドし、山札をシャッフルする。,貴様の天運、此処に尽きたり。,Ill-omened Dragon,https://cardfight.fandom.com/wiki/Ill-omened_Dragon,VGE-DZ-BT14,DZ-BT14/101,50,,true
ブースターパック 【DZ-BT14】「赫月ノ使者」 2026/04/10(金) 発売 収録国家：ドラゴンエンパイア、ダークステイツ、ブラントゲート、ケテルサンクチュアリ、ストイケイア、リリカルモナステリオ,294,DZ-BT14/102,Bel-Fiore シオネ,（ベル-フィオーレ シオネ）,https://cf-vanguard.com/cardlist/?cardno=DZ-BT14/102&expansion=294&view=image,https://cf-vanguard.com/wordpress/wp-content/images/cardlist/DZ-BT14/dzbt14_102.png,ノーマルユニット,ケテルサンクチュアリ,ヒューマン,グレード 1,パワー 8000,クリティカル 1,シールド 5000,ブースト,-,スタンダード,C,樹人,【自】【(R)】：このユニットと同じ縦列の「Bel-Fiore」を含むあなたのユニットが【スタンド】した時、【コスト】[【ソウルブラスト】(1)]することで、このユニットを【スタンド】させる。【永】【(G)】：あなたのヴァンガードが「Bel-Fiore」を含むなら、このユニットのシールド＋5000。,Bel-Fiore――それは武器商人の名家ブロデイウェズ家に仕える侍女であり、私設の戦闘部隊でもある。,"Bel-Fiore, Shione","https://cardfight.fandom.com/wiki/Bel-Fiore,_Shione",VGE-DZ-BT14,DZ-BT14/102,50,,false
ブースターパック 【DZ-BT14】「赫月ノ使者」 2026/04/10(金) 発売 収録国家：ドラゴンエンパイア、ダークステイツ、ブラントゲート、ケテルサンクチュアリ、ストイケイア、リリカルモナステリオ,294,DZ-BT14/103,Bel-Fiore チカ,（ベル-フィオーレ チカ）,https://cf-vanguard.com/cardlist/?cardno=DZ-BT14/103&expansion=294&view=image,https://cf-vanguard.com/wordpress/wp-content/images/cardlist/DZ-BT14/dzbt14_103.png,ノーマルユニット,ケテルサンクチュアリ,ヒューマン,グレード 1,パワー 8000,クリティカル 1,シールド 5000,ブースト,-,スタンダード,C,しちがつ,【自】：このユニットが「Bel-Fiore プロア」からライドして登場した時、【コスト】[ライドデッキから「Bel-Fiore」を含むグレード３を１枚公開する]ことで、あなたのオーダーゾーンに清逸なる高貴の庭園・トークンを１枚置く。【永】【(G)】：あなたのヴァンガードが「Bel-Fiore」を含むなら、このユニットのシールド＋5000。,乙女達が振るうのは、武具工房の粋を凝らした珠玉の逸品。,"Bel-Fiore, Chika","https://cardfight.fandom.com/wiki/Bel-Fiore,_Chika",VGE-DZ-BT14,DZ-BT14/103,50,,true
ブースターパック 【DZ-BT14】「赫月ノ使者」 2026/04/10(金) 発売 収録国家：ドラゴンエンパイア、ダークステイツ、ブラントゲート、ケテルサンクチュアリ、ストイケイア、リリカルモナステリオ,294,DZ-BT14/104,Bel-Fiore ノーセ,（ベル-フィオーレ ノーセ）,https://cf-vanguard.com/cardlist/?cardno=DZ-BT14/104&expansion=294&view=image,https://cf-vanguard.com/wordpress/wp-content/images/cardlist/DZ-BT14/dzbt14_104.png,ノーマルユニット,ケテルサンクチュアリ,ヒューマン,グレード 1,パワー 8000,クリティカル 1,シールド 5000,ブースト,-,スタンダード,C,夕子,【自】：このユニットが(R)に登場した時、あなたのドロップからこのカードと別名の「Bel-Fiore」を含むカードを２枚まで選び、あなたの庭園にエンゲージする。【自】【(R)】：このユニットが「Bel-Fiore」を含むグレード３以上をブーストした時、そのバトル中、このユニットのパワー＋2000。,私どもの存在が、当家の宣伝に繋がっている……というのは光栄ですが、畏れ多くもありますね。,"Bel-Fiore, Noze","https://cardfight.fandom.com/wiki/Bel-Fiore,_Noze",VGE-DZ-BT14,DZ-BT14/104,50,,true
ブースターパック 【DZ-BT14】「赫月ノ使者」 2026/04/10(金) 発売 収録国家：ドラゴンエンパイア、ダークステイツ、ブラントゲート、ケテルサンクチュアリ、ストイケイア、リリカルモナステリオ,294,DZ-BT14/105,メルシーセラム・エンジェル,（メルシーセラム・エンジェル）,https://cf-vanguard.com/cardlist/?cardno=DZ-BT14/105&expansion=294&view=image,https://cf-vanguard.com/wordpress/wp-content/images/cardlist/DZ-BT14/dzbt14_105.png,ノーマルユニット,ケテルサンクチュアリ,エンジェル,グレード 1,パワー 8000,クリティカル 1,シールド 5000,ブースト,-,スタンダード,C,Nai2,【自】【(R)】：このユニットがブーストした時、相手のヴァンガードがグレード２以上で、あなたの表のダメージゾーンがないなら、そのバトル中、このユニットのパワー＋5000。,早急に処置します！健康な人は離れてください！,Merciful Serum Angel,https://cardfight.fandom.com/wiki/Merciful_Serum_Angel,VGE-DZ-BT14,DZ-BT14/105,50,,true
ブースターパック 【DZ-BT14】「赫月ノ使者」 2026/04/10(金) 発売 収録国家：ドラゴンエンパイア、ダークステイツ、ブラントゲート、ケテルサンクチュアリ、ストイケイア、リリカルモナステリオ,294,DZ-BT14/106,もふがおん,（モフガオン）,https://cf-vanguard.com/cardlist/?cardno=DZ-BT14/106&expansion=294&view=image,https://cf-vanguard.com/wordpress/wp-content/images/cardlist/DZ-BT14/dzbt14_106.png,ノーマルユニット,ケテルサンクチュアリ,ハイビースト,グレード 1,パワー 8000,クリティカル 1,シールド 5000,ブースト,-,スタンダード,C,トビ丸小夏,【自】：このユニットが(G)に置かれた時、あなたのヴァンガードのグレードが、相手のヴァンガードのグレードより低いか、相手のヴァンガードがグレード３以上なら、そのバトル中、このユニットのシールド＋5000。あなたのドロップに〈ハイビースト〉が５枚以上なら、＋5000ではなく＋10000。,おっきな体でしっかり守る。皆の期待は裏切らない。,Mofugaon,https://cardfight.fandom.com/wiki/Mofugaon,VGE-DZ-BT14,DZ-BT14/106,50,,true
ブースターパック 【DZ-BT14】「赫月ノ使者」 2026/04/10(金) 発売 収録国家：ドラゴンエンパイア、ダークステイツ、ブラントゲート、ケテルサンクチュアリ、ストイケイア、リリカルモナステリオ,294,DZ-BT14/107,Bel-Fiore プロア,（ベル-フィオーレ プロア）,https://cf-vanguard.com/cardlist/?cardno=DZ-BT14/107&expansion=294&view=image,https://cf-vanguard.com/wordpress/wp-content/images/cardlist/DZ-BT14/dzbt14_107.png,ノーマルユニット,ケテルサンクチュアリ,ヒューマン,グレード 0,パワー 6000,クリティカル 1,シールド 5000,ブースト,-,スタンダード,C,pupps,【自】：このユニットがライドされた時、あなたが後攻なら、１枚引く。,家事代行に隊商護衛。要人警護から魔獣退治まで！どんなご依頼も、この斧ですぱっと解決しますっ！,"Bel-Fiore, Proa","https://cardfight.fandom.com/wiki/Bel-Fiore,_Proa",VGE-DZ-BT14,DZ-BT14/107,50,,true
ブースターパック 【DZ-BT14】「赫月ノ使者」 2026/04/10(金) 発売 収録国家：ドラゴンエンパイア、ダークステイツ、ブラントゲート、ケテルサンクチュアリ、ストイケイア、リリカルモナステリオ,294,DZ-BT14/108,砕波竜 ベントスフリッパー・ドラゴン,（サイハリュウ ベントスフリッパー・ドラゴン）,https://cf-vanguard.com/cardlist/?cardno=DZ-BT14/108&expansion=294&view=image,https://cf-vanguard.com/wordpress/wp-content/images/cardlist/DZ-BT14/dzbt14_108.png,ノーマルユニット,ストイケイア,ティアードラゴン,グレード 3,パワー 13000,クリティカル 1,シールド -,ツインドライブ、ペルソナライド,-,スタンダード,C,ナブランジャ,【自】【(R)】【ターン1回】：このユニットがヴァンガードにアタックした時、あなたのヴァンガードがグレード３以上で、このターン５回目以降のバトルなら、【コスト】[【エネルギーブラスト】(3)]することで、そのターン中、このユニットがアタックしたバトルでは、相手は手札から(G)にコールする際、２枚以上同時にコールしない限りコールできない。,思わぬ角度からの急襲。故に迎撃は困難を極める。,"Crushing Wave Dragon, Bentos Flipper Dragon","https://cardfight.fandom.com/wiki/Crushing_Wave_Dragon,_Bentos_Flipper_Dragon",VGE-DZ-BT14,DZ-BT14/108,50,,true
ブースターパック 【DZ-BT14】「赫月ノ使者」 2026/04/10(金) 発売 収録国家：ドラゴンエンパイア、ダークステイツ、ブラントゲート、ケテルサンクチュアリ、ストイケイア、リリカルモナステリオ,294,DZ-BT14/109,愉楽の学徒 ラルピィ,（ユラクノガクト ラルピィ）,https://cf-vanguard.com/cardlist/?cardno=DZ-BT14/109&expansion=294&view=image,https://cf-vanguard.com/wordpress/wp-content/images/cardlist/DZ-BT14/dzbt14_109.png,ノーマルユニット,ストイケイア,ワービースト/幻影,グレード 3,パワー 13000,クリティカル 1,シールド -,ツインドライブ、ペルソナライド,-,スタンダード,C,狩屋カルコ,【永】【(R)】：あなたの泡沫の大魔法師 ゼーリス “幻影”・トークンは相手のカードの能力で、選べず、退却しない。,気に入っててね。読書はここでと決めているんだ。,"Student of Pleasure, Ralphie","https://cardfight.fandom.com/wiki/Student_of_Pleasure,_Ralphie",VGE-DZ-BT14,DZ-BT14/109,50,,true
ブースターパック 【DZ-BT14】「赫月ノ使者」 2026/04/10(金) 発売 収録国家：ドラゴンエンパイア、ダークステイツ、ブラントゲート、ケテルサンクチュアリ、ストイケイア、リリカルモナステリオ,294,DZ-BT14/110,稀代の魔法師 ゼーリス,（キダイノマホウシ ゼーリス）,https://cf-vanguard.com/cardlist/?cardno=DZ-BT14/110&expansion=294&view=image,https://cf-vanguard.com/wordpress/wp-content/images/cardlist/DZ-BT14/dzbt14_110.png,ノーマルユニット,ストイケイア,エルフ/幻影,グレード 2,パワー 10000,クリティカル 1,シールド 5000,インターセプト,-,スタンダード,C,BISAI,【自】：このユニットが「ゼーリス」を含むグレード３にライドされた時、あなたの、山札か表のダメージゾーンから、極大魔法カードか赫月カードを１枚まで探し、ドロップに置き、山札から探したなら、山札をシャッフルする。ダメージゾーンから置いたなら、あなたの山札を上から１枚ダメージゾーンに置く。そのターン中、あなたは『あなたは、オーダーを２回プレイでき、このターンにあなたがプレイしたオーダーと同名のオーダーはプレイできない。』を得る。,手にするは世界樹の杖。泡沫の一振り。,"Peerless Magick Caster, Zerith","https://cardfight.fandom.com/wiki/Peerless_Magick_Caster,_Zerith",VGE-DZ-BT14,DZ-BT14/110,50,,true
ブースターパック 【DZ-BT14】「赫月ノ使者」 2026/04/10(金) 発売 収録国家：ドラゴンエンパイア、ダークステイツ、ブラントゲート、ケテルサンクチュアリ、ストイケイア、リリカルモナステリオ,294,DZ-BT14/111,瀬音の学徒 ハルト,（セオトノガクト ハルト）,https://cf-vanguard.com/cardlist/?cardno=DZ-BT14/111&expansion=294&view=image,https://cf-vanguard.com/wordpress/wp-content/images/cardlist/DZ-BT14/dzbt14_111.png,ノーマルユニット,ストイケイア,ワービースト/幻影,グレード 1,パワー 8000,クリティカル 1,シールド 5000,ブースト,-,スタンダード,C,獏狗,【永】【(R)/(G)】：あなたのヴァンガードが「ゼーリス」を含むグレード３以上なら、このユニットのパワー＋5000/シールド＋5000。（相手ターンも有効）,この湖の水質は……っと。,"Student of the Stream, Haruto","https://cardfight.fandom.com/wiki/Student_of_the_Stream,_Haruto",VGE-DZ-BT14,DZ-BT14/111,50,,true
ブースターパック 【DZ-BT14】「赫月ノ使者」 2026/04/10(金) 発売 収録国家：ドラゴンエンパイア、ダークステイツ、ブラントゲート、ケテルサンクチュアリ、ストイケイア、リリカルモナステリオ,294,DZ-BT14/112,見習い魔法師 ゼーリス,（ミナライマホウシ ゼーリス）,https://cf-vanguard.com/cardlist/?cardno=DZ-BT14/112&expansion=294&view=image,https://cf-vanguard.com/wordpress/wp-content/images/cardlist/DZ-BT14/dzbt14_112.png,ノーマルユニット,ストイケイア,エルフ/幻影,グレード 1,パワー 8000,クリティカル 1,シールド 5000,ブースト,-,スタンダード,C,BISAI,【自】：このユニットが「未来の魔法師 ゼーリス」からライドして登場した時、【コスト】[【ソウルブラスト】(1)]することで、あなたの、山札か手札から、それぞれ別名の魔法カードを合計３枚まで探し、オーダーゾーンに置く。山札から探したなら、山札をシャッフルする。手札から１枚以上置いたなら、１枚引く。,必ず、魔法師として大成してみせるわ。,"Apprentice Magick Caster, Zerith","https://cardfight.fandom.com/wiki/Apprentice_Magick_Caster,_Zerith",VGE-DZ-BT14,DZ-BT14/112,50,,true
ブースターパック 【DZ-BT14】「赫月ノ使者」 2026/04/10(金) 発売 収録国家：ドラゴンエンパイア、ダークステイツ、ブラントゲート、ケテルサンクチュアリ、ストイケイア、リリカルモナステリオ,294,DZ-BT14/113,未来の魔法師 ゼーリス,（ミライノマホウシ ゼーリス）,https://cf-vanguard.com/cardlist/?cardno=DZ-BT14/113&expansion=294&view=image,https://cf-vanguard.com/wordpress/wp-content/images/cardlist/DZ-BT14/dzbt14_113.png,ノーマルユニット,ストイケイア,エルフ/幻影,グレード 0,パワー 6000,クリティカル 1,シールド 5000,ブースト,-,スタンダード,C,BISAI,【自】：このユニットがライドされた時、あなたが後攻なら、１枚引く。,少女の瞳は滾々と、己が至るべき未来を見据えて。,"Future Magick Caster, Zerith","https://cardfight.fandom.com/wiki/Future_Magick_Caster,_Zerith",VGE-DZ-BT14,DZ-BT14/113,50,,true
ブースターパック 【DZ-BT14】「赫月ノ使者」 2026/04/10(金) 発売 収録国家：ドラゴンエンパイア、ダークステイツ、ブラントゲート、ケテルサンクチュアリ、ストイケイア、リリカルモナステリオ,294,DZ-BT14/114,回復魔法 エクスルーナス,（ヒーリング・マギア エクスルーナス）,https://cf-vanguard.com/cardlist/?cardno=DZ-BT14/114&expansion=294&view=image,https://cf-vanguard.com/wordpress/wp-content/images/cardlist/DZ-BT14/dzbt14_114.png,セットオーダー,ストイケイア,魔法,グレード 3,パワー -,クリティカル -,シールド -,-,-,スタンダード,C,BISAI,【永】：「回復魔法 エクスルーナス」はデッキに１枚だけ入れられる。【永】【オーダーゾーン】：このカードの能力でユニットをコールする際、そのコールではコールされたユニットの【自】能力は発動しない。【起】【オーダーゾーン】：あなたのヴァンガードが「魔法師」を含むグレード３以上なら、【コスト】[このカードを【レスト】させる]ことで、あなたのドロップから守護者を持たないノーマルユニットを１枚選び、(R)にコールする。そのターン中、あなたは自分のオーダーゾーンの魔法を「魔法師」を含むユニットの能力以外で【レスト】できない。,大丈夫、すぐ良くなりますから。,"Healing Magick, Aexlunus","https://cardfight.fandom.com/wiki/Healing_Magick,_Aexlunus",VGE-DZ-BT14,DZ-BT14/116,50,,true
ブースターパック 【DZ-BT14】「赫月ノ使者」 2026/04/10(金) 発売 収録国家：ドラゴンエンパイア、ダークステイツ、ブラントゲート、ケテルサンクチュアリ、ストイケイア、リリカルモナステリオ,294,DZ-BT14/115,促進魔法 ヴォクストール,（グロース・マギア ヴォクストール）,https://cf-vanguard.com/cardlist/?cardno=DZ-BT14/115&expansion=294&view=image,https://cf-vanguard.com/wordpress/wp-content/images/cardlist/DZ-BT14/dzbt14_115.png,セットオーダー,ストイケイア,魔法,グレード 2,パワー -,クリティカル -,シールド -,-,-,スタンダード,C,BISAI,【永】：「促進魔法 ヴォクストール」はデッキに１枚だけ入れられる。【起】【オーダーゾーン】：あなたのヴァンガードが「魔法師」を含むグレード２以上なら、【コスト】[このカードを【レスト】させる]ことで、１枚引く。そのターン中、あなたは自分のオーダーゾーンの魔法を「魔法師」を含むユニットの能力以外で【レスト】できない。このファイト中、この能力を失う。【起】【オーダーゾーン】：あなたのヴァンガードが「魔法師」を含むグレード２以上なら、【コスト】[このカードを【レスト】させる]ことで、１枚引き、あなたの手札から１枚選び、捨てる。そのターン中、あなたは自分のオーダーゾーンの魔法を「魔法師」を含むユニットの能力以外で【レスト】できない。,この土地の生命力を賦活、生育速度を向上させました。,"Growth Magick, Voxtol","https://cardfight.fandom.com/wiki/Growth_Magick,_Voxtol",VGE-DZ-BT14,DZ-BT14/115,50,,true
ブースターパック 【DZ-BT14】「赫月ノ使者」 2026/04/10(金) 発売 収録国家：ドラゴンエンパイア、ダークステイツ、ブラントゲート、ケテルサンクチュアリ、ストイケイア、リリカルモナステリオ,294,DZ-BT14/116,強化魔法 スタルキング,（エンハンス・マギア スタルキング）,https://cf-vanguard.com/cardlist/?cardno=DZ-BT14/116&expansion=294&view=image,https://cf-vanguard.com/wordpress/wp-content/images/cardlist/DZ-BT14/dzbt14_116.png,セットオーダー,ストイケイア,魔法,グレード 1,パワー -,クリティカル -,シールド -,-,-,スタンダード,C,BISAI,【永】：「強化魔法 スタルキング」はデッキに１枚だけ入れられる。【起】【オーダーゾーン】：あなたのヴァンガードが「魔法師」を含むグレード１以上なら、【コスト】[このカードを【レスト】させる]ことで、あなたのユニットを１枚選び、そのターン中、パワー＋5000。そのターン中、あなたは自分のオーダーゾーンの魔法を「魔法師」を含むユニットの能力以外で【レスト】できない。,両脚に、魔力を集中。,"Enhance Magick, Starylking","https://cardfight.fandom.com/wiki/Enhance_Magick,_Starylking",VGE-DZ-BT14,DZ-BT14/114,50,,true
ブースターパック 【DZ-BT14】「赫月ノ使者」 2026/04/10(金) 発売 収録国家：ドラゴンエンパイア、ダークステイツ、ブラントゲート、ケテルサンクチュアリ、ストイケイア、リリカルモナステリオ,294,DZ-BT14/117,X-CeeDaNCe メリィ・クレィシア,（イクシーダンス メリィ・クレィシア）,https://cf-vanguard.com/cardlist/?cardno=DZ-BT14/117&expansion=294&view=image,https://cf-vanguard.com/wordpress/wp-content/images/cardlist/DZ-BT14/dzbt14_117.png,ノーマルユニット,リリカルモナステリオ,ヒューマン/幻影,グレード 3,パワー 13000,クリティカル 1,シールド -,ツインドライブ、ペルソナライド,-,スタンダード,C,さかなへん,【永】【中央後列の(R)】：このユニットがアタックしているバトル中、このユニットがいる(R)にX-ceed NETマーカーがあるなら、相手はインターセプトできず、このユニットのパワー＋5000。,ここは実力がすべて。ほんと、戦場そのもの、だよ。,"X-CeeDaNCe, Mery Cracia","https://cardfight.fandom.com/wiki/X-CeeDaNCe,_Mery_Cracia",VGE-DZ-BT14,DZ-BT14/117,50,,true
ブースターパック 【DZ-BT14】「赫月ノ使者」 2026/04/10(金) 発売 収録国家：ドラゴンエンパイア、ダークステイツ、ブラントゲート、ケテルサンクチュアリ、ストイケイア、リリカルモナステリオ,294,DZ-BT14/118,放課後特訓 アビリタ,（ホウカゴトックン アビリタ）,https://cf-vanguard.com/cardlist/?cardno=DZ-BT14/118&expansion=294&view=image,https://cf-vanguard.com/wordpress/wp-content/images/cardlist/DZ-BT14/dzbt14_118.png,ノーマルユニット,リリカルモナステリオ,ドラゴロイド,グレード 3,パワー 13000,クリティカル 1,シールド -,ツインドライブ、ペルソナライド,-,スタンダード,C,紅月翼,【永】【(R)】：あなたのバインドゾーンにノーマルオーダーがあるなら、このユニットは相手のカードの効果で退却せず、パワー＋5000。（相手ターンも有効）,追加レッスンを次々こなせる体力が彼女の強み。,"After School Training, Abilita","https://cardfight.fandom.com/wiki/After_School_Training,_Abilita",VGE-DZ-BT14,DZ-BT14/118,50,,true
ブースターパック 【DZ-BT14】「赫月ノ使者」 2026/04/10(金) 発売 収録国家：ドラゴンエンパイア、ダークステイツ、ブラントゲート、ケテルサンクチュアリ、ストイケイア、リリカルモナステリオ,294,DZ-BT14/119,X-CeeDaNCe ドラス・エヴォリア,（イクシーダンス ドラス・エヴォリア）,https://cf-vanguard.com/cardlist/?cardno=DZ-BT14/119&expansion=294&view=image,https://cf-vanguard.com/wordpress/wp-content/images/cardlist/DZ-BT14/dzbt14_119.png,ノーマルユニット,リリカルモナステリオ,ヒューマン/幻影,グレード 2,パワー 10000,クリティカル 1,シールド 5000,インターセプト,-,スタンダード,C,Lucio,【自】：このユニットが「インバルディオ」を含むグレード３にライドされた時、X-ceed NETマーカーのないあなたの(R)を１つ選び、X-ceed NETマーカーを１つ置く。あなたの山札を上から７枚見て、以下すべてを行い、山札をシャッフルする。その後、あなたの自己改修ゲージから１枚選び、手札に加えてよい。・１枚まで選び、あなたの自己改修ゲージとして表で置く。・赫月カードを１枚まで選び、捨てる。,今、アイドルシーンは劇的な進化を遂げる。,"X-CeeDaNCe, Dras Evolia","https://cardfight.fandom.com/wiki/X-CeeDaNCe,_Dras_Evolia",VGE-DZ-BT14,DZ-BT14/119,50,,true
ブースターパック 【DZ-BT14】「赫月ノ使者」 2026/04/10(金) 発売 収録国家：ドラゴンエンパイア、ダークステイツ、ブラントゲート、ケテルサンクチュアリ、ストイケイア、リリカルモナステリオ,294,DZ-BT14/120,複雑な気持ち ウィレリー,（ウラハラハート ウィレリー）,https://cf-vanguard.com/cardlist/?cardno=DZ-BT14/120&expansion=294&view=image,https://cf-vanguard.com/wordpress/wp-content/images/cardlist/DZ-BT14/dzbt14_120.png,ノーマルユニット,リリカルモナステリオ,エルフ,グレード 2,パワー 10000,クリティカル 1,シールド 5000,インターセプト,-,スタンダード,C,おおたけおかゆ,【自】【(R)】：このユニットがグレード３以上にアタックした時、【コスト】[【カウンターブラスト】(1)]することで、そのバトル中、このユニットのパワー＋5000し、そのバトル終了時、このユニットを手札に戻す。,今日だけは譲ってあげるわ。感謝しなさいよね！,"Mixed Feelings, Willery","https://cardfight.fandom.com/wiki/Mixed_Feelings,_Willery",VGE-DZ-BT14,DZ-BT14/120,50,,true
ブースターパック 【DZ-BT14】「赫月ノ使者」 2026/04/10(金) 発売 収録国家：ドラゴンエンパイア、ダークステイツ、ブラントゲート、ケテルサンクチュアリ、ストイケイア、リリカルモナステリオ,294,DZ-BT14/121,びしっとキメちゃう! サリチュア,（ビシットキメチャウ! サリチュア）,https://cf-vanguard.com/cardlist/?cardno=DZ-BT14/121&expansion=294&view=image,https://cf-vanguard.com/wordpress/wp-content/images/cardlist/DZ-BT14/dzbt14_121.png,ノーマルユニット,リリカルモナステリオ,デーモン,グレード 2,パワー 10000,クリティカル 1,シールド 5000,インターセプト,-,スタンダード,C,藤咲レオ,【自】【(R)】：このユニットがグレード３以上にアタックした時、このターンにあなたがオーダーをプレイしているなら、【コスト】[【ソウルブラスト】(1)]することで、そのバトル中、このユニットのパワー＋10000。,このポーズでキメちゃえば、みんな釘付け！だよね……？,I'll Make it Look Sharp! Sariture,https://cardfight.fandom.com/wiki/I%27ll_Make_it_Look_Sharp!_Sariture,VGE-DZ-BT14,DZ-BT14/121,50,,true
ブースターパック 【DZ-BT14】「赫月ノ使者」 2026/04/10(金) 発売 収録国家：ドラゴンエンパイア、ダークステイツ、ブラントゲート、ケテルサンクチュアリ、ストイケイア、リリカルモナステリオ,294,DZ-BT14/122,X-CeeDaNCe イノ・プログレッテ,（イクシーダンス イノ・プログレッテ）,https://cf-vanguard.com/cardlist/?cardno=DZ-BT14/122&expansion=294&view=image,https://cf-vanguard.com/wordpress/wp-content/images/cardlist/DZ-BT14/dzbt14_122.png,ノーマルユニット,リリカルモナステリオ,ヒューマン/幻影,グレード 1,パワー 8000,クリティカル 1,シールド 5000,ブースト,-,スタンダード,C,宮間知佳慕,【自】：このユニットが「X-CeeDaNCe ファルステイター」からライドして登場した時、【コスト】[ライドデッキから「インバルディオ」を含むグレード３を１枚公開する]ことで、あなたのオーダーゾーンにSYSTEM CODE:X-ceed・トークンを１枚置く。,みんなと一緒に、どんどん成長していきますよ～！,"X-CeeDaNCe, Ino Progrette","https://cardfight.fandom.com/wiki/X-CeeDaNCe,_Ino_Progrette",VGE-DZ-BT14,DZ-BT14/122,50,,true
ブースターパック 【DZ-BT14】「赫月ノ使者」 2026/04/10(金) 発売 収録国家：ドラゴンエンパイア、ダークステイツ、ブラントゲート、ケテルサンクチュアリ、ストイケイア、リリカルモナステリオ,294,DZ-BT14/123,X-CeeDaNCe トラン・ディーベ,（イクシーダンス トラン・ディーベ）,https://cf-vanguard.com/cardlist/?cardno=DZ-BT14/123&expansion=294&view=image,https://cf-vanguard.com/wordpress/wp-content/images/cardlist/DZ-BT14/dzbt14_123.png,ノーマルユニット,リリカルモナステリオ,ヒューマン/幻影,グレード 1,パワー 8000,クリティカル 1,シールド 5000,ブースト,-,スタンダード,C,でんきちひさな,【自】：このカードが、(R)に登場した時か、あなたのターンに自己改修ゲージとして置かれた時、あなたの自己改修ゲージがあるなら、【エネルギーチャージ】(2)。,超えなきゃなんない壁は、おっきい方が燃えるでしょ！,"X-CeeDaNCe, Tran Dibe","https://cardfight.fandom.com/wiki/X-CeeDaNCe,_Tran_Dibe",VGE-DZ-BT14,DZ-BT14/123,50,,true
ブースターパック 【DZ-BT14】「赫月ノ使者」 2026/04/10(金) 発売 収録国家：ドラゴンエンパイア、ダークステイツ、ブラントゲート、ケテルサンクチュアリ、ストイケイア、リリカルモナステリオ,294,DZ-BT14/124,0時に始まるホッとタイム ペルシュテ,（0ジニハジマルホットタイム ペルシュテ）,https://cf-vanguard.com/cardlist/?cardno=DZ-BT14/124&expansion=294&view=image,https://cf-vanguard.com/wordpress/wp-content/images/cardlist/DZ-BT14/dzbt14_124.png,ノーマルユニット,リリカルモナステリオ,ゴースト,グレード 1,パワー 8000,クリティカル 1,シールド 5000,ブースト,-,スタンダード,C,risumi,【自】【(R)】：あなたのヴァンガードがアタックされた時、アタックしているユニットがパワー33000以上なら、【コスト】[【エネルギーブラスト】(3)]することで、このユニットを(G)に移動させ、そのバトル中、シールド＋10000。,ごめんなさい。真夜中の校舎は私達の貸し切りなの。,"Relaxation Time Starts at Midnight, Pershte","https://cardfight.fandom.com/wiki/Relaxation_Time_Starts_at_Midnight,_Pershte",VGE-DZ-BT14,DZ-BT14/124,50,,true
ブースターパック 【DZ-BT14】「赫月ノ使者」 2026/04/10(金) 発売 収録国家：ドラゴンエンパイア、ダークステイツ、ブラントゲート、ケテルサンクチュアリ、ストイケイア、リリカルモナステリオ,294,DZ-BT14/125,X-CeeDaNCe ファルステイター,（イクシーダンス ファルステイター）,https://cf-vanguard.com/cardlist/?cardno=DZ-BT14/125&expansion=294&view=image,https://cf-vanguard.com/wordpress/wp-content/images/cardlist/DZ-BT14/dzbt14_125.png,ノーマルユニット,リリカルモナステリオ,ヒューマン/幻影,グレード 0,パワー 6000,クリティカル 1,シールド 5000,ブースト,-,スタンダード,C,ぱとり,【自】：このユニットがライドされた時、あなたが後攻なら、１枚引く。,見ててくださいっ！私たちの、最初の一歩を！,"X-CeeDaNCe, Falstater","https://cardfight.fandom.com/wiki/X-CeeDaNCe,_Falstater",VGE-DZ-BT14,DZ-BT14/125,50,,true
ブースターパック 【DZ-BT14】「赫月ノ使者」 2026/04/10(金) 発売 収録国家：ドラゴンエンパイア、ダークステイツ、ブラントゲート、ケテルサンクチュアリ、ストイケイア、リリカルモナステリオ,294,DZ-BT14/DSR01,泡沫の大魔法師 ゼーリス “幻影”,（ウタカタノダイマホウシ ゼーリス “ファントム”）,https://cf-vanguard.com/cardlist/?cardno=DZ-BT14/DSR01&expansion=294&view=image,https://cf-vanguard.com/wordpress/wp-content/images/cardlist/DZ-BT14/dzbt14_126.png,ノーマルユニット,ストイケイア,ヒューマン,グレード 3,パワー 13000,クリティカル 1,シールド -,ツインドライブ、ペルソナライド,-,スタンダード,DSR,Character Design ©2021-2026 CLAMP・ST,【起】【(V)】【ターン1回】：【コスト】[【カウンターブラスト】(1)]することで、泡沫の大魔法師 ゼーリス “幻影”・トークンを１枚中央後列の(R)にコールし、そのターン中、『【永】【(R)】このユニットは後列からでもアタックでき、ドライブ－１。このユニットがアタックしたバトルでは、ドライブチェックを行う。』を与える。【ファントムスキル】－【起】【(V)】：相手のヴァンガードがグレード３以上なら、【コスト】[ソウルとドロップから、赫月カードすべてをバインドする]ことで、あなたのドロップから【超】以外のトリガーカードを、このコストでバインドされたカードと同じ枚数まで選び、山札に戻してシャッフルする。このファイト中、あなたはこのユニットと同名のユニットの【ファントムスキル】能力のコストを払えない。,-,"Great Magick Caster of Transitory, Zerith ""Fantôme""","https://cardfight.fandom.com/wiki/Great_Magick_Caster_of_Transitory,_Zerith_%22Fant%C3%B4me%22",VGE-DZ-BT14,DZ-BT14/016,39800,,false
ブースターパック 【DZ-BT14】「赫月ノ使者」 2026/04/10(金) 発売 収録国家：ドラゴンエンパイア、ダークステイツ、ブラントゲート、ケテルサンクチュアリ、ストイケイア、リリカルモナステリオ,294,DZ-BT14/EX01,桐生 一馬,（キリュウ カズマ）,https://cf-vanguard.com/cardlist/?cardno=DZ-BT14/EX01&expansion=294&view=image,https://cf-vanguard.com/wordpress/wp-content/images/cardlist/DZ-BT14/dzbt14_127.png,ノーマルユニット,ドラゴンエンパイア,龍が如く/東城会,グレード 3,パワー 13000,クリティカル 1,シールド -,ツインドライブ、ペルソナライド,-,スタンダード,EXRRR,ⓒSEGA,【永】【(V)】：あなたのターン中、あなたの、ソウルとバインドゾーンの〈龍が如く〉１枚につき、このユニットのパワー＋1000。【起】【(V)】【ターン1回】：【コスト】[(R)か手札から〈龍が如く〉を１枚ソウルに置く]ことで、あなたの山札を上から７枚見て、守護者を持たない〈龍が如く〉を１枚まで選び、公開して手札に加え、山札をシャッフルする。【自】【(V)】【ターン1回】：このユニットがアタックしたバトル終了時、【コスト】[【カウンターブラスト】(1)]することで、このユニットを【スタンド】させ、そのターン中、ドライブ－１。,死にてぇヤツだけ　かかってこい！,Kazuma Kiryu,https://cardfight.fandom.com/wiki/Kazuma_Kiryu,VGE-DZ-BT14,DZ-BT14/EX01,320,500,true
ブースターパック 【DZ-BT14】「赫月ノ使者」 2026/04/10(金) 発売 収録国家：ドラゴンエンパイア、ダークステイツ、ブラントゲート、ケテルサンクチュアリ、ストイケイア、リリカルモナステリオ,294,DZ-BT14/EX02,錦山 彰,（ニシキヤマ アキラ）,https://cf-vanguard.com/cardlist/?cardno=DZ-BT14/EX02&expansion=294&view=image,https://cf-vanguard.com/wordpress/wp-content/images/cardlist/DZ-BT14/dzbt14_128.png,ノーマルユニット,ドラゴンエンパイア,龍が如く/東城会/錦山組,グレード 2,パワー 10000,クリティカル 1,シールド 5000,インターセプト,-,スタンダード,EXRRR,ⓒSEGA,【起】【ソウル】：あなたのヴァンガードが「桐生 一馬」を含むグレード３以上なら、【コスト】[このカード以外を【ソウルブラスト】(1)]することで、このカードを(R)にコールし、そのターン中、パワー＋5000。【自】：このユニットが(R)に登場した時、【コスト】[【カウンターブラスト】(1)]することで、あなたの山札を上から７枚見て、〈錦山組〉を１枚まで選び、公開して手札に加え、山札をシャッフルする。公開しなかったなら、【カウンターチャージ】(1)。【自】【左前列の(R)】【ターン1回】：あなたのバトルフェイズに「桐生 一馬」を含むグレード３以上のあなたのヴァンガードが【スタンド】した時、あなたの、ソウルかバインドゾーンにライドデッキにした「麗奈」を含むカードがあるなら、【コスト】[【エネルギーブラスト】(3)]することで、このユニットを【スタンド】させ、そのターン中、パワー＋5000。,俺は……　お前に負けたくなかったんだよ　桐生,Akira Nishikiyama,https://cardfight.fandom.com/wiki/Akira_Nishikiyama,VGE-DZ-BT14,DZ-BT14/EX02,80,120,true
ブースターパック 【DZ-BT14】「赫月ノ使者」 2026/04/10(金) 発売 収録国家：ドラゴンエンパイア、ダークステイツ、ブラントゲート、ケテルサンクチュアリ、ストイケイア、リリカルモナステリオ,294,DZ-BT14/EX03,伊達 真,（ダテ マコト）,https://cf-vanguard.com/cardlist/?cardno=DZ-BT14/EX03&expansion=294&view=image,https://cf-vanguard.com/wordpress/wp-content/images/cardlist/DZ-BT14/dzbt14_129.png,ノーマルユニット,ドラゴンエンパイア,龍が如く/警察,グレード 2,パワー 10000,クリティカル 1,シールド 5000,インターセプト,-,スタンダード,EXRRR,ⓒSEGA,【起】【ドロップ】：このターンに「桐生 一馬」を含むグレード３以上のあなたのヴァンガードが登場していて、「錦山 彰」を含むあなたのリアガードがいるなら、【コスト】[【エネルギーブラスト】(3)]することで、このカードを(R)にコールする。【永】【(R)/(G)】：あなたのヴァンガードが「桐生 一馬」を含むなら、このユニットのシールド＋5000。あなたのヴァンガードがグレード３以上なら、さらにパワー＋5000。（相手ターンも有効）,いつもすまねぇな、桐生。,Makoto Date,https://cardfight.fandom.com/wiki/Makoto_Date,VGE-DZ-BT14,DZ-BT14/EX03,80,120,true
ブースターパック 【DZ-BT14】「赫月ノ使者」 2026/04/10(金) 発売 収録国家：ドラゴンエンパイア、ダークステイツ、ブラントゲート、ケテルサンクチュアリ、ストイケイア、リリカルモナステリオ,294,DZ-BT14/EX04,真島 吾朗,（マジマ ゴロウ）,https://cf-vanguard.com/cardlist/?cardno=DZ-BT14/EX04&expansion=294&view=image,https://cf-vanguard.com/wordpress/wp-content/images/cardlist/DZ-BT14/dzbt14_130.png,ノーマルユニット,ドラゴンエンパイア,龍が如く/東城会/真島組,グレード 2,パワー 10000,クリティカル 1,シールド 5000,インターセプト,-,スタンダード,EXRRR,ⓒSEGA,【自】：このユニットが(R)に登場した時、あなたのヴァンガードが「桐生 一馬」を含むなら、【コスト】[【カウンターブラスト】(1)]することで、１枚引く。【永】【(R)】：あなたのヴァンガードが「桐生 一馬」を含むグレード３以上なら、このユニットのパワー＋5000。（相手ターンも有効）【自】【中央後列の(R)】：「桐生 一馬」を含むあなたのヴァンガードがアタックした時、【コスト】[このユニットを【レスト】させる]ことで、そのバトル中、そのユニットのパワーを、このユニットのパワー分、増やす。そのバトル終了時、さらに【コスト】[このユニットをソウルに置く]ことで、あなたのドロップから〈龍が如く〉を１枚選び、ソウルに置く。,さあ　手加減はナシや　思いっきり行くで！　桐生ちゃんよ！,Goro Majima,https://cardfight.fandom.com/wiki/Goro_Majima,VGE-DZ-BT14,DZ-BT14/EX04,320,500,true
ブースターパック 【DZ-BT14】「赫月ノ使者」 2026/04/10(金) 発売 収録国家：ドラゴンエンパイア、ダークステイツ、ブラントゲート、ケテルサンクチュアリ、ストイケイア、リリカルモナステリオ,294,DZ-BT14/EX05,狭山 薫,（サヤマ カオル）,https://cf-vanguard.com/cardlist/?cardno=DZ-BT14/EX05&expansion=294&view=image,https://cf-vanguard.com/wordpress/wp-content/images/cardlist/DZ-BT14/dzbt14_131.png,ノーマルユニット,ドラゴンエンパイア,龍が如く/警察,グレード 2,パワー 10000,クリティカル 1,シールド 5000,インターセプト,-,スタンダード,EXRRR,ⓒSEGA,【起】【ドロップ】：このターンに「桐生 一馬」を含むグレード３以上のあなたのヴァンガードが登場していて、「郷田 龍司」を含むあなたのリアガードがいるなら、【コスト】[【エネルギーブラスト】(3)]することで、このカードを(R)にコールする。【永】【(G)】：あなたのヴァンガードが「桐生 一馬」を含むなら、このユニットのシールド＋5000。あなたのヴァンガードがグレード３以上なら、さらにシールド＋5000。,ヤクザやったらコソコソシノギせんと　体張って稼がんかい！,Kaoru Sayama,https://cardfight.fandom.com/wiki/Kaoru_Sayama,VGE-DZ-BT14,DZ-BT14/EX05,80,120,true
ブースターパック 【DZ-BT14】「赫月ノ使者」 2026/04/10(金) 発売 収録国家：ドラゴンエンパイア、ダークステイツ、ブラントゲート、ケテルサンクチュアリ、ストイケイア、リリカルモナステリオ,294,DZ-BT14/EX06,郷田 龍司,（ゴウダ リュウジ）,https://cf-vanguard.com/cardlist/?cardno=DZ-BT14/EX06&expansion=294&view=image,https://cf-vanguard.com/wordpress/wp-content/images/cardlist/DZ-BT14/dzbt14_132.png,ノーマルユニット,ドラゴンエンパイア,龍が如く/近江連合,グレード 2,パワー 10000,クリティカル 1,シールド 5000,インターセプト,-,スタンダード,EXRRR,ⓒSEGA,【起】【ソウル】：あなたのヴァンガードが「桐生 一馬」を含むグレード３以上なら、【コスト】[このカード以外を【ソウルブラスト】(1)]することで、このカードを左前列の(R)にコールし、そのターン中、パワー＋5000。【自】【左前列の(R)】【ターン1回】：このユニットがアタックした時、あなたのヴァンガードが「桐生 一馬」を含むなら、以下を１つ行う。さらにあなたのヴァンガードがグレード３以上なら、そのターン中、このユニットのパワー＋5000。・【コスト】[【エネルギーブラスト】(3)]することで、１枚引く。・相手のヴァンガードがグレード３以上で、あなたの、ソウルかバインドゾーンにライドデッキにした「郷田 仁」を含むカードがあり、このバトルフェイズにあなたのヴァンガードが【スタンド】しているなら、【コスト】[手札から１枚捨てる]ことで、そのバトル中、このユニットはドライブチェックを行う。,本物の龍は……　一匹でええ……,Ryuji Goda,https://cardfight.fandom.com/wiki/Ryuji_Goda,VGE-DZ-BT14,DZ-BT14/EX06,80,120,true
ブースターパック 【DZ-BT14】「赫月ノ使者」 2026/04/10(金) 発売 収録国家：ドラゴンエンパイア、ダークステイツ、ブラントゲート、ケテルサンクチュアリ、ストイケイア、リリカルモナステリオ,294,DZ-BT14/EX07,峯 義孝,（ミネ ヨシタカ）,https://cf-vanguard.com/cardlist/?cardno=DZ-BT14/EX07&expansion=294&view=image,https://cf-vanguard.com/wordpress/wp-content/images/cardlist/DZ-BT14/dzbt14_133.png,ノーマルユニット,ドラゴンエンパイア,龍が如く/東城会/白峯会,グレード 2,パワー 10000,クリティカル 1,シールド 5000,インターセプト,-,スタンダード,EXRRR,ⓒSEGA,【自】：このユニットが左前列の(R)に登場した時、あなたのヴァンガードが「桐生 一馬」を含み、あなたのソウルに「アサガオ：大切な場所」があるなら、【コスト】[【エネルギーブラスト】(3)か手札から１枚ソウルに置く]ことで、１枚引く。【永】【左前列の(R)】：あなたのヴァンガードが「桐生 一馬」を含むグレード３以上なら、このユニットと同じ縦列の「神田 強」を含むあなたのユニットは後列からでもアタックとインターセプトでき、元々のパワーは15000になる。（相手ターンも有効）【自】【左前列の(R)】：「桐生 一馬」を含むグレード３以上のあなたのヴァンガードが、そのユニットが元々持つ能力で【スタンド】した時、「神田 強」を含むあなたのリアガードを１枚選び、そのターン中、このユニットのパワーを、そのユニットの元々のパワー分、増やす。相手のヴァンガードがグレード３以上で、「神田 強」を含むあなたのバインドゾーンがないなら、【コスト】[このユニットと同じ縦列の「神田 強」を含むユニットを１枚バインドする]ことで、そのターン中、あなたのヴァンガードのドライブ＋１。,私　こう見えても結構　強いんですよ,Yoshitaka Mine,https://cardfight.fandom.com/wiki/Yoshitaka_Mine,VGE-DZ-BT14,DZ-BT14/EX07,220,,true
ブースターパック 【DZ-BT14】「赫月ノ使者」 2026/04/10(金) 発売 収録国家：ドラゴンエンパイア、ダークステイツ、ブラントゲート、ケテルサンクチュアリ、ストイケイア、リリカルモナステリオ,294,DZ-BT14/EX08,堂島 大吾,（ドウジマ ダイゴ）,https://cf-vanguard.com/cardlist/?cardno=DZ-BT14/EX08&expansion=294&view=image,https://cf-vanguard.com/wordpress/wp-content/images/cardlist/DZ-BT14/dzbt14_134.png,ノーマルユニット,ドラゴンエンパイア,龍が如く/東城会,グレード 2,パワー 10000,クリティカル 1,シールド 5000,インターセプト,-,スタンダード,EXRRR,ⓒSEGA,【自】【ドロップ】：「桐生 一馬」を含むグレード３以上のあなたのヴァンガードが登場した時、【コスト】[【エネルギーブラスト】(3)]することで、このカードを(R)にコールする。【自】：このユニットが(R)に登場した時、【コスト】[【カウンターブラスト】(1)]することで、あなたのドロップから〈東城会〉のユニットカードを１枚選び、(R)にコールする。【自】【(R)】：このユニットが〈東城会〉にブーストされた時、そのバトル中、このユニットのパワー＋5000。,まだ　死ぬわけにはいかないんだよ　俺は……！,Daigo Dojima,https://cardfight.fandom.com/wiki/Daigo_Dojima,VGE-DZ-BT14,DZ-BT14/EX08,120,220,true
ブースターパック 【DZ-BT14】「赫月ノ使者」 2026/04/10(金) 発売 収録国家：ドラゴンエンパイア、ダークステイツ、ブラントゲート、ケテルサンクチュアリ、ストイケイア、リリカルモナステリオ,294,DZ-BT14/EX09,風間 新太郎,（カザマ シンタロウ）,https://cf-vanguard.com/cardlist/?cardno=DZ-BT14/EX09&expansion=294&view=image,https://cf-vanguard.com/wordpress/wp-content/images/cardlist/DZ-BT14/dzbt14_135.png,ノーマルユニット,ドラゴンエンパイア,龍が如く/東城会/風間組,グレード 3,パワー 13000,クリティカル 1,シールド -,ツインドライブ、ペルソナライド,-,スタンダード,EXC,ⓒSEGA,【永】：あなたのヴァンガードが〈龍が如く〉で、あなたの、ソウルとドロップとバインドゾーンの他のカードすべてがこのカードと別名なら、このカードは以下すべてを得る。・【自】：バトルフェイズ以外にこのカードがあなたのカードの能力で(R)か手札からソウルに置かれた時、あなたの山札から「錦山 彰」を含むカードを１枚まで探し、(R)にコールし、山札をシャッフルする。・【自】【ソウル】：「桐生 一馬」を含むあなたのヴァンガードがアタックされた時、【コスト】[このカードをバインドする]ことで、そのバトル中、そのユニットのパワー＋10000。,なに　お前のためなら　足の一本や二本……,Shintaro Kazama,https://cardfight.fandom.com/wiki/Shintaro_Kazama,VGE-DZ-BT14,DZ-BT14/EX09,50,,true
ブースターパック 【DZ-BT14】「赫月ノ使者」 2026/04/10(金) 発売 収録国家：ドラゴンエンパイア、ダークステイツ、ブラントゲート、ケテルサンクチュアリ、ストイケイア、リリカルモナステリオ,294,DZ-BT14/EX10,麗奈,（レイナ）,https://cf-vanguard.com/cardlist/?cardno=DZ-BT14/EX10&expansion=294&view=image,https://cf-vanguard.com/wordpress/wp-content/images/cardlist/DZ-BT14/dzbt14_136.png,ノーマルユニット,ドラゴンエンパイア,龍が如く,グレード 3,パワー 0,クリティカル 1,シールド -,ツインドライブ、ペルソナライド,-,スタンダード,EXC,ⓒSEGA,【起】【ソウル】：相手のヴァンガードがグレード３以上で、あなたのバインドゾーンすべてがこのカードと別名なら、【コスト】[このカードをバインドする]ことで、「錦山 彰」を含むあなたのユニットを１枚選び、そのターン中、そのユニットの元々のパワーを15000にする。,錦山君　助けてあげられなかったの？　何もできなかったの？,Reina,https://cardfight.fandom.com/wiki/Reina,VGE-DZ-BT14,DZ-BT14/EX10,50,,true
ブースターパック 【DZ-BT14】「赫月ノ使者」 2026/04/10(金) 発売 収録国家：ドラゴンエンパイア、ダークステイツ、ブラントゲート、ケテルサンクチュアリ、ストイケイア、リリカルモナステリオ,294,DZ-BT14/EX11,亜門 丈,（アモン ジョウ）,https://cf-vanguard.com/cardlist/?cardno=DZ-BT14/EX11&expansion=294&view=image,https://cf-vanguard.com/wordpress/wp-content/images/cardlist/DZ-BT14/dzbt14_137.png,ノーマルユニット,ドラゴンエンパイア,龍が如く,グレード 2,パワー 10000,クリティカル 1,シールド -,インターセプト,-,スタンダード,EXC,ⓒSEGA,【エースユニット】（エースユニットはデッキに合計１枚だけ入れられる）【永】：あなたのヴァンガードが〈龍が如く〉なら、このカードは以下すべてを得る。・【ユニークスキル】－【自】：バトルフェイズ以外にこのユニットが(R)に登場した時、そのターン中、このユニットのパワー＋5000。【コスト】[【エネルギーブラスト】(3)]することで、１枚引き、相手の(R)を１つ選び、そのターン中、選んだ(R)にあるカードすべては能力すべてを失い、得られない。その後、選んだ(R)にあるカードすべてをドロップに置く。（ユニークスキルはあなたの他のカードも含めてファイト中合計１回だけ使える）・【自】【(R)】：このユニットがアタックした時、相手のヴァンガードがグレード３以上なら、そのバトル中、このユニットのパワー＋5000し、相手のリアガードが、いないか、このターンにあなたのカードの能力で(R)から離れているなら、さらにパワー＋5000。,今こそ桐生一馬、お前をオレの手で葬ってやる‼,Jo Amon,https://cardfight.fandom.com/wiki/Jo_Amon,VGE-DZ-BT14,DZ-BT14/EX11,50,,true
ブースターパック 【DZ-BT14】「赫月ノ使者」 2026/04/10(金) 発売 収録国家：ドラゴンエンパイア、ダークステイツ、ブラントゲート、ケテルサンクチュアリ、ストイケイア、リリカルモナステリオ,294,DZ-BT14/EX12,荒瀬 和人,（アラセ カズト）,https://cf-vanguard.com/cardlist/?cardno=DZ-BT14/EX12&expansion=294&view=image,https://cf-vanguard.com/wordpress/wp-content/images/cardlist/DZ-BT14/dzbt14_138.png,ノーマルユニット,ドラゴンエンパイア,龍が如く/東城会/錦山組,グレード 2,パワー 10000,クリティカル 1,シールド 5000,インターセプト,-,スタンダード,EXC,ⓒSEGA,【永】：あなたのヴァンガードが〈龍が如く〉なら、このカードは以下すべてを得る。・【自】：このユニットが(R)に登場した時、【コスト】[【カウンターブラスト】(1)]することで、相手のリアガードを１枚選び、退却させ、そのターン中、このユニットのパワー＋5000。,なにチンタラやってんだ　馬鹿野郎,Kazuto Arase,https://cardfight.fandom.com/wiki/Kazuto_Arase,VGE-DZ-BT14,DZ-BT14/EX12,50,,true
ブースターパック 【DZ-BT14】「赫月ノ使者」 2026/04/10(金) 発売 収録国家：ドラゴンエンパイア、ダークステイツ、ブラントゲート、ケテルサンクチュアリ、ストイケイア、リリカルモナステリオ,294,DZ-BT14/EX13,一輝,（カズキ）,https://cf-vanguard.com/cardlist/?cardno=DZ-BT14/EX13&expansion=294&view=image,https://cf-vanguard.com/wordpress/wp-content/images/cardlist/DZ-BT14/dzbt14_139.png,ノーマルユニット,ドラゴンエンパイア,龍が如く,グレード 2,パワー 10000,クリティカル 1,シールド 5000,インターセプト,-,スタンダード,EXC,ⓒSEGA,【永】：あなたのヴァンガードが〈龍が如く〉で、あなたの、ソウルとドロップとバインドゾーンの他のカードすべてがこのカードと別名なら、このカードは以下すべてを得る。・【自】：あなたのターンにこのカードがあなたのカードの能力で(R)か手札からソウルに置かれた時、１枚引く。,月並みな事しか言えませんが、　頑張ってください。,Kazuki,https://cardfight.fandom.com/wiki/Kazuki,VGE-DZ-BT14,DZ-BT14/EX13,50,,true
ブースターパック 【DZ-BT14】「赫月ノ使者」 2026/04/10(金) 発売 収録国家：ドラゴンエンパイア、ダークステイツ、ブラントゲート、ケテルサンクチュアリ、ストイケイア、リリカルモナステリオ,294,DZ-BT14/EX14,劉 家龍,（ラウ カーロン）,https://cf-vanguard.com/cardlist/?cardno=DZ-BT14/EX14&expansion=294&view=image,https://cf-vanguard.com/wordpress/wp-content/images/cardlist/DZ-BT14/dzbt14_140.png,ノーマルユニット,ドラゴンエンパイア,龍が如く,グレード 2,パワー 10000,クリティカル 1,シールド 5000,インターセプト,-,スタンダード,EXC,ⓒSEGA,【永】【(R)】：このユニットと同じ縦列のあなたのユニットが「郷田 龍司」を含むなら、このユニットは『ブースト』を得る。【自】【(R)】：このユニットが、アタックかブーストした時、相手のヴァンガードがグレード３以上なら、そのバトル中、このユニットのパワー＋5000。,さあ　決着をつけよう　キリュウカズマ‼,Lau Ka Long,https://cardfight.fandom.com/wiki/Lau_Ka_Long,VGE-DZ-BT14,DZ-BT14/EX14,50,,true
ブースターパック 【DZ-BT14】「赫月ノ使者」 2026/04/10(金) 発売 収録国家：ドラゴンエンパイア、ダークステイツ、ブラントゲート、ケテルサンクチュアリ、ストイケイア、リリカルモナステリオ,294,DZ-BT14/EX15,100億の少女　澤村 遥,（100オクノショウジョ　サワムラ ハルカ）,https://cf-vanguard.com/cardlist/?cardno=DZ-BT14/EX15&expansion=294&view=image,https://cf-vanguard.com/wordpress/wp-content/images/cardlist/DZ-BT14/dzbt14_141.png,ノーマルユニット,ドラゴンエンパイア,龍が如く,グレード 2,パワー 0,クリティカル 1,シールド 5000,インターセプト,-,スタンダード,EXC,ⓒSEGA,【自】：このカードが「堂島の龍　桐生 一馬」の能力でライドデッキからソウルに置かれた時、「澤村 由美」を含むあなたのソウルがあるなら、【コスト】[手札から１枚ソウルに置き、ライドデッキから「麗奈」を含むカードを１枚公開する]ことで、あなたの山札から「伊達 真」を含むカードを１枚まで探し、公開して手札に加え、山札をシャッフルする。,お前　じゃない……　私は“遥”……　お前じゃない,"Morning Glory Orphanage's Eldest Daughter, Haruka Sawamura","https://cardfight.fandom.com/wiki/Morning_Glory_Orphanage%27s_Eldest_Daughter,_Haruka_Sawamura",VGE-DZ-BT14,DZ-BT14/EX32,50,,true
ブースターパック 【DZ-BT14】「赫月ノ使者」 2026/04/10(金) 発売 収録国家：ドラゴンエンパイア、ダークステイツ、ブラントゲート、ケテルサンクチュアリ、ストイケイア、リリカルモナステリオ,294,DZ-BT14/EX16,柏木 修,（カシワギ オサム）,https://cf-vanguard.com/cardlist/?cardno=DZ-BT14/EX16&expansion=294&view=image,https://cf-vanguard.com/wordpress/wp-content/images/cardlist/DZ-BT14/dzbt14_142.png,ノーマルユニット,ドラゴンエンパイア,龍が如く/東城会/風間組,グレード 1,パワー 8000,クリティカル 1,シールド 5000,ブースト,-,スタンダード,EXC,ⓒSEGA,【永】：あなたのヴァンガードが〈龍が如く〉で、あなたの、ソウルとドロップとバインドゾーンの他のカードすべてがこのカードと別名なら、このカードは以下すべてを得る。・【永】【(R)/ソウル/バインドゾーン】：「堂島 大吾」を含むあなたのリアガードすべての元々のパワーは15000になる。（相手ターンも有効）・【自】【ソウル】：「桐生 一馬」を含むあなたのヴァンガードがアタックされた時、【コスト】[このカードをバインドする]ことで、そのバトル中、そのユニットのパワー＋10000。,へへ　もう直ぐクリスマスですしね　屈強なプレゼントをお持ちしましたよ,Osamu Kashiwagi,https://cardfight.fandom.com/wiki/Osamu_Kashiwagi,VGE-DZ-BT14,DZ-BT14/EX16,50,,true
ブースターパック 【DZ-BT14】「赫月ノ使者」 2026/04/10(金) 発売 収録国家：ドラゴンエンパイア、ダークステイツ、ブラントゲート、ケテルサンクチュアリ、ストイケイア、リリカルモナステリオ,294,DZ-BT14/EX17,ゲイリー・バスター・ホームズ,（ゲイリー・バスター・ホームズ）,https://cf-vanguard.com/cardlist/?cardno=DZ-BT14/EX17&expansion=294&view=image,https://cf-vanguard.com/wordpress/wp-content/images/cardlist/DZ-BT14/dzbt14_143.png,ノーマルユニット,ドラゴンエンパイア,龍が如く,グレード 1,パワー 8000,クリティカル 1,シールド 5000,ブースト,-,スタンダード,EXC,ⓒSEGA,【永】：あなたのヴァンガードが〈龍が如く〉で、あなたの、ソウルとドロップとバインドゾーンの他のカードすべてがこのカードと別名なら、このカードは以下すべてを得る。・【起】【ドロップ】：あなたのヴァンガードがグレード３以上なら、【コスト】[【カウンターブラスト】(1)]することで、このカードを(R)にコールする。その後、あなたのドロップが10枚以上なら、そのターン中、このユニットのパワー＋5000。,奇遇ですネェ　桐生サン　即死と腹上死…… 　お好みは？,Gary Buster Holmes,https://cardfight.fandom.com/wiki/Gary_Buster_Holmes,VGE-DZ-BT14,DZ-BT14/EX17,50,,true
ブースターパック 【DZ-BT14】「赫月ノ使者」 2026/04/10(金) 発売 収録国家：ドラゴンエンパイア、ダークステイツ、ブラントゲート、ケテルサンクチュアリ、ストイケイア、リリカルモナステリオ,294,DZ-BT14/EX18,古牧 宗太郎,（コマキ ソウタロウ）,https://cf-vanguard.com/cardlist/?cardno=DZ-BT14/EX18&expansion=294&view=image,https://cf-vanguard.com/wordpress/wp-content/images/cardlist/DZ-BT14/dzbt14_144.png,ノーマルユニット,ドラゴンエンパイア,龍が如く,グレード 1,パワー 8000,クリティカル 1,シールド 5000,ブースト,-,スタンダード,EXC,ⓒSEGA,【永】：あなたのヴァンガードが〈龍が如く〉で、あなたの、ソウルとドロップとバインドゾーンの他のカードすべてがこのカードと別名なら、このカードは以下すべてを得る。・【自】：あなたのターンにこのカードがあなたのカードの能力で(R)か手札からソウルに置かれた時、【エネルギーチャージ】(3)し、そのターン中、あなたのヴァンガードのパワー＋5000。,それでは始めようか。　古牧宗太郎……　いざ参るぞ！,Sotaro Komaki,https://cardfight.fandom.com/wiki/Sotaro_Komaki,VGE-DZ-BT14,DZ-BT14/EX18,50,,true
ブースターパック 【DZ-BT14】「赫月ノ使者」 2026/04/10(金) 発売 収録国家：ドラゴンエンパイア、ダークステイツ、ブラントゲート、ケテルサンクチュアリ、ストイケイア、リリカルモナステリオ,294,DZ-BT14/EX19,サイの花屋,（サイノハナヤ）,https://cf-vanguard.com/cardlist/?cardno=DZ-BT14/EX19&expansion=294&view=image,https://cf-vanguard.com/wordpress/wp-content/images/cardlist/DZ-BT14/dzbt14_145.png,ノーマルユニット,ドラゴンエンパイア,龍が如く,グレード 1,パワー 8000,クリティカル 1,シールド 5000,ブースト,-,スタンダード,EXC,ⓒSEGA,【永】：あなたのヴァンガードが〈龍が如く〉で、あなたの他の、ソウルとドロップとバインドゾーンすべてがこのカードと別名なら、このカードは以下すべてを得る。・【自】：あなたのターンにこのカードがあなたのカードの能力で(R)か手札からソウルに置かれた時、あなたの山札を上から２枚見て、１枚まで選び、山札の上に置き、残りをそれぞれ、山札の下かソウルに置く。,情報屋ってのは　とどのつまり……　のぞき趣味でよ,The Florist of Sai,https://cardfight.fandom.com/wiki/The_Florist_of_Sai,VGE-DZ-BT14,DZ-BT14/EX19,50,,true
ブースターパック 【DZ-BT14】「赫月ノ使者」 2026/04/10(金) 発売 収録国家：ドラゴンエンパイア、ダークステイツ、ブラントゲート、ケテルサンクチュアリ、ストイケイア、リリカルモナステリオ,294,DZ-BT14/EX20,須藤 純一,（スドウ ジュンイチ）,https://cf-vanguard.com/cardlist/?cardno=DZ-BT14/EX20&expansion=294&view=image,https://cf-vanguard.com/wordpress/wp-content/images/cardlist/DZ-BT14/dzbt14_146.png,ノーマルユニット,ドラゴンエンパイア,龍が如く/警察,グレード 1,パワー 8000,クリティカル 1,シールド 5000,ブースト,-,スタンダード,EXC,ⓒSEGA,【起】【(R)】【ターン1回】：【コスト】[【カウンターブラスト】(1)]することで、あなたのドロップから〈警察〉を１枚選び、このユニットと同じ縦列の(R)にコールする。【自】【(R)】：このユニットが〈警察〉をブーストした時、相手のヴァンガードがグレード３以上なら、そのバトル中、このユニットのパワー＋5000。,ま　私も伊達さんの弟子ですから,Junichi Sudo,https://cardfight.fandom.com/wiki/Junichi_Sudo,VGE-DZ-BT14,DZ-BT14/EX20,50,,true
ブースターパック 【DZ-BT14】「赫月ノ使者」 2026/04/10(金) 発売 収録国家：ドラゴンエンパイア、ダークステイツ、ブラントゲート、ケテルサンクチュアリ、ストイケイア、リリカルモナステリオ,294,DZ-BT14/EX21,田中 シンジ,（タナカ シンジ）,https://cf-vanguard.com/cardlist/?cardno=DZ-BT14/EX21&expansion=294&view=image,https://cf-vanguard.com/wordpress/wp-content/images/cardlist/DZ-BT14/dzbt14_147.png,ノーマルユニット,ドラゴンエンパイア,龍が如く/東城会/錦山組,グレード 1,パワー 8000,クリティカル 1,シールド 5000,ブースト,-,スタンダード,EXC,ⓒSEGA,【自】【(R)】【ターン1回】：このユニットがブーストしたバトル終了時、ブーストされたユニットが「錦山 彰」か「桐生 一馬」を含むなら、このユニットを【スタンド】させる。【自】【(R)/手札】：「桐生 一馬」を含むあなたのヴァンガードがアタックされたバトルのガードステップ開始時、【コスト】[このカードをバインドする]ことで、そのバトル中、そのユニットのパワー＋10000。（ガーディアンのコールやインターセプトする直前にできる）,言うだけ無駄なんだ　こういう時のこの人は……,Shinji Tanaka,https://cardfight.fandom.com/wiki/Shinji_Tanaka,VGE-DZ-BT14,DZ-BT14/EX21,120,,false
ブースターパック 【DZ-BT14】「赫月ノ使者」 2026/04/10(金) 発売 収録国家：ドラゴンエンパイア、ダークステイツ、ブラントゲート、ケテルサンクチュアリ、ストイケイア、リリカルモナステリオ,294,DZ-BT14/EX22,ポケサーファイター,（ポケサーファイター）,https://cf-vanguard.com/cardlist/?cardno=DZ-BT14/EX22&expansion=294&view=image,https://cf-vanguard.com/wordpress/wp-content/images/cardlist/DZ-BT14/dzbt14_148.png,ノーマルユニット,ドラゴンエンパイア,龍が如く,グレード 1,パワー 8000,クリティカル 1,シールド 5000,ブースト,-,スタンダード,EXC,ⓒSEGA,【永】：あなたのヴァンガードが〈龍が如く〉で、あなたの、ソウルとドロップとバインドゾーンの他のカードすべてがこのカードと別名なら、このカードは以下すべてを得る。・【自】：あなたのターンにこのカードがあなたのカードの能力で(R)か手札からソウルに置かれた時、あなたと相手は、自分の山札を上から３枚公開し、山札の下に自分の望む順で置く。この効果で公開された、あなたのカードのグレードの合計が、相手のカードのグレードの合計より高いならあなたは１枚引き、同じならあなたと相手は１枚引き、低いなら相手は１枚引く。,手加減はしないぞ！　カズマ君！,Pocket Circuit Fighter,https://cardfight.fandom.com/wiki/Pocket_Circuit_Fighter,VGE-DZ-BT14,DZ-BT14/EX22,50,,true
ブースターパック 【DZ-BT14】「赫月ノ使者」 2026/04/10(金) 発売 収録国家：ドラゴンエンパイア、ダークステイツ、ブラントゲート、ケテルサンクチュアリ、ストイケイア、リリカルモナステリオ,294,DZ-BT14/EX23,松重,（マツシゲ）,https://cf-vanguard.com/cardlist/?cardno=DZ-BT14/EX23&expansion=294&view=image,https://cf-vanguard.com/wordpress/wp-content/images/cardlist/DZ-BT14/dzbt14_149.png,ノーマルユニット,ドラゴンエンパイア,龍が如く/東城会/錦山組,グレード 1,パワー 8000,クリティカル 1,シールド 5000,ブースト,-,スタンダード,EXC,ⓒSEGA,【永】：あなたのヴァンガードが〈龍が如く〉で、あなたの、ソウルとドロップとバインドゾーンの他のカードすべてがこのカードと別名なら、このカードは以下すべてを得る。・【自】：あなたのターンにこのカードがあなたのカードの能力で(R)か手札からソウルに置かれた時、「錦山 彰」を含むあなたのリアガードがいるなら、【カウンターチャージ】(1)。・【起】【ソウル】：【コスト】[このカードをバインドする]ことで、【エネルギーチャージ】(3)。,やり方は俺に任せる　あんた　そう言ったな？,,,,,50,,true
ブースターパック 【DZ-BT14】「赫月ノ使者」 2026/04/10(金) 発売 収録国家：ドラゴンエンパイア、ダークステイツ、ブラントゲート、ケテルサンクチュアリ、ストイケイア、リリカルモナステリオ,294,DZ-BT14/EX24,ユウヤ,（ユウヤ）,https://cf-vanguard.com/cardlist/?cardno=DZ-BT14/EX24&expansion=294&view=image,https://cf-vanguard.com/wordpress/wp-content/images/cardlist/DZ-BT14/dzbt14_150.png,ノーマルユニット,ドラゴンエンパイア,龍が如く,グレード 1,パワー 8000,クリティカル 1,シールド 5000,ブースト,-,スタンダード,EXC,ⓒSEGA,【自】【ソウル】：「桐生 一馬」を含むあなたのヴァンガードがアタックされた時、このカードを(G)にコールしてよい。そうしたなら、そのバトル中、このユニットのシールド＋5000。「一輝」を含むあなたのソウルがあるなら、＋5000ではなく＋10000。,俺はこの店　命懸けで守るんだぁ‼,Yuya,https://cardfight.fandom.com/wiki/Yuya,VGE-DZ-BT14,DZ-BT14/EX24,120,220,true
ブースターパック 【DZ-BT14】「赫月ノ使者」 2026/04/10(金) 発売 収録国家：ドラゴンエンパイア、ダークステイツ、ブラントゲート、ケテルサンクチュアリ、ストイケイア、リリカルモナステリオ,294,DZ-BT14/EX25,澤村 由美,（サワムラ ユミ）,https://cf-vanguard.com/cardlist/?cardno=DZ-BT14/EX25&expansion=294&view=image,https://cf-vanguard.com/wordpress/wp-content/images/cardlist/DZ-BT14/dzbt14_151.png,ノーマルユニット,ドラゴンエンパイア,龍が如く,グレード 1,パワー 0,クリティカル 1,シールド 5000,ブースト,-,スタンダード,EXC,ⓒSEGA,【起】【ソウル】：あなたのヴァンガードが「桐生 一馬」を含み、「錦山 彰」を含むあなたのリアガードがいて、あなたのバインドゾーンすべてがこのカードと別名なら、【コスト】[このカードをバインドする]ことで、１枚引く。,ちょっと　もう酔ってるの？　私も入れなさい！,Yumi Sawamura,https://cardfight.fandom.com/wiki/Yumi_Sawamura,VGE-DZ-BT14,DZ-BT14/EX25,50,,true
ブースターパック 【DZ-BT14】「赫月ノ使者」 2026/04/10(金) 発売 収録国家：ドラゴンエンパイア、ダークステイツ、ブラントゲート、ケテルサンクチュアリ、ストイケイア、リリカルモナステリオ,294,DZ-BT14/EX26,権田原 進,（ゴンダワラ ススム）,https://cf-vanguard.com/cardlist/?cardno=DZ-BT14/EX26&expansion=294&view=image,https://cf-vanguard.com/wordpress/wp-content/images/cardlist/DZ-BT14/dzbt14_152.png,ノーマルユニット,ドラゴンエンパイア,龍が如く/権田原組,グレード 3,パワー 13000,クリティカル 1,シールド -,ツインドライブ、ペルソナライド,-,スタンダード,EXC,ⓒSEGA,【永】：あなたのヴァンガードが〈龍が如く〉なら、このカードは以下すべてを得る。・【起】【ソウル】：【コスト】[【カウンターブラスト】(1)]することで、このカードを(R)にコールし、そのターン中、パワー＋5000。・【自】【(R)】：あなたのドライブチェックで【治】が出た時、そのターン中、このユニットのパワー＋10000。,ここはパラダイスじゃけんのぅ。,Susumu Gondawara,https://cardfight.fandom.com/wiki/Susumu_Gondawara,VGE-DZ-BT14,DZ-BT14/EX26,50,,true
ブースターパック 【DZ-BT14】「赫月ノ使者」 2026/04/10(金) 発売 収録国家：ドラゴンエンパイア、ダークステイツ、ブラントゲート、ケテルサンクチュアリ、ストイケイア、リリカルモナステリオ,294,DZ-BT14/EX27,郷田 仁,（ゴウダ ジン）,https://cf-vanguard.com/cardlist/?cardno=DZ-BT14/EX27&expansion=294&view=image,https://cf-vanguard.com/wordpress/wp-content/images/cardlist/DZ-BT14/dzbt14_153.png,ノーマルユニット,ドラゴンエンパイア,龍が如く/近江連合,グレード 3,パワー 0,クリティカル 1,シールド -,ツインドライブ、ペルソナライド,-,スタンダード,EXC,ⓒSEGA,【起】【ソウル】：相手のヴァンガードがグレード３以上で、あなたのバインドゾーンすべてがこのカードと別名なら、【コスト】[【エネルギーブラスト】(3)，このカードをバインドする]ことで、あなたのドロップから「狭山 薫」を含むカードを１枚選び、(R)にコールし、あなたのドロップから「郷田 龍司」を含むカードを１枚選び、ソウルに置く。,今までホンマの事が言えんで　すまなんだ　龍司……,Jin Goda,https://cardfight.fandom.com/wiki/Jin_Goda,VGE-DZ-BT14,DZ-BT14/EX27,50,,true
ブースターパック 【DZ-BT14】「赫月ノ使者」 2026/04/10(金) 発売 収録国家：ドラゴンエンパイア、ダークステイツ、ブラントゲート、ケテルサンクチュアリ、ストイケイア、リリカルモナステリオ,294,DZ-BT14/EX28,寺田 行雄,（テラダ ユキオ）,https://cf-vanguard.com/cardlist/?cardno=DZ-BT14/EX28&expansion=294&view=image,https://cf-vanguard.com/wordpress/wp-content/images/cardlist/DZ-BT14/dzbt14_154.png,ノーマルユニット,ドラゴンエンパイア,龍が如く/東城会/近江連合,グレード 2,パワー 10000,クリティカル 1,シールド 5000,インターセプト,-,スタンダード,EXC,ⓒSEGA,【起】【ソウル】：あなたのヴァンガードが「桐生 一馬」を含むグレード３以上なら、【コスト】[このカード以外を【ソウルブラスト】(1)]することで、このカードを左後列の(R)にコールする。【永】【(R)】：このユニットと同じ縦列のあなたのユニットが、「桐生 一馬」か「郷田 龍司」を含むなら、このユニットは『ブースト』を得る。,これは全て　私が描いた絵図なんですよ……,Yukio Terada,https://cardfight.fandom.com/wiki/Yukio_Terada,VGE-DZ-BT14,DZ-BT14/EX28,50,,true
ブースターパック 【DZ-BT14】「赫月ノ使者」 2026/04/10(金) 発売 収録国家：ドラゴンエンパイア、ダークステイツ、ブラントゲート、ケテルサンクチュアリ、ストイケイア、リリカルモナステリオ,294,DZ-BT14/EX29,堂島 弥生,（ドウジマ ヤヨイ）,https://cf-vanguard.com/cardlist/?cardno=DZ-BT14/EX29&expansion=294&view=image,https://cf-vanguard.com/wordpress/wp-content/images/cardlist/DZ-BT14/dzbt14_155.png,ノーマルユニット,ドラゴンエンパイア,龍が如く/東城会,グレード 2,パワー 0,クリティカル 1,シールド 5000,インターセプト,-,スタンダード,EXC,ⓒSEGA,【起】【ソウル】：あなたのヴァンガードが「桐生 一馬」を含むグレード３以上で、あなたのバインドゾーンすべてがこのカードと別名なら、【コスト】[このカードをバインドする]ことで、以下を１つ行う。・「郷田 龍司」を含むあなたのリアガードがいるなら、１枚引く。・あなたのソウルに「アサガオ：大切な場所」があるなら、【コスト】[手札から１枚ソウルに置く]ことで、あなたの山札から「堂島 大吾」を含むカードを１枚まで探し、(R)にコールし、山札をシャッフルする。,お黙り！,Yayoi Dojima,https://cardfight.fandom.com/wiki/Yayoi_Dojima,VGE-DZ-BT14,DZ-BT14/EX29,50,,true
ブースターパック 【DZ-BT14】「赫月ノ使者」 2026/04/10(金) 発売 収録国家：ドラゴンエンパイア、ダークステイツ、ブラントゲート、ケテルサンクチュアリ、ストイケイア、リリカルモナステリオ,294,DZ-BT14/EX30,イ・リュウジョン,（イ・リュウジョン）,https://cf-vanguard.com/cardlist/?cardno=DZ-BT14/EX30&expansion=294&view=image,https://cf-vanguard.com/wordpress/wp-content/images/cardlist/DZ-BT14/dzbt14_156.png,ノーマルユニット,ドラゴンエンパイア,龍が如く,グレード 1,パワー 8000,クリティカル 1,シールド 5000,ブースト,-,スタンダード,EXC,ⓒSEGA,【自】【ソウル】：相手のターン終了時、このターンに、このカードと同名のあなたのカードがソウルから山札に置かれていなくて、「桐生 一馬」を含むグレード３以上のあなたのヴァンガードが、５回以上アタックされていて、ヒットされていないなら、【コスト】[このカードを山札の下に置く]ことで、１枚引く。,神室町、アナタに案内して欲しい。,Il Yu-Jin,https://cardfight.fandom.com/wiki/Il_Yu-Jin,VGE-DZ-BT14,DZ-BT14/EX30,50,,true
ブースターパック 【DZ-BT14】「赫月ノ使者」 2026/04/10(金) 発売 収録国家：ドラゴンエンパイア、ダークステイツ、ブラントゲート、ケテルサンクチュアリ、ストイケイア、リリカルモナステリオ,294,DZ-BT14/EX31,狭山 民代,（サヤマ タミヨ）,https://cf-vanguard.com/cardlist/?cardno=DZ-BT14/EX31&expansion=294&view=image,https://cf-vanguard.com/wordpress/wp-content/images/cardlist/DZ-BT14/dzbt14_157.png,ノーマルユニット,ドラゴンエンパイア,龍が如く,グレード 1,パワー 0,クリティカル 1,シールド 5000,ブースト,-,スタンダード,EXC,ⓒSEGA,【自】：このカードが「堂島の龍　桐生 一馬」の能力でライドデッキからソウルに置かれた時、【コスト】[手札から１枚ソウルに置く]ことで、あなたの山札から「狭山 薫」を含むカードを１枚まで探し、公開して手札に加え、山札をシャッフルする。,“あなたのお父さんは生きている　だから桐生さんを信じてあげて”,Tamiyo Sayama,https://cardfight.fandom.com/wiki/Tamiyo_Sayama,VGE-DZ-BT14,DZ-BT14/EX31,50,,true
ブースターパック 【DZ-BT14】「赫月ノ使者」 2026/04/10(金) 発売 収録国家：ドラゴンエンパイア、ダークステイツ、ブラントゲート、ケテルサンクチュアリ、ストイケイア、リリカルモナステリオ,294,DZ-BT14/EX32,アサガオの長女　澤村 遥,（アサガオノチョウジョ　サワムラ ハルカ）,https://cf-vanguard.com/cardlist/?cardno=DZ-BT14/EX32&expansion=294&view=image,https://cf-vanguard.com/wordpress/wp-content/images/cardlist/DZ-BT14/dzbt14_158.png,ノーマルユニット,ドラゴンエンパイア,龍が如く,グレード 3,パワー 0,クリティカル 1,シールド -,ツインドライブ、ペルソナライド,-,スタンダード,EXC,ⓒSEGA,【起】【ソウル】：あなたのヴァンガードが「桐生 一馬」を含むグレード３以上で、あなたのソウルに「アサガオ：大切な場所」があるなら、【コスト】[ライドデッキにしたこのカードをライドデッキに表で置き、手札から１枚ソウルに置く]ことで、あなたの、山札かドロップから「桐生 一馬」を含むカードを１枚まで探し、公開して手札に加える。山札から探したなら、山札をシャッフルする。,私がアサガオのみんなの事　絶対に守るから,"Morning Glory Orphanage's Eldest Daughter, Haruka Sawamura","https://cardfight.fandom.com/wiki/Morning_Glory_Orphanage%27s_Eldest_Daughter,_Haruka_Sawamura",VGE-DZ-BT14,DZ-BT14/EX32,50,,true
ブースターパック 【DZ-BT14】「赫月ノ使者」 2026/04/10(金) 発売 収録国家：ドラゴンエンパイア、ダークステイツ、ブラントゲート、ケテルサンクチュアリ、ストイケイア、リリカルモナステリオ,294,DZ-BT14/EX33,神田 強,（カンダ ツヨシ）,https://cf-vanguard.com/cardlist/?cardno=DZ-BT14/EX33&expansion=294&view=image,https://cf-vanguard.com/wordpress/wp-content/images/cardlist/DZ-BT14/dzbt14_159.png,ノーマルユニット,ドラゴンエンパイア,龍が如く/東城会/錦山組,グレード 2,パワー 10000,クリティカル 1,シールド 5000,インターセプト,-,スタンダード,EXC,ⓒSEGA,【起】【ソウル】：あなたのヴァンガードが「桐生 一馬」を含むグレード３以上なら、【コスト】[このカード以外を【ソウルブラスト】(1)]することで、このカードを左後列の(R)にコールする。【自】【左後列の(R)】：このユニットがアタックした時、あなたのヴァンガードがグレード３以上の〈龍が如く〉なら、そのバトル中、このユニットのパワー＋5000。このターンにあなたがペルソナライドしているなら、＋5000ではなく＋15000。,戦争や！　いよいよ戦争が始まんで！,Tsuyoshi Kanda,https://cardfight.fandom.com/wiki/Tsuyoshi_Kanda,VGE-DZ-BT14,DZ-BT14/EX33,120,,false
ブースターパック 【DZ-BT14】「赫月ノ使者」 2026/04/10(金) 発売 収録国家：ドラゴンエンパイア、ダークステイツ、ブラントゲート、ケテルサンクチュアリ、ストイケイア、リリカルモナステリオ,294,DZ-BT14/EX34,ミヤさん,（ミヤサン）,https://cf-vanguard.com/cardlist/?cardno=DZ-BT14/EX34&expansion=294&view=image,https://cf-vanguard.com/wordpress/wp-content/images/cardlist/DZ-BT14/dzbt14_160.png,ノーマルユニット,ドラゴンエンパイア,龍が如く,グレード 1,パワー 8000,クリティカル 1,シールド 5000,ブースト,-,スタンダード,EXC,ⓒSEGA,【永】：あなたのヴァンガードが〈龍が如く〉で、あなたの、ソウルとドロップとバインドゾーンの他のカードすべてがこのカードと別名なら、このカードは以下すべてを得る。・【自】：あなたのターンにこのカードがあなたのカードの能力で(R)か手札からソウルに置かれた時、あなたのドロップからそれぞれ別名の〈龍が如く〉のトリガーカードを３枚まで選び、ソウルに置く。,琉球古武術を教えたら　今の沖縄には俺の右に出る者はいないさ,Miya-san,https://cardfight.fandom.com/wiki/Miya-san,VGE-DZ-BT14,DZ-BT14/EX34,50,,true
ブースターパック 【DZ-BT14】「赫月ノ使者」 2026/04/10(金) 発売 収録国家：ドラゴンエンパイア、ダークステイツ、ブラントゲート、ケテルサンクチュアリ、ストイケイア、リリカルモナステリオ,294,DZ-BT14/EX35,アサガオ：大切な場所,（アサガオ：タイセツナバショ）,https://cf-vanguard.com/cardlist/?cardno=DZ-BT14/EX35&expansion=294&view=image,https://cf-vanguard.com/wordpress/wp-content/images/cardlist/DZ-BT14/dzbt14_161.png,ノーマルユニット,ドラゴンエンパイア,龍が如く,グレード 1,パワー 0,クリティカル 1,シールド 5000,ブースト,-,スタンダード,EXC,ⓒSEGA,【自】：このカードが「堂島の龍　桐生 一馬」の能力でライドデッキからソウルに置かれた時、【コスト】[ライドデッキから「アサガオの長女　澤村 遥」を１枚公開する]ことで、あなたの山札から「柏木 修」を含むカードを１枚まで探し、ソウルに置き、山札をシャッフルする。,-,,,,,50,,true
ブースターパック 【DZ-BT14】「赫月ノ使者」 2026/04/10(金) 発売 収録国家：ドラゴンエンパイア、ダークステイツ、ブラントゲート、ケテルサンクチュアリ、ストイケイア、リリカルモナステリオ,294,DZ-BT14/EX36,古牧流・無手返し,（コマキリュウ・ムテガエシ）,https://cf-vanguard.com/cardlist/?cardno=DZ-BT14/EX36&expansion=294&view=image,https://cf-vanguard.com/wordpress/wp-content/images/cardlist/DZ-BT14/dzbt14_162.png,ノーマルユニット,ドラゴンエンパイア,龍が如く,グレード 1,パワー 6000,クリティカル 1,シールド 0,ブースト,-,スタンダード,EXC,ⓒSEGA,【永】：守護者（守護者を持つカードはデッキに合計４枚まで入れられる）【自】：このユニットが(G)に置かれた時、あなたのユニットを１枚選び、そのバトル中、ヒットされない。あなたの手札が２枚以上なら、手札から１枚選び、捨てる。,-,Komaki Style: Unarmed Parry,https://cardfight.fandom.com/wiki/Komaki_Style:_Unarmed_Parry,VGE-DZ-BT14,DZ-BT14/EX36,220,,true
ブースターパック 【DZ-BT14】「赫月ノ使者」 2026/04/10(金) 発売 収録国家：ドラゴンエンパイア、ダークステイツ、ブラントゲート、ケテルサンクチュアリ、ストイケイア、リリカルモナステリオ,294,DZ-BT14/EX37,堂島の龍　桐生 一馬,（ドウジマノリュウ　キリュウ カズマ）,https://cf-vanguard.com/cardlist/?cardno=DZ-BT14/EX37&expansion=294&view=image,https://cf-vanguard.com/wordpress/wp-content/images/cardlist/DZ-BT14/dzbt14_163.png,ノーマルユニット,ドラゴンエンパイア,龍が如く/東城会,グレード 0,パワー 6000,クリティカル 1,シールド 5000,ブースト,-,スタンダード,EXC,ⓒSEGA,【永】【(V)】：あなたの、ソウルかドロップの、ライドデッキにしたグレード１以上の〈龍が如く〉の合計１種類につき、このユニットのグレード＋１/パワー＋2000。（相手ターンも有効）【自】【(V)】：あなたのメインフェイズ開始時、あなたのライドデッキから〈龍が如く〉を１枚まで選び、ソウルに置く。その後、あなたのヴァンガードのグレードにより以下を１つ行う。・グレード１‐あなたのライドデッキから「エネルギージェネレーター」を１枚まで選び、クレストゾーンに置く。置いて、あなたが後攻なら、【エネルギーチャージ】(3)。・グレード３‐あなたの、山札か手札から「桐生 一馬」を含むグレード３を１枚まで探し、【スタンド】でライドし、山札から探したなら、山札をシャッフルする。,だから　お前はここにいちゃいけねえんだ,"Dragon of Dojima, Kazuma Kiryu","https://cardfight.fandom.com/wiki/Dragon_of_Dojima,_Kazuma_Kiryu",VGE-DZ-BT14,DZ-BT14/EX37,50,,true
ブースターパック 【DZ-BT14】「赫月ノ使者」 2026/04/10(金) 発売 収録国家：ドラゴンエンパイア、ダークステイツ、ブラントゲート、ケテルサンクチュアリ、ストイケイア、リリカルモナステリオ,294,DZ-BT14/EX38,堂島の龍スタイル：無類の強さ,（ドウジマノリュウスタイル：ムルイノツヨサ）,https://cf-vanguard.com/cardlist/?cardno=DZ-BT14/EX38&expansion=294&view=image,https://cf-vanguard.com/wordpress/wp-content/images/cardlist/DZ-BT14/dzbt14_164.png,トリガーユニット,ドラゴンエンパイア,-,グレード 0,パワー 5000,クリティカル 1,シールド 50000,ブースト,オーバートリガー＋100000000,スタンダード,EXC,ⓒSEGA,【永】：このカードは「再起の竜神王 ドラグヴェーダ」として扱う。（【超】はデッキに１枚だけ入れられる。トリガーで出たら、そのカードを除外し、１枚引き、あなたのユニットを１枚選び、そのターン中、パワー＋１億！ドライブチェックで出たら、追加効果も発動！）追加効果－あなたのヴァンガードを１枚選び、【スタンド】させる！,-,Dragon of Dojima Style: Unrivaled Strength,https://cardfight.fandom.com/wiki/Dragon_of_Dojima_Style:_Unrivaled_Strength,VGE-DZ-BT14,DZ-BT14/EX38,50,,true
ブースターパック 【DZ-BT14】「赫月ノ使者」 2026/04/10(金) 発売 収録国家：ドラゴンエンパイア、ダークステイツ、ブラントゲート、ケテルサンクチュアリ、ストイケイア、リリカルモナステリオ,294,DZ-BT14/EX39,壊し屋スタイル：豪力の鎮圧,（コワシヤスタイル：ゴウリキノチンアツ）,https://cf-vanguard.com/cardlist/?cardno=DZ-BT14/EX39&expansion=294&view=image,https://cf-vanguard.com/wordpress/wp-content/images/cardlist/DZ-BT14/dzbt14_165.png,トリガーユニット,ドラゴンエンパイア,龍が如く,グレード 0,パワー 5000,クリティカル 1,シールド 15000,ブースト,クリティカルトリガー＋10000,スタンダード,EXC,ⓒSEGA,-,-,Brawler Style: Suppression of Might,https://cardfight.fandom.com/wiki/Brawler_Style:_Suppression_of_Might,VGE-DZ-BT14,DZ-BT14/EX39,220,,true
ブースターパック 【DZ-BT14】「赫月ノ使者」 2026/04/10(金) 発売 収録国家：ドラゴンエンパイア、ダークステイツ、ブラントゲート、ケテルサンクチュアリ、ストイケイア、リリカルモナステリオ,294,DZ-BT14/EX40,ラッシュスタイル：華麗なフットワーク,（ラッシュスタイル：カレイナフットワーク）,https://cf-vanguard.com/cardlist/?cardno=DZ-BT14/EX40&expansion=294&view=image,https://cf-vanguard.com/wordpress/wp-content/images/cardlist/DZ-BT14/dzbt14_166.png,トリガーユニット,ドラゴンエンパイア,龍が如く,グレード 0,パワー 5000,クリティカル 1,シールド 15000,ブースト,クリティカルトリガー＋10000,スタンダード,EXC,ⓒSEGA,-,-,Rush Style: Elegant Footwork,https://cardfight.fandom.com/wiki/Rush_Style:_Elegant_Footwork,VGE-DZ-BT14,DZ-BT14/EX40,220,,true
ブースターパック 【DZ-BT14】「赫月ノ使者」 2026/04/10(金) 発売 収録国家：ドラゴンエンパイア、ダークステイツ、ブラントゲート、ケテルサンクチュアリ、ストイケイア、リリカルモナステリオ,294,DZ-BT14/EX41,ボブ宇都宮,（ボブウツノミヤ）,https://cf-vanguard.com/cardlist/?cardno=DZ-BT14/EX41&expansion=294&view=image,https://cf-vanguard.com/wordpress/wp-content/images/cardlist/DZ-BT14/dzbt14_167.png,トリガーユニット,ドラゴンエンパイア,龍が如く,グレード 0,パワー 5000,クリティカル 1,シールド 5000,ブースト,ドロートリガー＋10000,スタンダード,EXC,ⓒSEGA,-,おう、今日は何の用だ。,Bob Utsunomiya,https://cardfight.fandom.com/wiki/Bob_Utsunomiya,VGE-DZ-BT14,DZ-BT14/EX41,50,,true
ブースターパック 【DZ-BT14】「赫月ノ使者」 2026/04/10(金) 発売 収録国家：ドラゴンエンパイア、ダークステイツ、ブラントゲート、ケテルサンクチュアリ、ストイケイア、リリカルモナステリオ,294,DZ-BT14/EX42,チンピラスタイル：根性反撃,（チンピラスタイル：コンジョウハンゲキ）,https://cf-vanguard.com/cardlist/?cardno=DZ-BT14/EX42&expansion=294&view=image,https://cf-vanguard.com/wordpress/wp-content/images/cardlist/DZ-BT14/dzbt14_168.png,トリガーユニット,ドラゴンエンパイア,龍が如く,グレード 0,パワー 5000,クリティカル 1,シールド 15000,ブースト,フロントトリガー＋10000,スタンダード,EXC,ⓒSEGA,-,-,Thug Style: Resolute Counter,https://cardfight.fandom.com/wiki/Thug_Style:_Resolute_Counter,VGE-DZ-BT14,DZ-BT14/EX42,50,,true
ブースターパック 【DZ-BT14】「赫月ノ使者」 2026/04/10(金) 発売 収録国家：ドラゴンエンパイア、ダークステイツ、ブラントゲート、ケテルサンクチュアリ、ストイケイア、リリカルモナステリオ,294,DZ-BT14/EX43,神室町の食通,（カムロチョウノショクツウ）,https://cf-vanguard.com/cardlist/?cardno=DZ-BT14/EX43&expansion=294&view=image,https://cf-vanguard.com/wordpress/wp-content/images/cardlist/DZ-BT14/dzbt14_169.png,トリガーユニット,ドラゴンエンパイア,龍が如く,グレード 0,パワー 5000,クリティカル 1,シールド 15000,ブースト,ヒールトリガー＋10000,スタンダード,EXC,ⓒSEGA,（【治】はデッキに合計４枚まで入れられる）,-,Kamurocho Gourmet,https://cardfight.fandom.com/wiki/Kamurocho_Gourmet,VGE-DZ-BT14,DZ-BT14/EX43,120,,true
ブースターパック 【DZ-BT14】「赫月ノ使者」 2026/04/10(金) 発売 収録国家：ドラゴンエンパイア、ダークステイツ、ブラントゲート、ケテルサンクチュアリ、ストイケイア、リリカルモナステリオ,294,DZ-BT14/EXS01,桐生 一馬,（キリュウ カズマ）,https://cf-vanguard.com/cardlist/?cardno=DZ-BT14/EXS01&expansion=294&view=image,https://cf-vanguard.com/wordpress/wp-content/images/cardlist/DZ-BT14/dzbt14_170.png,ノーマルユニット,ドラゴンエンパイア,龍が如く/東城会,グレード 3,パワー 13000,クリティカル 1,シールド -,ツインドライブ、ペルソナライド,-,スタンダード,EXS,ⓒSEGA,【永】【(V)】：あなたのターン中、あなたの、ソウルとバインドゾーンの〈龍が如く〉１枚につき、このユニットのパワー＋1000。【起】【(V)】【ターン1回】：【コスト】[(R)か手札から〈龍が如く〉を１枚ソウルに置く]ことで、あなたの山札を上から７枚見て、守護者を持たない〈龍が如く〉を１枚まで選び、公開して手札に加え、山札をシャッフルする。【自】【(V)】【ターン1回】：このユニットがアタックしたバトル終了時、【コスト】[【カウンターブラスト】(1)]することで、このユニットを【スタンド】させ、そのターン中、ドライブ－１。,-,Kazuma Kiryu,https://cardfight.fandom.com/wiki/Kazuma_Kiryu,VGE-DZ-BT14,DZ-BT14/EX01,14800,,true
ブースターパック 【DZ-BT14】「赫月ノ使者」 2026/04/10(金) 発売 収録国家：ドラゴンエンパイア、ダークステイツ、ブラントゲート、ケテルサンクチュアリ、ストイケイア、リリカルモナステリオ,294,DZ-BT14/EXS02,錦山 彰,（ニシキヤマ アキラ）,https://cf-vanguard.com/cardlist/?cardno=DZ-BT14/EXS02&expansion=294&view=image,https://cf-vanguard.com/wordpress/wp-content/images/cardlist/DZ-BT14/dzbt14_171.png,ノーマルユニット,ドラゴンエンパイア,龍が如く/東城会/錦山組,グレード 2,パワー 10000,クリティカル 1,シールド 5000,インターセプト,-,スタンダード,EXS,ⓒSEGA,【起】【ソウル】：あなたのヴァンガードが「桐生 一馬」を含むグレード３以上なら、【コスト】[このカード以外を【ソウルブラスト】(1)]することで、このカードを(R)にコールし、そのターン中、パワー＋5000。【自】：このユニットが(R)に登場した時、【コスト】[【カウンターブラスト】(1)]することで、あなたの山札を上から７枚見て、〈錦山組〉を１枚まで選び、公開して手札に加え、山札をシャッフルする。公開しなかったなら、【カウンターチャージ】(1)。【自】【左前列の(R)】【ターン1回】：あなたのバトルフェイズに「桐生 一馬」を含むグレード３以上のあなたのヴァンガードが【スタンド】した時、あなたの、ソウルかバインドゾーンにライドデッキにした「麗奈」を含むカードがあるなら、【コスト】[【エネルギーブラスト】(3)]することで、このユニットを【スタンド】させ、そのターン中、パワー＋5000。,-,Akira Nishikiyama,https://cardfight.fandom.com/wiki/Akira_Nishikiyama,VGE-DZ-BT14,DZ-BT14/EX02,2980,,true
ブースターパック 【DZ-BT14】「赫月ノ使者」 2026/04/10(金) 発売 収録国家：ドラゴンエンパイア、ダークステイツ、ブラントゲート、ケテルサンクチュアリ、ストイケイア、リリカルモナステリオ,294,DZ-BT14/EXS03,伊達 真,（ダテ マコト）,https://cf-vanguard.com/cardlist/?cardno=DZ-BT14/EXS03&expansion=294&view=image,https://cf-vanguard.com/wordpress/wp-content/images/cardlist/DZ-BT14/dzbt14_172.png,ノーマルユニット,ドラゴンエンパイア,龍が如く/警察,グレード 2,パワー 10000,クリティカル 1,シールド 5000,インターセプト,-,スタンダード,EXS,ⓒSEGA,【起】【ドロップ】：このターンに「桐生 一馬」を含むグレード３以上のあなたのヴァンガードが登場していて、「錦山 彰」を含むあなたのリアガードがいるなら、【コスト】[【エネルギーブラスト】(3)]することで、このカードを(R)にコールする。【永】【(R)/(G)】：あなたのヴァンガードが「桐生 一馬」を含むなら、このユニットのシールド＋5000。あなたのヴァンガードがグレード３以上なら、さらにパワー＋5000。,-,Makoto Date,https://cardfight.fandom.com/wiki/Makoto_Date,VGE-DZ-BT14,DZ-BT14/EX03,980,1280,true
ブースターパック 【DZ-BT14】「赫月ノ使者」 2026/04/10(金) 発売 収録国家：ドラゴンエンパイア、ダークステイツ、ブラントゲート、ケテルサンクチュアリ、ストイケイア、リリカルモナステリオ,294,DZ-BT14/EXS04,真島 吾朗,（マジマ ゴロウ）,https://cf-vanguard.com/cardlist/?cardno=DZ-BT14/EXS04&expansion=294&view=image,https://cf-vanguard.com/wordpress/wp-content/images/cardlist/DZ-BT14/dzbt14_173.png,ノーマルユニット,ドラゴンエンパイア,龍が如く/東城会/真島組,グレード 2,パワー 10000,クリティカル 1,シールド 5000,インターセプト,-,スタンダード,EXS,ⓒSEGA,【自】：このユニットが(R)に登場した時、あなたのヴァンガードが「桐生 一馬」を含むなら、【コスト】[【カウンターブラスト】(1)]することで、１枚引く。【永】【(R)】：あなたのヴァンガードが「桐生 一馬」を含むグレード３以上なら、このユニットのパワー＋5000。【自】【中央後列の(R)】：「桐生 一馬」を含むあなたのヴァンガードがアタックした時、【コスト】[このユニットを【レスト】させる]ことで、そのバトル中、そのユニットのパワーを、このユニットのパワー分、増やす。そのバトル終了時、さらに【コスト】[このユニットをソウルに置く]ことで、あなたのドロップから〈龍が如く〉を１枚選び、ソウルに置く。,-,Goro Majima,https://cardfight.fandom.com/wiki/Goro_Majima,VGE-DZ-BT14,DZ-BT14/EX04,9980,,true
ブースターパック 【DZ-BT14】「赫月ノ使者」 2026/04/10(金) 発売 収録国家：ドラゴンエンパイア、ダークステイツ、ブラントゲート、ケテルサンクチュアリ、ストイケイア、リリカルモナステリオ,294,DZ-BT14/EXS05,狭山 薫,（サヤマ カオル）,https://cf-vanguard.com/cardlist/?cardno=DZ-BT14/EXS05&expansion=294&view=image,https://cf-vanguard.com/wordpress/wp-content/images/cardlist/DZ-BT14/dzbt14_174.png,ノーマルユニット,ドラゴンエンパイア,龍が如く/警察,グレード 2,パワー 10000,クリティカル 1,シールド 5000,インターセプト,-,スタンダード,EXS,ⓒSEGA,【起】【ドロップ】：このターンに「桐生 一馬」を含むグレード３以上のあなたのヴァンガードが登場していて、「郷田 龍司」を含むあなたのリアガードがいるなら、【コスト】[【エネルギーブラスト】(3)]することで、このカードを(R)にコールする。【永】【(G)】：あなたのヴァンガードが「桐生 一馬」を含むなら、このユニットのシールド＋5000。あなたのヴァンガードがグレード３以上なら、さらにシールド＋5000。,-,Kaoru Sayama,https://cardfight.fandom.com/wiki/Kaoru_Sayama,VGE-DZ-BT14,DZ-BT14/EX05,980,1480,true
ブースターパック 【DZ-BT14】「赫月ノ使者」 2026/04/10(金) 発売 収録国家：ドラゴンエンパイア、ダークステイツ、ブラントゲート、ケテルサンクチュアリ、ストイケイア、リリカルモナステリオ,294,DZ-BT14/EXS06,郷田 龍司,（ゴウダ リュウジ）,https://cf-vanguard.com/cardlist/?cardno=DZ-BT14/EXS06&expansion=294&view=image,https://cf-vanguard.com/wordpress/wp-content/images/cardlist/DZ-BT14/dzbt14_175.png,ノーマルユニット,ドラゴンエンパイア,龍が如く/近江連合,グレード 2,パワー 10000,クリティカル 1,シールド 5000,インターセプト,-,スタンダード,EXS,ⓒSEGA,【起】【ソウル】：あなたのヴァンガードが「桐生 一馬」を含むグレード３以上なら、【コスト】[このカード以外を【ソウルブラスト】(1)]することで、このカードを左前列の(R)にコールし、そのターン中、パワー＋5000。【自】【左前列の(R)】【ターン1回】：このユニットがアタックした時、あなたのヴァンガードが「桐生 一馬」を含むなら、以下を１つ行う。さらにあなたのヴァンガードがグレード３以上なら、そのターン中、このユニットのパワー＋5000。・【コスト】[【エネルギーブラスト】(3)]することで、１枚引く。・相手のヴァンガードがグレード３以上で、あなたの、ソウルかバインドゾーンにライドデッキにした「郷田 仁」を含むカードがあり、このバトルフェイズにあなたのヴァンガードが【スタンド】しているなら、【コスト】[手札から１枚捨てる]ことで、そのバトル中、このユニットはドライブチェックを行う。,-,Ryuji Goda,https://cardfight.fandom.com/wiki/Ryuji_Goda,VGE-DZ-BT14,DZ-BT14/EX06,1480,,false
ブースターパック 【DZ-BT14】「赫月ノ使者」 2026/04/10(金) 発売 収録国家：ドラゴンエンパイア、ダークステイツ、ブラントゲート、ケテルサンクチュアリ、ストイケイア、リリカルモナステリオ,294,DZ-BT14/EXS07,峯 義孝,（ミネ ヨシタカ）,https://cf-vanguard.com/cardlist/?cardno=DZ-BT14/EXS07&expansion=294&view=image,https://cf-vanguard.com/wordpress/wp-content/images/cardlist/DZ-BT14/dzbt14_176.png,ノーマルユニット,ドラゴンエンパイア,龍が如く/東城会/白峯会,グレード 2,パワー 10000,クリティカル 1,シールド 5000,インターセプト,-,スタンダード,EXS,ⓒSEGA,【自】：このユニットが左前列の(R)に登場した時、あなたのヴァンガードが「桐生 一馬」を含み、あなたのソウルに「アサガオ：大切な場所」があるなら、【コスト】[【エネルギーブラスト】(3)か手札から１枚ソウルに置く]ことで、１枚引く。【永】【左前列の(R)】：あなたのヴァンガードが「桐生 一馬」を含むグレード３以上なら、このユニットと同じ縦列の「神田 強」を含むあなたのユニットは後列からでもアタックとインターセプトでき、元々のパワーは15000になる。（相手ターンも有効）【自】【左前列の(R)】：「桐生 一馬」を含むグレード３以上のあなたのヴァンガードが、そのユニットが元々持つ能力で【スタンド】した時、「神田 強」を含むあなたのリアガードを１枚選び、そのターン中、このユニットのパワーを、そのユニットの元々のパワー分、増やす。相手のヴァンガードがグレード３以上で、「神田 強」を含むあなたのバインドゾーンがないなら、【コスト】[このユニットと同じ縦列の「神田 強」を含むユニットを１枚バインドする]ことで、そのターン中、あなたのヴァンガードのドライブ＋１。,-,Yoshitaka Mine,https://cardfight.fandom.com/wiki/Yoshitaka_Mine,VGE-DZ-BT14,DZ-BT14/EX07,3980,,false
ブースターパック 【DZ-BT14】「赫月ノ使者」 2026/04/10(金) 発売 収録国家：ドラゴンエンパイア、ダークステイツ、ブラントゲート、ケテルサンクチュアリ、ストイケイア、リリカルモナステリオ,294,DZ-BT14/EXS08,堂島 大吾,（ドウジマ ダイゴ）,https://cf-vanguard.com/cardlist/?cardno=DZ-BT14/EXS08&expansion=294&view=image,https://cf-vanguard.com/wordpress/wp-content/images/cardlist/DZ-BT14/dzbt14_177.png,ノーマルユニット,ドラゴンエンパイア,龍が如く/東城会,グレード 2,パワー 10000,クリティカル 1,シールド 5000,インターセプト,-,スタンダード,EXS,ⓒSEGA,【自】【ドロップ】：「桐生 一馬」を含むグレード３以上のあなたのヴァンガードが登場した時、【コスト】[【エネルギーブラスト】(3)]することで、このカードを(R)にコールする。【自】：このユニットが(R)に登場した時、【コスト】[【カウンターブラスト】(1)]することで、あなたのドロップから〈東城会〉のユニットカードを１枚選び、(R)にコールする。【自】【(R)】：このユニットが〈東城会〉にブーストされた時、そのバトル中、このユニットのパワー＋5000。,-,Daigo Dojima,https://cardfight.fandom.com/wiki/Daigo_Dojima,VGE-DZ-BT14,DZ-BT14/EX08,2980,,true
ブースターパック 【DZ-BT14】「赫月ノ使者」 2026/04/10(金) 発売 収録国家：ドラゴンエンパイア、ダークステイツ、ブラントゲート、ケテルサンクチュアリ、ストイケイア、リリカルモナステリオ,294,DZ-BT14/FFR01,ユースベルク“龍吼燎騎・幻影”,（ユースベルク“ドラグフォース・アームズ・ファントム”）,https://cf-vanguard.com/cardlist/?cardno=DZ-BT14/FFR01&expansion=294&view=image,https://cf-vanguard.com/wordpress/wp-content/images/cardlist/DZ-BT14/dzbt14_178.png,ノーマルユニット,ドラゴンエンパイア,ヒューマン/幻影,グレード 3,パワー 13000,クリティカル 1,シールド -,ツインドライブ、ペルソナライド,-,スタンダード,FFR,萩谷薫,【ドラグドレス】－【自】【(V)】：このユニットがアタックしたバトル終了時、あなたの手札から「滅龍燎騎」を含むカードを１枚まで選び、【スタンド】でライドし、そのターン中、ドライブ－２。ライドしたなら、そのターン終了時、あなたのソウルから「ユースベルク“龍吼燎騎・幻影”」を１枚選び、【レスト】でライドする。【起】【(V)】【ターン1回】：【コスト】[手札から１枚捨てる]ことで、あなたの山札を上から３枚見て、「滅龍燎騎」を含むカードか、グレード２以下を１枚まで選び、公開し、「滅龍燎騎」を含むなら手札に加え、違うなら(R)にコールする。残りすべてを捨ててよい。捨てなかったなら、それらを山札の下に望む順で置く。【自】【(V)】：あなたのメインフェイズ開始時、そのターン中、あなたは『あなたのヴァンガードがアタックした時、種族に〈ドラゴン〉を含むあなたのドロップ１枚につき、そのバトル中、そのユニットのパワー＋1000。』を得る。,-,"Youthberk ""Drægforce Arms: Fantôme""",https://cardfight.fandom.com/wiki/Youthberk_%22Dr%C3%A6gforce_Arms:_Fant%C3%B4me%22,VGE-DZ-BT14,DZ-BT14/001,5980,,true
ブースターパック 【DZ-BT14】「赫月ノ使者」 2026/04/10(金) 発売 収録国家：ドラゴンエンパイア、ダークステイツ、ブラントゲート、ケテルサンクチュアリ、ストイケイア、リリカルモナステリオ,294,DZ-BT14/FFR02,ユースベルク“滅龍燎騎・赫絶”,（ユースベルク“ドラグフォーム・ダイナスト”）,https://cf-vanguard.com/cardlist/?cardno=DZ-BT14/FFR02&expansion=294&view=image,https://cf-vanguard.com/wordpress/wp-content/images/cardlist/DZ-BT14/dzbt14_179.png,ノーマルユニット,ドラゴンエンパイア,ヒューマン/幻影,グレード 3,パワー 13000,クリティカル 1,シールド -,ツインドライブ、ペルソナライド,-,スタンダード,FFR,萩谷薫,【永】【山札】：あなたのヴァンガードが「ユース」を含むなら、このカードが赫月カードの能力で公開されている間、このカードは赫月カードとして扱う。【自】：このユニットが【ドラグドレス】能力で(V)に登場した時、以下すべてを行う。・そのターン中、あなたの前列のリアガードすべてのパワー＋5000。相手のヴァンガードがグレード３以上なら、さらにパワー＋5000。・【コスト】[【カウンターブラスト】(1)]することで、そのターン中、このユニットのドライブ＋１。相手のヴァンガードがグレード３以上なら、さらにクリティカル＋１。【ファントムスキル】－【自】【(V)】【ターン1回】：このユニットがアタックした時、【コスト】[手札かソウルかドロップから、赫月カードを合計１枚以上、２枚までバインドする]ことで、相手のリアガードを、このコストでバインドされたカードと同じ枚数選び、退却させ、そのターン中、あなたの前列のユニットすべてのパワー＋5000。あなたのバインドゾーンに赫月カードが３枚以上なら、さらにパワー＋5000。,-,"Youthberk ""DrægForm: Dynast""",https://cardfight.fandom.com/wiki/Youthberk_%22Dr%C3%A6gForm:_Dynast%22,VGE-DZ-BT14,DZ-BT14/002,5980,,true
ブースターパック 【DZ-BT14】「赫月ノ使者」 2026/04/10(金) 発売 収録国家：ドラゴンエンパイア、ダークステイツ、ブラントゲート、ケテルサンクチュアリ、ストイケイア、リリカルモナステリオ,294,DZ-BT14/FFR03,無双の幻真獣 ザルヴァ・ドラグニア,（ムソウノゲンマジュウ ザルヴァ・ドラグニア）,https://cf-vanguard.com/cardlist/?cardno=DZ-BT14/FFR03&expansion=294&view=image,https://cf-vanguard.com/wordpress/wp-content/images/cardlist/DZ-BT14/dzbt14_180.png,ノーマルユニット,ドラゴンエンパイア,幻真獣,グレード 2,パワー 10000,クリティカル 1,シールド 5000,インターセプト,-,スタンダード,FFR,萩谷薫,【自】：このユニットが手札から(R)に登場した時、【コスト】[【ソウルブラスト】(1)]することで、あなたの山札を上から７枚見て、「ヴァルガ」を含むユニットカードを１枚まで選び、公開して手札に加え、山札をシャッフルする。【永】：あなたのヴァンガードが「ヴァルガ」を含むグレード３以上なら、このカードは以下すべてを得る。・【永】【(R)】：あなたのターン中、このユニットのパワー＋5000し、このユニットと同じ横列の他のリアガードすべてがこのユニットと別名なら、このユニットは『ブースト』を得て、あなたのカードの効果で退却しない。・【自】【(R)】【ターン1回】：バトルフェイズにあなたのヴァンガードが【スタンド】した時、そのターン中、このユニットのパワー＋5000し、このユニットと同じ横列の他のリアガードすべてがこのユニットと別名で、このファイトであなたが【ディヴァインスキル】を使っているなら、【コスト】[【エネルギーブラスト】(3)]することで、さらにクリティカルを２にする。,-,"Mythisch of Unparalleled, Zalva Dragnia","https://cardfight.fandom.com/wiki/Mythisch_of_Unparalleled,_Zalva_Dragnia",VGE-DZ-BT14,DZ-BT14/003,4980,,true
ブースターパック 【DZ-BT14】「赫月ノ使者」 2026/04/10(金) 発売 収録国家：ドラゴンエンパイア、ダークステイツ、ブラントゲート、ケテルサンクチュアリ、ストイケイア、リリカルモナステリオ,294,DZ-BT14/FFR04,ドラグリッター ウアターハ,（ドラグリッター ウアターハ）,https://cf-vanguard.com/cardlist/?cardno=DZ-BT14/FFR04&expansion=294&view=image,https://cf-vanguard.com/wordpress/wp-content/images/cardlist/DZ-BT14/dzbt14_181.png,ノーマルユニット,ドラゴンエンパイア,ドラゴロイド/幻影,グレード 1,パワー 8000,クリティカル 1,シールド 5000,ブースト,-,スタンダード,FFR,ひと和,【自】：このユニットが、手札から(R)に登場した時か、赫月カードの能力で(R)に登場した時、あなたの山札を上から５枚見て、種族に〈ドラゴン〉を含むカードと、オーダーカードをそれぞれ１枚まで選び、捨て、山札をシャッフルする。【永】【(R)/(G)】：種族に〈ドラゴン〉を含むあなたのドロップが５枚以上なら、このユニットは『インターセプト』を得て、後列からでもインターセプトできる。あなたのバインドゾーンに赫月カードがあるなら、さらにシールド＋5000。,-,"Dragritter, Uathaach","https://cardfight.fandom.com/wiki/Dragritter,_Uathaach",VGE-DZ-BT14,DZ-BT14/004,1980,,true
ブースターパック 【DZ-BT14】「赫月ノ使者」 2026/04/10(金) 発売 収録国家：ドラゴンエンパイア、ダークステイツ、ブラントゲート、ケテルサンクチュアリ、ストイケイア、リリカルモナステリオ,294,DZ-BT14/FFR05,魔王竜 ガブエリウス “幻影”,（マオウリュウ ガブエリウス “ファントム”）,https://cf-vanguard.com/cardlist/?cardno=DZ-BT14/FFR05&expansion=294&view=image,https://cf-vanguard.com/wordpress/wp-content/images/cardlist/DZ-BT14/dzbt14_182.png,ノーマルユニット,ダークステイツ,アビスドラゴン/幻影,グレード 3,パワー 13000,クリティカル 1,シールド -,ツインドライブ、ペルソナライド,-,スタンダード,FFR,タカヤマトシアキ,【自】【(V)】：このユニットがアタックした時、【コスト】[【カウンターブラスト】(1)，リアガードを２枚ソウルに置く]ことで、あなたのドロップからグレード３以下を２枚まで選び、それぞれ同じ縦列の(R)にコールし、そのターン終了時、そのコールされたユニットすべてをソウルに置く。【ファントムスキル】－【起】【(V)】【ターン1回】：【コスト】[手札かソウルかドロップから、赫月カードを１枚バインドする]ことで、以下すべてを行う。・そのターン中、あなたは『あなたのバインドゾーンの赫月カードが１枚以上なら、あなたの前列のユニットすべてのパワー＋5000。３枚以上なら、＋5000ではなく＋10000。』を得る。・次の相手のターン終了時まで、次に相手のドライブチェックで【クリティカル】が出た際、そのトリガー効果を1つ選び、無効にする。・次のあなたのターン開始時、そのターン中、あなたは『「ガブエリウス」を含むグレード３以上のあなたのヴァンガードは、直前の相手のターンにあなたが【ファントムスキル】能力で無効にしたトリガー効果を得る。』を得る。,-,"Demonic Lord Dragon, Gabwelius ""Fantôme""","https://cardfight.fandom.com/wiki/Demonic_Lord_Dragon,_Gabwelius_%22Fant%C3%B4me%22",VGE-DZ-BT14,DZ-BT14/005,2980,,true
ブースターパック 【DZ-BT14】「赫月ノ使者」 2026/04/10(金) 発売 収録国家：ドラゴンエンパイア、ダークステイツ、ブラントゲート、ケテルサンクチュアリ、ストイケイア、リリカルモナステリオ,294,DZ-BT14/FFR06,スチームメイデン スパイラルキューティ,（スチームメイデン スパイラルキューティ）,https://cf-vanguard.com/cardlist/?cardno=DZ-BT14/FFR06&expansion=294&view=image,https://cf-vanguard.com/wordpress/wp-content/images/cardlist/DZ-BT14/dzbt14_183.png,ノーマルユニット,ダークステイツ,ギアロイド/幻影,グレード 2,パワー 10000,クリティカル 1,シールド 5000,インターセプト,-,スタンダード,FFR,椿春雨,【自】：ライドデッキからライドする際にこのカードが手札から捨てられた時、あなたのヴァンガードが〈幻影〉なら、【コスト】[【ソウルブラスト】(1)か【エネルギーブラスト】(3)]することで、あなたの山札から赫月カードを１枚まで探し、公開して手札に加え、山札をシャッフルする。【自】：このユニットが手札から(G)に置かれた時、あなたのヴァンガードが〈幻影〉なら、【コスト】[【カウンターブラスト】(1)か【エネルギーブラスト】(3)]することで、１枚引く。,-,"Steam Maiden, Spiral Cutie","https://cardfight.fandom.com/wiki/Steam_Maiden,_Spiral_Cutie",VGE-DZ-BT14,DZ-BT14/006,5980,,true
ブースターパック 【DZ-BT14】「赫月ノ使者」 2026/04/10(金) 発売 収録国家：ドラゴンエンパイア、ダークステイツ、ブラントゲート、ケテルサンクチュアリ、ストイケイア、リリカルモナステリオ,294,DZ-BT14/FFR07,零の幻真獣 グリヴァルディ,（ゼロノゲンマジュウ グリヴァルディ）,https://cf-vanguard.com/cardlist/?cardno=DZ-BT14/FFR07&expansion=294&view=image,https://cf-vanguard.com/wordpress/wp-content/images/cardlist/DZ-BT14/dzbt14_184.png,ノーマルユニット,ダークステイツ,幻真獣,グレード 2,パワー 10000,クリティカル 1,シールド 5000,インターセプト,-,スタンダード,FFR,DaisukeIzuka,【永】：このカードは《ケテルサンクチュアリ》にも属する。【永】：あなたのヴァンガードが「ブラグドマイヤー」を含むグレード３以上なら、このカードは以下すべてを得る。・【自】【ソウル/ドロップ】：あなたのメインフェイズ開始時、このカードと同名のあなたのリアガードがいないなら、このカードを(R)にコールしてよい。コールしたなら、そのターン終了時、このユニットを山札の下に置く。・【自】【(R)】：あなたのバトルフェイズ開始時、そのターン中、このユニットのパワー＋5000し、あなたのリアガードを１枚選び、そのターン中、『ブースト』を与える。・【自】【(R)】：あなたのヴァンガードがアタックしたバトル終了時、このファイトであなたが「ブラグドマイヤー」を含むグレード３以上の【ディヴァインスキル】を使っていて、このバトルフェイズにあなたのリアガードが【スタンド】していないなら、【コスト】[【エネルギーブラスト】(3)]することで、このユニットと同じ縦列のあなたのリアガードすべてを【スタンド】させる。,-,"Mythisch of Zero, Grivardhy","https://cardfight.fandom.com/wiki/Mythisch_of_Zero,_Grivardhy",VGE-DZ-BT14,DZ-BT14/007,3980,,true
ブースターパック 【DZ-BT14】「赫月ノ使者」 2026/04/10(金) 発売 収録国家：ドラゴンエンパイア、ダークステイツ、ブラントゲート、ケテルサンクチュアリ、ストイケイア、リリカルモナステリオ,294,DZ-BT14/FFR08,リヴァレントダガー・ドラゴン,（リヴァレントダガー・ドラゴン）,https://cf-vanguard.com/cardlist/?cardno=DZ-BT14/FFR08&expansion=294&view=image,https://cf-vanguard.com/wordpress/wp-content/images/cardlist/DZ-BT14/dzbt14_185.png,ノーマルユニット,ダークステイツ,アビスドラゴン/幻影,グレード 2,パワー 10000,クリティカル 1,シールド 5000,インターセプト,-,スタンダード,FFR,ダイエクスト,【起】【ドロップ】：あなたのヴァンガードが「ガブエリウス」を含むグレード３以上で、あなたのリアガードすべてがこのカードと別名なら、【コスト】[【エネルギーブラスト】(3)]することで、このカードを(R)にコールする。【自】【(R)】【ターン1回】：このユニットがアタックした時、あなたのヴァンガードが「ガブエリウス」を含むグレード３以上なら、【コスト】[【ソウルブラスト】(1)]することで、そのターン中、このユニットのパワー＋5000。あなたのバインドゾーンに赫月カードが２枚以上なら、＋5000ではなく＋10000。,-,Reverent Dagger Dragon,https://cardfight.fandom.com/wiki/Reverent_Dagger_Dragon,VGE-DZ-BT14,DZ-BT14/008,1480,,true
ブースターパック 【DZ-BT14】「赫月ノ使者」 2026/04/10(金) 発売 収録国家：ドラゴンエンパイア、ダークステイツ、ブラントゲート、ケテルサンクチュアリ、ストイケイア、リリカルモナステリオ,294,DZ-BT14/FFR09,幻真獣機神 “月天巨星”アングボルド,（ゲンマジュウキシン “ゲッテンキョセイ”アングボルド）,https://cf-vanguard.com/cardlist/?cardno=DZ-BT14/FFR09&expansion=294&view=image,https://cf-vanguard.com/wordpress/wp-content/images/cardlist/DZ-BT14/dzbt14_186.png,ノーマルユニット,ブラントゲート,幻真獣,グレード 3,パワー 28000,クリティカル 1,シールド -,ツインドライブ、ペルソナライド,-,スタンダード,FFR,中村エイト,【永】：このカードは、ライドできず、(R)にコールできない。【起】【手札】：あなたのオーダーゾーンに「月の門」があるなら、【コスト】[【ソウルブラスト】(1)，このカードを公開する]ことで、あなたのオーダーゾーンからこのカードと別名の「幻真獣」を含むカードを１枚選び、手札に加える。加えたなら、このカードをオーダーゾーンに置く。【自】【オーダーゾーン】：「ヴェイズルーグ」を含むあなたのヴァンガードがアタックした時、このバトルで「幻真獣」を含むあなたのユニットが山札に置かれていないなら、【コスト】[「ロズトニル」、「ガルズオルムス」、「へルグヴァール」を含むユニットカードをそれぞれ１枚ずつ、(R)から１枚以上とドロップから２枚まで、合計３枚山札の下に望む順で置く]ことで、そのターン中、このカードの【永】能力を無効にする。【自】【(R)】：各ターン終了時、このユニットを退却させる。,-,"Mythisch Machine Deity, ""Mondgestirn"" Angrbold","https://cardfight.fandom.com/wiki/Mythisch_Machine_Deity,_%22Mondgestirn%22_Angrbold",VGE-DZ-BT14,DZ-BT14/009,2480,,true
ブースターパック 【DZ-BT14】「赫月ノ使者」 2026/04/10(金) 発売 収録国家：ドラゴンエンパイア、ダークステイツ、ブラントゲート、ケテルサンクチュアリ、ストイケイア、リリカルモナステリオ,294,DZ-BT14/FFR10,裁秤大隊指揮官 アルグリーヴラ “幻影”,（ライヴレイト・コマンダー アルグリーヴラ “ファントム”）,https://cf-vanguard.com/cardlist/?cardno=DZ-BT14/FFR10&expansion=294&view=image,https://cf-vanguard.com/wordpress/wp-content/images/cardlist/DZ-BT14/dzbt14_187.png,ノーマルユニット,ブラントゲート,スペースドラゴン/幻影,グレード 3,パワー 13000,クリティカル 1,シールド -,ツインドライブ、ペルソナライド,-,スタンダード,FFR,ナブランジャ,【起】【(V)】【ターン1回】：【コスト】[手札からプロダクトカードを１枚以上、３枚まで公開する]ことで、このコストで公開されたカードすべてをオーダーゾーンに置き、１枚引く。２枚以上置いたなら、そのターン中、このユニットのパワー＋5000。【起】【(V)】【ターン1回】：【コスト】[【カウンターブラスト】(1)，【ソウルブラスト】(1)]することで、あなたのオーダーゾーンから、「裁秤」を含むそれぞれ別名のプロダクトを、相手のヴァンガードのグレードと同じ枚数まで選び、稼働させる。【ファントムスキル】－【起】【(V)】【ターン1回】：【コスト】[手札かソウルかドロップから、赫月カードを１枚バインドする]ことで、過充填能力を持つそれぞれ別名のあなたのリアガードを、相手のヴァンガードのグレードと同じ枚数まで選び、そのターン中、パワー＋5000。３枚以上選んだなら、そのターン中、このユニットのドライブ＋１。,-,"Leibrecht Commander, Aelquilibra ""Fantôme""","https://cardfight.fandom.com/wiki/Leibrecht_Commander,_Aelquilibra_%22Fant%C3%B4me%22",VGE-DZ-BT14,DZ-BT14/010,2480,,true
ブースターパック 【DZ-BT14】「赫月ノ使者」 2026/04/10(金) 発売 収録国家：ドラゴンエンパイア、ダークステイツ、ブラントゲート、ケテルサンクチュアリ、ストイケイア、リリカルモナステリオ,294,DZ-BT14/FFR11,スポラディークセロ・ドラゴン,（スポラディークセロ・ドラゴン）,https://cf-vanguard.com/cardlist/?cardno=DZ-BT14/FFR11&expansion=294&view=image,https://cf-vanguard.com/wordpress/wp-content/images/cardlist/DZ-BT14/dzbt14_188.png,ノーマルユニット,ブラントゲート,サイバードラゴン,グレード 1,パワー 8000,クリティカル 1,シールド 5000,ブースト,-,スタンダード,FFR,SENNSU,【自】：ライドデッキからライドする際にこのカードが手札から捨てられた時、あなたの山札を上から７枚見て、セットオーダーを１枚まで選び、公開して手札に加え、山札をシャッフルする。【自】【(R)/ドロップ】：あなたのヴァンガードがアタックされた時、相手のヴァンガードがグレード３以上なら、【コスト】[このカードを除外する]ことで、そのバトル中、あなたのヴァンガードのパワー＋10000。そのターン中、あなたはこのカードと同名のカードの【自】能力のコストを払えない。,-,Sporadic Cerro Dragon,https://cardfight.fandom.com/wiki/Sporadic_Cerro_Dragon,VGE-DZ-BT14,DZ-BT14/011,4980,,false
ブースターパック 【DZ-BT14】「赫月ノ使者」 2026/04/10(金) 発売 収録国家：ドラゴンエンパイア、ダークステイツ、ブラントゲート、ケテルサンクチュアリ、ストイケイア、リリカルモナステリオ,294,DZ-BT14/FFR12,裁秤大隊 フェルベシウス・ドラゴン,（ライヴレイト フェルベシウス・ドラゴン）,https://cf-vanguard.com/cardlist/?cardno=DZ-BT14/FFR12&expansion=294&view=image,https://cf-vanguard.com/wordpress/wp-content/images/cardlist/DZ-BT14/dzbt14_189.png,ノーマルユニット,ブラントゲート,スペースドラゴン/幻影,グレード 1,パワー 8000,クリティカル 1,シールド 5000,ブースト,-,スタンダード,FFR,saikoro,【自】：このユニットが手札から(R)に登場した時、【コスト】[【カウンターブラスト】(1)]することで、あなたのドロップからプロダクトカードを２枚まで選び、手札に加える。過充填－【自】【(R)】：このユニットがブーストしたバトル終了時、このターンにこのユニットが「アルグリーヴラ」を含むグレード３以上のあなたのヴァンガードの能力で選ばれているなら、【コスト】[このユニットをソウルに置く]ことで、あなたの山札を上から５枚見て、セットオーダーか赫月カードを１枚まで選び、公開して手札に加え、山札をシャッフルする。,-,"Librate Battalion, Firvesius Dragon","https://cardfight.fandom.com/wiki/Librate_Battalion,_Firvesius_Dragon",VGE-DZ-BT14,DZ-BT14/012,1980,,true
ブースターパック 【DZ-BT14】「赫月ノ使者」 2026/04/10(金) 発売 収録国家：ドラゴンエンパイア、ダークステイツ、ブラントゲート、ケテルサンクチュアリ、ストイケイア、リリカルモナステリオ,294,DZ-BT14/FFR13,Bel-Fiore マイア,（ベル-フィオーレ マイア）,https://cf-vanguard.com/cardlist/?cardno=DZ-BT14/FFR13&expansion=294&view=image,https://cf-vanguard.com/wordpress/wp-content/images/cardlist/DZ-BT14/dzbt14_190.png,ノーマルユニット,ケテルサンクチュアリ,ヒューマン,グレード 3,パワー 13000,クリティカル 1,シールド -,ツインドライブ、ペルソナライド,-,スタンダード,FFR,イコール,【永】【(V)】：「Bel-Fiore」を含むあなたのリアガードすべては相手のカードの効果で選べず、あなたのターン中、「Bel-Fiore」を含むあなたの前列のユニットすべてのパワー＋5000。【起】【(V)】【ターン1回】：【コスト】[【カウンターブラスト】(1)]することで、エンゲージされているそれぞれ別名のあなたのカードを、相手のヴァンガードのグレードと同じ枚数まで選び、(R)にコールする。このターンにあなたがペルソナライドしているなら、そのターン中、このユニットのクリティカル＋１。【自】【(V)】【ターン1回】：このユニットがアタックされた時、【コスト】[【ソウルブラスト】(1)]することで、「Bel-Fiore」を含むあなたのリアガードを望む枚数選び、(G)に移動させる。,-,"Bel-Fiore, Maia","https://cardfight.fandom.com/wiki/Bel-Fiore,_Maia",VGE-DZ-BT14,DZ-BT14/013,9980,,true
ブースターパック 【DZ-BT14】「赫月ノ使者」 2026/04/10(金) 発売 収録国家：ドラゴンエンパイア、ダークステイツ、ブラントゲート、ケテルサンクチュアリ、ストイケイア、リリカルモナステリオ,294,DZ-BT14/FFR14,鴻恩の騎士 オルカデス,（コウオンノキシ オルカデス）,https://cf-vanguard.com/cardlist/?cardno=DZ-BT14/FFR14&expansion=294&view=image,https://cf-vanguard.com/wordpress/wp-content/images/cardlist/DZ-BT14/dzbt14_191.png,ノーマルユニット,ケテルサンクチュアリ,エンジェル,グレード 2,パワー 10000,クリティカル 1,シールド 5000,インターセプト,-,スタンダード,FFR,満水,【自】：このユニットが手札から(R)に登場した時、あなたのライドデッキから「レザエル」を含むグレード３を１枚選び、公開してよい。公開したか、あなたのヴァンガードが「レザエル」を含むグレード３以上なら、あなたの山札から、あなたのヴァンガードのグレード以下の、守護者を持たないノーマルユニットを１枚まで探し、捨て、山札をシャッフルする。【自】【(R)】：このユニットがヴァンガードにアタックした時、あなたのヴァンガードが「レザエル」を含むグレード３以上なら、そのバトル中、このユニットのパワー＋5000し、そのバトル終了時、このユニットをソウルに置き、１枚引く。このファイトであなたが【ディヴァインスキル】を使っているなら、＋5000ではなく＋10000。,-,"Knight of Great Favor, Orcades","https://cardfight.fandom.com/wiki/Knight_of_Great_Favor,_Orcades",VGE-DZ-BT14,DZ-BT14/014,6980,,true
ブースターパック 【DZ-BT14】「赫月ノ使者」 2026/04/10(金) 発売 収録国家：ドラゴンエンパイア、ダークステイツ、ブラントゲート、ケテルサンクチュアリ、ストイケイア、リリカルモナステリオ,294,DZ-BT14/FFR15,Bel-Fiore スエラ,（ベル-フィオーレ スエラ）,https://cf-vanguard.com/cardlist/?cardno=DZ-BT14/FFR15&expansion=294&view=image,https://cf-vanguard.com/wordpress/wp-content/images/cardlist/DZ-BT14/dzbt14_192.png,ノーマルユニット,ケテルサンクチュアリ,ヒューマン,グレード 2,パワー 10000,クリティカル 1,シールド 5000,インターセプト,-,スタンダード,FFR,三登いつき,【自】：このユニットが、(R)に登場した時か(G)に置かれた時、あなたのヴァンガードが「Bel-Fiore」を含むなら、【コスト】[【カウンターブラスト】(1)]することで、あなたの山札を上から２枚見て、１枚選び、手札に加え、残りを山札の下かソウルに置き、あなたのヴァンガードがグレード３以上なら、そのターン中、このユニットのパワー＋5000/シールド＋5000。【永】【(R)】：あなたのターン中、あなたのヴァンガードが「Bel-Fiore」を含むグレード３以上なら、このユニットのパワー＋5000。【自】【(R)】【ターン1回】：「Bel-Fiore」を含むグレード３以上のあなたのヴァンガードがアタックした時、【コスト】[【エネルギーブラスト】(3)]することで、このユニットを【スタンド】させ、あなたのドロップから「Bel-Fiore」を含むカードを１枚選び、あなたの庭園にエンゲージする。,-,"Bel-Fiore, Suera","https://cardfight.fandom.com/wiki/Bel-Fiore,_Suera",VGE-DZ-BT14,DZ-BT14/015,9980,,false
ブースターパック 【DZ-BT14】「赫月ノ使者」 2026/04/10(金) 発売 収録国家：ドラゴンエンパイア、ダークステイツ、ブラントゲート、ケテルサンクチュアリ、ストイケイア、リリカルモナステリオ,294,DZ-BT14/FFR16,泡沫の大魔法師 ゼーリス “幻影”,（ウタカタノダイマホウシ ゼーリス “ファントム”）,https://cf-vanguard.com/cardlist/?cardno=DZ-BT14/FFR16&expansion=294&view=image,https://cf-vanguard.com/wordpress/wp-content/images/cardlist/DZ-BT14/dzbt14_193.png,ノーマルユニット,ストイケイア,エルフ/幻影,グレード 3,パワー 13000,クリティカル 1,シールド -,ツインドライブ、ペルソナライド,-,スタンダード,FFR,BISAI,【起】【(V)】【ターン1回】：【コスト】[【カウンターブラスト】(1)]することで、泡沫の大魔法師 ゼーリス “幻影”・トークンを１枚中央後列の(R)にコールし、そのターン中、『【永】【(R)】このユニットは後列からでもアタックでき、ドライブ－１。このユニットがアタックしたバトルでは、ドライブチェックを行う。』を与える。【ファントムスキル】－【起】【(V)】：相手のヴァンガードがグレード３以上なら、【コスト】[ソウルとドロップから、赫月カードすべてをバインドする]ことで、あなたのドロップから【超】以外のトリガーカードを、このコストでバインドされたカードと同じ枚数まで選び、山札に戻してシャッフルする。このファイト中、あなたはこのユニットと同名のユニットの【ファントムスキル】能力のコストを払えない。,-,"Great Magick Caster of Transitory, Zerith ""Fantôme""","https://cardfight.fandom.com/wiki/Great_Magick_Caster_of_Transitory,_Zerith_%22Fant%C3%B4me%22",VGE-DZ-BT14,DZ-BT14/016,5980,,true
ブースターパック 【DZ-BT14】「赫月ノ使者」 2026/04/10(金) 発売 収録国家：ドラゴンエンパイア、ダークステイツ、ブラントゲート、ケテルサンクチュアリ、ストイケイア、リリカルモナステリオ,294,DZ-BT14/FFR17,黒天の水将 レィミーナ,（コクテンノスイショウ レィミーナ）,https://cf-vanguard.com/cardlist/?cardno=DZ-BT14/FFR17&expansion=294&view=image,https://cf-vanguard.com/wordpress/wp-content/images/cardlist/DZ-BT14/dzbt14_194.png,ノーマルユニット,ストイケイア,アクアロイド/幻影,グレード 2,パワー 10000,クリティカル 1,シールド 5000,インターセプト,-,スタンダード,FFR,へいろー,【自】：ライドデッキからライドする際にこのカードが手札から捨てられた時、あなたのヴァンガードが〈幻影〉なら、【コスト】[【ソウルブラスト】(1)か【エネルギーブラスト】(3)]することで、あなたの山札から赫月カードを１枚まで探し、公開して手札に加え、山札をシャッフルする。【自】：このユニットが手札から(G)に置かれた時、あなたのヴァンガードが〈幻影〉なら、【コスト】[【カウンターブラスト】(1)か【エネルギーブラスト】(3)]することで、１枚引く。,-,"Marine General of the Black Sky, Leimina","https://cardfight.fandom.com/wiki/Marine_General_of_the_Black_Sky,_Leimina",VGE-DZ-BT14,DZ-BT14/017,12800,,true
ブースターパック 【DZ-BT14】「赫月ノ使者」 2026/04/10(金) 発売 収録国家：ドラゴンエンパイア、ダークステイツ、ブラントゲート、ケテルサンクチュアリ、ストイケイア、リリカルモナステリオ,294,DZ-BT14/FFR18,湖心の学匠 フォンタイン,（コシンノガクショウ フォンタイン）,https://cf-vanguard.com/cardlist/?cardno=DZ-BT14/FFR18&expansion=294&view=image,https://cf-vanguard.com/wordpress/wp-content/images/cardlist/DZ-BT14/dzbt14_195.png,ノーマルユニット,ストイケイア,エルフ/幻影,グレード 2,パワー 10000,クリティカル 1,シールド 5000,インターセプト,-,スタンダード,FFR,NOMISAKI,【自】：このユニットが(R)に登場した時、あなたのヴァンガードが「ゼーリス」を含むなら、【コスト】[【カウンターブラスト】(1)]することで、あなたの山札を上から、あなたの〈幻影〉のユニットと同じ枚数見て、１枚選び、手札に加え、〈幻影〉かノーマルオーダーを１枚まで選び、ドロップに置き、山札をシャッフルする。【自】【前列の(R)】：グレード３以上の〈幻影〉がアタックした時、あなたのヴァンガードが「ゼーリス」を含むグレード３以上なら、そのターン中、このユニットのパワー＋5000。,-,"Scholar of Lake Heart, Fontijn","https://cardfight.fandom.com/wiki/Scholar_of_Lake_Heart,_Fontijn",VGE-DZ-BT14,DZ-BT14/018,9980,,false
ブースターパック 【DZ-BT14】「赫月ノ使者」 2026/04/10(金) 発売 収録国家：ドラゴンエンパイア、ダークステイツ、ブラントゲート、ケテルサンクチュアリ、ストイケイア、リリカルモナステリオ,294,DZ-BT14/FFR19,X-CeeDaNCe インバルディオ “幻影”,（イクシーダンス インバルディオ “ファントム”）,https://cf-vanguard.com/cardlist/?cardno=DZ-BT14/FFR19&expansion=294&view=image,https://cf-vanguard.com/wordpress/wp-content/images/cardlist/DZ-BT14/dzbt14_196.png,ノーマルユニット,リリカルモナステリオ,ヒューマン/幻影,グレード 3,パワー 13000,クリティカル 1,シールド -,ツインドライブ、ペルソナライド,-,スタンダード,FFR,ひと和,【起】【(V)】【ターン1回】：【コスト】[【カウンターブラスト】(1)]することで、あなたのドロップから１枚選び、あなたの自己改修ゲージとして表で置き、X-ceed NETマーカーのないあなたの(R)を１つ選び、X-ceed NETマーカーを１つ置く。【ファントムスキル】－【起】【(V)】【ターン1回】：【コスト】[手札かソウルかドロップから赫月カードを合計１枚以上、望む枚数バインドする]ことで、あなたのバインドゾーンの赫月カード１枚につき、以下を１つ行う。・そのターン中、このユニットのドライブ＋１。・そのターン中、このユニットのクリティカル＋１。・次の相手のターン終了時まで、あなたのリアガードはX-ceed NETマーカーのある中央後列からでもアタックとインターセプトできる。,-,"X-CeeDaNCe, Impauldio ""Fantôme""","https://cardfight.fandom.com/wiki/X-CeeDaNCe,_Impauldio_%22Fant%C3%B4me%22",VGE-DZ-BT14,DZ-BT14/019,3980,,true
ブースターパック 【DZ-BT14】「赫月ノ使者」 2026/04/10(金) 発売 収録国家：ドラゴンエンパイア、ダークステイツ、ブラントゲート、ケテルサンクチュアリ、ストイケイア、リリカルモナステリオ,294,DZ-BT14/FFR20,目と目が合ったその日から エマンティーヌ,（アイズ・オブ・ミラクル エマンティーヌ）,https://cf-vanguard.com/cardlist/?cardno=DZ-BT14/FFR20&expansion=294&view=image,https://cf-vanguard.com/wordpress/wp-content/images/cardlist/DZ-BT14/dzbt14_197.png,ノーマルユニット,リリカルモナステリオ,マーメイド,グレード 2,パワー 10000,クリティカル 1,シールド 5000,インターセプト,-,スタンダード,FFR,星名ほしみ,【自】：このカードが手札から、バトルフェイズ以外に(R)に登場した時か、ライドデッキからライドする際に捨てられた時、あなたのヴァンガードが〈マーメイド〉なら、【コスト】[【カウンターブラスト】(1)か【エネルギーブラスト】(3)]することで、以下を１つ行う。・あなたの山札から「無くてはならない大切なモノ」を１枚まで探し、公開して手札に加え、山札をシャッフルする。・あなたのヴァンガードが「カイリ」を含むグレード３以上なら、あなたの手札から、このカードと別名のグレード３以下の〈マーメイド〉を１枚まで選び、(R)にコールする。コールしたなら、１枚引く。【永】【(R)】：あなたのターン中、あなたのヴァンガードが〈マーメイド〉で、相手のヴァンガードがグレード３以上なら、このユニットのパワー＋5000。,-,"Eyes of Miracle, Aimantine","https://cardfight.fandom.com/wiki/Eyes_of_Miracle,_Aimantine",VGE-DZ-BT14,DZ-BT14/020,3980,,true
ブースターパック 【DZ-BT14】「赫月ノ使者」 2026/04/10(金) 発売 収録国家：ドラゴンエンパイア、ダークステイツ、ブラントゲート、ケテルサンクチュアリ、ストイケイア、リリカルモナステリオ,294,DZ-BT14/FFR21,X-CeeDaNCe プレシー・フォルワット,（イクシーダンス プレシー・フォルワット）,https://cf-vanguard.com/cardlist/?cardno=DZ-BT14/FFR21&expansion=294&view=image,https://cf-vanguard.com/wordpress/wp-content/images/cardlist/DZ-BT14/dzbt14_198.png,ノーマルユニット,リリカルモナステリオ,ヒューマン/幻影,グレード 2,パワー 10000,クリティカル 1,シールド 5000,インターセプト,-,スタンダード,FFR,瀬々川なこ,【起】【(R)】：このユニットと別名の「X-CeeDaNCe」を含むあなたの自己改修ゲージがあるなら、【コスト】[このユニットを自己改修ゲージとして表で置く]ことで、あなたの自己改修ゲージからこのカードと別名の「X-CeeDaNCe」を含むカードを１枚選び、このユニットがいた(R)にコールする。【自】：あなたのターンにこのカードが自己改修ゲージとして置かれた時、【コスト】[【ソウルブラスト】(2)]することで、１枚引く。,-,"X-CeeDaNCe, Preshy Forewatt","https://cardfight.fandom.com/wiki/X-CeeDaNCe,_Preshy_Forewatt",VGE-DZ-BT14,DZ-BT14/021,2980,,true
ブースターパック 【DZ-BT14】「赫月ノ使者」 2026/04/10(金) 発売 収録国家：ドラゴンエンパイア、ダークステイツ、ブラントゲート、ケテルサンクチュアリ、ストイケイア、リリカルモナステリオ,294,DZ-BT14/FR01,荒牙之衆 マリエルド,（ヴェナティオール マリエルド）,https://cf-vanguard.com/cardlist/?cardno=DZ-BT14/FR01&expansion=294&view=image,https://cf-vanguard.com/wordpress/wp-content/images/cardlist/DZ-BT14/dzbt14_199.png,ノーマルユニット,ドラゴンエンパイア,ヒューマン,グレード 2,パワー 10000,クリティカル 1,シールド 5000,インターセプト,-,スタンダード,FR,phima,【永】：あなたのヴァンガードが「荒牙之衆」を含むなら、このカードは以下すべてを得る。・【自】：このユニットが、(R)に登場した時か、グレード３以上のあなたのヴァンガードの能力で(R)から退却した時、【コスト】[【カウンターブラスト】(1)]することで、１枚引き、あなたのドロップから１枚選び、ソウルに置く。・【自】【(R)】：このユニットがアタックした時、あなたのヴァンガードがグレード３以上なら、そのバトル中、このユニットのパワー＋5000。このターンにこのユニットがあなたのヴァンガードの能力で(R)に登場しているなら、さらにパワー＋5000。,-,"Venatiol, Marield","https://cardfight.fandom.com/wiki/Venatiol,_Marield",VGE-DZ-BT14,DZ-BT14/022,80,120,true
ブースターパック 【DZ-BT14】「赫月ノ使者」 2026/04/10(金) 発売 収録国家：ドラゴンエンパイア、ダークステイツ、ブラントゲート、ケテルサンクチュアリ、ストイケイア、リリカルモナステリオ,294,DZ-BT14/FR02,オブリテレイト・ドラゴン,（オブリテレイト・ドラゴン）,https://cf-vanguard.com/cardlist/?cardno=DZ-BT14/FR02&expansion=294&view=image,https://cf-vanguard.com/wordpress/wp-content/images/cardlist/DZ-BT14/dzbt14_200.png,ノーマルユニット,ドラゴンエンパイア,フレイムドラゴン/幻影,グレード 2,パワー 10000,クリティカル 1,シールド 5000,インターセプト,-,スタンダード,FR,安達洋介,【起】【ドロップ】：あなたのヴァンガードが「ユースベルク」を含むグレード３以上なら、【コスト】[「ユース」を含むカードを【ソウルブラスト】(2)]することで、このカードを(R)にコールし、そのターン中、パワー＋5000。【自】：このユニットが(R)に登場した時、【コスト】[【カウンターブラスト】(1)]することで、あなたの山札を上から７枚見て、「ユースベルク」を含むカードを１枚まで選び、公開して手札に加え、山札をシャッフルする。公開しなかったなら、【カウンターチャージ】(1)。,-,Obliterate Dragon,https://cardfight.fandom.com/wiki/Obliterate_Dragon,VGE-DZ-BT14,DZ-BT14/023,220,,true
ブースターパック 【DZ-BT14】「赫月ノ使者」 2026/04/10(金) 発売 収録国家：ドラゴンエンパイア、ダークステイツ、ブラントゲート、ケテルサンクチュアリ、ストイケイア、リリカルモナステリオ,294,DZ-BT14/FR03,フォーロンホープ・ドラゴン,（フォーロンホープ・ドラゴン）,https://cf-vanguard.com/cardlist/?cardno=DZ-BT14/FR03&expansion=294&view=image,https://cf-vanguard.com/wordpress/wp-content/images/cardlist/DZ-BT14/dzbt14_201.png,ノーマルユニット,ドラゴンエンパイア,フレイムドラゴン/幻影,グレード 2,パワー 10000,クリティカル 1,シールド 5000,インターセプト,-,スタンダード,FR,ハタパグ,【自】【(R)】：「ユースベルク」を含むグレード３以上のあなたのヴァンガードがアタックした時、そのターン中、このユニットのパワー＋5000。【自】【(R)】：このユニットがアタックしたバトル終了時、このターンにあなたのヴァンガードが【ドラグドレス】能力で登場しているなら、【コスト】[このユニットを退却させる]ことで、１枚引く。,-,Forlorn Hope Dragon,https://cardfight.fandom.com/wiki/Forlorn_Hope_Dragon,VGE-DZ-BT14,DZ-BT14/024,220,,true
ブースターパック 【DZ-BT14】「赫月ノ使者」 2026/04/10(金) 発売 収録国家：ドラゴンエンパイア、ダークステイツ、ブラントゲート、ケテルサンクチュアリ、ストイケイア、リリカルモナステリオ,294,DZ-BT14/FR04,アウトバースト・ドラゴン,（アウトバースト・ドラゴン）,https://cf-vanguard.com/cardlist/?cardno=DZ-BT14/FR04&expansion=294&view=image,https://cf-vanguard.com/wordpress/wp-content/images/cardlist/DZ-BT14/dzbt14_202.png,ノーマルユニット,ドラゴンエンパイア,サンダードラゴン/幻影,グレード 1,パワー 8000,クリティカル 1,シールド 5000,ブースト,-,スタンダード,FR,てぉ,【自】：このユニットが(R)に登場した時、あなたのライドデッキから「アルファルド」を含むグレード３を１枚選び、公開してよい。公開したか、あなたのヴァンガードが「アルファルド」を含むグレード３以上なら、【コスト】[【カウンターブラスト】(1)]することで、あなたの山札を上から７枚見て、「アルファルド」を含むグレード３以上か、赫月カードを１枚まで選び、公開して手札に加え、山札をシャッフルする。加えなかったなら、【ソウルチャージ】(2)してよい。【自】【(R)】：このユニットがブーストした時、このターンにあなたが「アルファルド」を含むグレード３以上の【ファントムスキル】能力を使っているなら、そのバトル中、このユニットのパワー＋5000。,-,Outburst Dragon,https://cardfight.fandom.com/wiki/Outburst_Dragon,VGE-DZ-BT14,DZ-BT14/025,120,220,true
ブースターパック 【DZ-BT14】「赫月ノ使者」 2026/04/10(金) 発売 収録国家：ドラゴンエンパイア、ダークステイツ、ブラントゲート、ケテルサンクチュアリ、ストイケイア、リリカルモナステリオ,294,DZ-BT14/FR05,コンドリュール・ドラゴン,（コンドリュール・ドラゴン）,https://cf-vanguard.com/cardlist/?cardno=DZ-BT14/FR05&expansion=294&view=image,https://cf-vanguard.com/wordpress/wp-content/images/cardlist/DZ-BT14/dzbt14_203.png,ノーマルユニット,ドラゴンエンパイア,サンダードラゴン/幻影,グレード 2,パワー 10000,クリティカル 1,シールド 5000,インターセプト,-,スタンダード,FR,ケセルム,【永】【(R)】：あなたのターン中、あなたのヴァンガードが「アルファルド」を含むグレード３以上なら、このユニットのパワー＋5000。【自】【(R)】：「アルファルド」を含むグレード３以上のあなたのヴァンガードがアタックした時、このバトルフェイズにあなたのリアガードが【スタンド】してないなら、【コスト】[【エネルギーブラスト】(3)]することで、このユニットを【スタンド】させ、そのターン中、パワー＋10000。,-,Chondrule Dragon,https://cardfight.fandom.com/wiki/Chondrule_Dragon,VGE-DZ-BT14,DZ-BT14/047,80,120,true
ブースターパック 【DZ-BT14】「赫月ノ使者」 2026/04/10(金) 発売 収録国家：ドラゴンエンパイア、ダークステイツ、ブラントゲート、ケテルサンクチュアリ、ストイケイア、リリカルモナステリオ,294,DZ-BT14/FR06,荒牙之衆 ウヘル,（ヴェナティオール ウヘル）,https://cf-vanguard.com/cardlist/?cardno=DZ-BT14/FR06&expansion=294&view=image,https://cf-vanguard.com/wordpress/wp-content/images/cardlist/DZ-BT14/dzbt14_204.png,ノーマルユニット,ドラゴンエンパイア,ヒューマン,グレード 1,パワー 8000,クリティカル 1,シールド 5000,ブースト,-,スタンダード,FR,瞑丸イヌチヨ,【自】：このユニットが「荒牙之衆」を含むグレード３以上のあなたのヴァンガードの能力で(R)から退却した時、【コスト】[【ソウルブラスト】(1)]することで、このカードを手札に加える。【永】【(G)】：「荒牙之衆」を含むあなたのヴァンガードのグレード１につき、このユニットのシールド＋5000。,-,"Venatiol, Uhel","https://cardfight.fandom.com/wiki/Venatiol,_Uhel",VGE-DZ-BT14,DZ-BT14/048,120,,true
ブースターパック 【DZ-BT14】「赫月ノ使者」 2026/04/10(金) 発売 収録国家：ドラゴンエンパイア、ダークステイツ、ブラントゲート、ケテルサンクチュアリ、ストイケイア、リリカルモナステリオ,294,DZ-BT14/FR07,バニシングクロー・ドラゴン,（バニシングクロー・ドラゴン）,https://cf-vanguard.com/cardlist/?cardno=DZ-BT14/FR07&expansion=294&view=image,https://cf-vanguard.com/wordpress/wp-content/images/cardlist/DZ-BT14/dzbt14_205.png,ノーマルユニット,ドラゴンエンパイア,フレイムドラゴン/幻影,グレード 1,パワー 8000,クリティカル 1,シールド 5000,ブースト,-,スタンダード,FR,匈歌ハトリ,【自】：バトルフェイズ以外にこのカードが山札か手札から捨てられた時、あなたのヴァンガードが「ユースベルク」を含むグレード３以上なら、【コスト】[【ソウルブラスト】(1)]することで、このカードを(R)にコールする。【永】【(G)】：あなたのヴァンガードが「ユース」を含むなら、このユニットのシールド＋5000。,-,Vanishing Claw Dragon,https://cardfight.fandom.com/wiki/Vanishing_Claw_Dragon,VGE-DZ-BT14,DZ-BT14/050,120,,true
ブースターパック 【DZ-BT14】「赫月ノ使者」 2026/04/10(金) 発売 収録国家：ドラゴンエンパイア、ダークステイツ、ブラントゲート、ケテルサンクチュアリ、ストイケイア、リリカルモナステリオ,294,DZ-BT14/FR08,パーチングアクス・ドラゴン,（パーチングアクス・ドラゴン）,https://cf-vanguard.com/cardlist/?cardno=DZ-BT14/FR08&expansion=294&view=image,https://cf-vanguard.com/wordpress/wp-content/images/cardlist/DZ-BT14/dzbt14_206.png,ノーマルユニット,ドラゴンエンパイア,フレイムドラゴン,グレード 1,パワー 8000,クリティカル 1,シールド 5000,ブースト,-,スタンダード,FR,カエルDX,【自】【(R)】：このユニットがブーストしたアタックがヴァンガードにヒットした時、あなたのライドデッキから「ヴァルガ」を含むグレード３を１枚選び、公開してよい。公開したか、あなたのヴァンガードが「ヴァルガ」を含むグレード３以上なら、あなたの山札を上から７枚見て、「幻真獣」を含むカードを１枚まで選び、公開して手札に加え、山札をシャッフルする。加えたなら、このユニットをソウルに置く。,-,Parching Axe Dragon,https://cardfight.fandom.com/wiki/Parching_Axe_Dragon,VGE-DZ-BT14,DZ-BT14/049,80,120,true
ブースターパック 【DZ-BT14】「赫月ノ使者」 2026/04/10(金) 発売 収録国家：ドラゴンエンパイア、ダークステイツ、ブラントゲート、ケテルサンクチュアリ、ストイケイア、リリカルモナステリオ,294,DZ-BT14/FR09,フルイド・サフォケイター,（フルイド・サフォケイター）,https://cf-vanguard.com/cardlist/?cardno=DZ-BT14/FR09&expansion=294&view=image,https://cf-vanguard.com/wordpress/wp-content/images/cardlist/DZ-BT14/dzbt14_207.png,ノーマルユニット,ダークステイツ,ヒューマン,グレード 2,パワー 10000,クリティカル 1,シールド 5000,インターセプト,-,スタンダード,FR,茶ちえ,【自】：このユニットが(R)に登場した時、【コスト】[【カウンターブラスト】(1)]することで、以下を１つ行う。・あなたのライドデッキから「バロウマグネス」を含むグレード３を１枚選び、公開してよい。公開したか、あなたのヴァンガードが「バロウマグネス」を含むグレード３以上なら、１枚引く。・あなたのヴァンガードが「バロウマグネス」を含むグレード３以上で、このユニットがバトルフェイズ以外に登場したなら、あなたの山札を上から３枚公開し、その中から望む枚数選び、ソウルに置き、山札をシャッフルする。さらに１枚引いてよい。【永】【(G)】：あなたのヴァンガードが「バロウマグネス」を含むグレード３以上なら、このユニットのシールド＋5000。,-,Fluid Suffocator,https://cardfight.fandom.com/wiki/Fluid_Suffocator,VGE-DZ-BT14,DZ-BT14/026,80,120,true
ブースターパック 【DZ-BT14】「赫月ノ使者」 2026/04/10(金) 発売 収録国家：ドラゴンエンパイア、ダークステイツ、ブラントゲート、ケテルサンクチュアリ、ストイケイア、リリカルモナステリオ,294,DZ-BT14/FR10,ダイアフルドール こんちぇった,（ダイアフルドール コンチェッタ）,https://cf-vanguard.com/cardlist/?cardno=DZ-BT14/FR10&expansion=294&view=image,https://cf-vanguard.com/wordpress/wp-content/images/cardlist/DZ-BT14/dzbt14_208.png,ノーマルユニット,ダークステイツ,ワーカロイド,グレード 1,パワー 8000,クリティカル 1,シールド 5000,ブースト,-,スタンダード,FR,麻谷知世,【永】【(G)】：あなたのヴァンガードが「ダイアフルドール」を含むなら、このユニットのシールド＋5000。【起】【ソウル/ドロップ】：あなたのヴァンガードが「ダイアフルドール」を含むグレード３以上なら、【コスト】[【カウンターブラスト】(1)，このカードを山札の下に置く]ことで、あなたのドロップから「ダイアフルドール」を含むカードを１枚まで選び、ソウルに置き、そのターン中、あなたは『あなたの前列の「ダイアフルドール」を含むユニットすべてのパワー＋5000。』を得る。そのターン中、あなたはこのカードと同名のカードの【起】能力のコストを払えない。,-,"Direful Doll, Concetta","https://cardfight.fandom.com/wiki/Direful_Doll,_Concetta",VGE-DZ-BT14,DZ-BT14/027,420,,true
ブースターパック 【DZ-BT14】「赫月ノ使者」 2026/04/10(金) 発売 収録国家：ドラゴンエンパイア、ダークステイツ、ブラントゲート、ケテルサンクチュアリ、ストイケイア、リリカルモナステリオ,294,DZ-BT14/FR11,パイアスブレス・ドラゴン,（パイアスブレス・ドラゴン）,https://cf-vanguard.com/cardlist/?cardno=DZ-BT14/FR11&expansion=294&view=image,https://cf-vanguard.com/wordpress/wp-content/images/cardlist/DZ-BT14/dzbt14_209.png,ノーマルユニット,ダークステイツ,アビスドラゴン/幻影,グレード 1,パワー 8000,クリティカル 1,シールド 5000,ブースト,-,スタンダード,FR,Yoshimo,【自】：あなたのメインフェイズにこのユニットが(R)に登場した時、あなたのヴァンガードが「ガブエリウス」を含むグレード３以上なら、【コスト】[【ソウルブラスト】(1)]することで、あなたの山札を上から５枚見て、グレード３以下を１枚まで選び、捨て、山札をシャッフルし、そのターン中、このユニットのパワー＋2000。【自】：このユニットが「ガブエリウス」を含むグレード３以上のあなたのヴァンガードの能力で(R)からソウルに置かれた時、【コスト】[このカードをバインドする]ことで、１枚引く。,-,Pious Breath Dragon,https://cardfight.fandom.com/wiki/Pious_Breath_Dragon,VGE-DZ-BT14,DZ-BT14/028,220,,true
ブースターパック 【DZ-BT14】「赫月ノ使者」 2026/04/10(金) 発売 収録国家：ドラゴンエンパイア、ダークステイツ、ブラントゲート、ケテルサンクチュアリ、ストイケイア、リリカルモナステリオ,294,DZ-BT14/FR12,モンメガンティーク・キマイラ,（モンメガンティーク・キマイラ）,https://cf-vanguard.com/cardlist/?cardno=DZ-BT14/FR12&expansion=294&view=image,https://cf-vanguard.com/wordpress/wp-content/images/cardlist/DZ-BT14/dzbt14_210.png,ノーマルユニット,ダークステイツ,キメラ,グレード 1,パワー 8000,クリティカル 1,シールド 5000,ブースト,-,スタンダード,FR,オサフネオウジ,【自】：このユニットが(R)に登場した時、あなたのヴァンガードが「星刻姫」を含むなら、あなたのドロップから、「アストロア」を含むカードか、【クリティカル】を１枚まで選び、ソウルに置く。【自】【(R)】：このユニットと同じ縦列のあなたの他のリアガードが「アストロア」を含むグレード３以上のあなたのヴァンガードの能力で【スタンド】した時、そのターン中、あなたの前列のリアガードすべてのパワー＋5000してよい。そうしたなら、そのターン終了時、このユニットを退却させ、１枚引く。,-,Montmegantique Chimaera,https://cardfight.fandom.com/wiki/Montmegantique_Chimaera,VGE-DZ-BT14,DZ-BT14/029,120,,true
ブースターパック 【DZ-BT14】「赫月ノ使者」 2026/04/10(金) 発売 収録国家：ドラゴンエンパイア、ダークステイツ、ブラントゲート、ケテルサンクチュアリ、ストイケイア、リリカルモナステリオ,294,DZ-BT14/FR13,フィーブライル・ドラゴン,（フィーブライル・ドラゴン）,https://cf-vanguard.com/cardlist/?cardno=DZ-BT14/FR13&expansion=294&view=image,https://cf-vanguard.com/wordpress/wp-content/images/cardlist/DZ-BT14/dzbt14_211.png,ノーマルユニット,ダークステイツ,アビスドラゴン/幻影,グレード 3,パワー 13000,クリティカル 1,シールド -,ツインドライブ、ペルソナライド,-,スタンダード,FR,ロブジャ,【起】【ドロップ】：あなたのヴァンガードが「ガブエリウス」を含むグレード３以上で、このカードと同名のあなたのリアガードがいないなら、【コスト】[【ソウルブラスト】(2)]することで、このカードを(R)にコールする。【自】【(R)】：このユニットがアタックした時、あなたのヴァンガードが「ガブエリウス」を含むグレード３以上なら、そのバトル中、このユニットのパワー＋5000。,-,Febrile Dragon,https://cardfight.fandom.com/wiki/Febrile_Dragon,VGE-DZ-BT14,DZ-BT14/051,80,120,true
ブースターパック 【DZ-BT14】「赫月ノ使者」 2026/04/10(金) 発売 収録国家：ドラゴンエンパイア、ダークステイツ、ブラントゲート、ケテルサンクチュアリ、ストイケイア、リリカルモナステリオ,294,DZ-BT14/FR14,ダイアフルドール じりおーら,（ダイアフルドール ジリオーラ）,https://cf-vanguard.com/cardlist/?cardno=DZ-BT14/FR14&expansion=294&view=image,https://cf-vanguard.com/wordpress/wp-content/images/cardlist/DZ-BT14/dzbt14_212.png,ノーマルユニット,ダークステイツ,ワーカロイド,グレード 2,パワー 10000,クリティカル 1,シールド 5000,インターセプト,-,スタンダード,FR,浅利早香,【自】：このユニットが(R)に登場した時、あなたのヴァンガードが「ダイアフルドール」を含むなら、あなたの山札を上から７枚見て、「ダイアフルドール」を含むカードか、「今はただ、時を忘れて」を１枚まで選び、公開して手札に加え、山札をシャッフルする。公開したなら、あなたの手札から１枚選び、ソウルに置く。【自】【(R)】：このユニットがアタックした時、あなたのヴァンガードが「ダイアフルドール」を含むグレード３以上なら、そのバトル中、このユニットのパワー＋10000してよい。そうしたなら、そのバトル終了時、このユニットをバインドする。,-,"Direful Doll, Gigliola","https://cardfight.fandom.com/wiki/Direful_Doll,_Gigliola",VGE-DZ-BT14,DZ-BT14/052,420,,false
ブースターパック 【DZ-BT14】「赫月ノ使者」 2026/04/10(金) 発売 収録国家：ドラゴンエンパイア、ダークステイツ、ブラントゲート、ケテルサンクチュアリ、ストイケイア、リリカルモナステリオ,294,DZ-BT14/FR15,忌眼の狂骨 ゾルネイロン,（キガンノキョウコツ ゾルネイロン）,https://cf-vanguard.com/cardlist/?cardno=DZ-BT14/FR15&expansion=294&view=image,https://cf-vanguard.com/wordpress/wp-content/images/cardlist/DZ-BT14/dzbt14_213.png,ノーマルユニット,ダークステイツ,デーモン,グレード 1,パワー 8000,クリティカル 1,シールド 5000,ブースト,-,スタンダード,FR,カエルDX,【自】：このユニットが手札から(R)に登場した時、あなたのライドデッキから「バロウマグネス」を含むグレード３を１枚選び、公開してよい。公開したか、あなたのヴァンガードが「バロウマグネス」を含むグレード３以上なら、【ソウルチャージ】(3)。【永】【(R)】：あなたのソウルが10枚以上なら、このユニットのパワー＋5000。,此の掌を逃れ得る者は無い。等しく滅びを受け入れよ。,"Mad Bone of Abominable Eyes, Zolneylon","https://cardfight.fandom.com/wiki/Mad_Bone_of_Abominable_Eyes,_Zolneylon",VGE-DZ-BT14,DZ-BT14/053,120,,true
ブースターパック 【DZ-BT14】「赫月ノ使者」 2026/04/10(金) 発売 収録国家：ドラゴンエンパイア、ダークステイツ、ブラントゲート、ケテルサンクチュアリ、ストイケイア、リリカルモナステリオ,294,DZ-BT14/FR16,スチームファイター ダドゥーシャ,（スチームファイター ダドゥーシャ）,https://cf-vanguard.com/cardlist/?cardno=DZ-BT14/FR16&expansion=294&view=image,https://cf-vanguard.com/wordpress/wp-content/images/cardlist/DZ-BT14/dzbt14_214.png,ノーマルユニット,ダークステイツ,ギアロイド,グレード 1,パワー 8000,クリティカル 1,シールド 5000,ブースト,-,スタンダード,FR,キリタチ,【自】【(R)】：このユニットがリアガードをブーストしたバトル終了時、あなたのヴァンガードが「ブラグドマイヤー」を含むグレード３以上なら、【コスト】[そのブーストされたリアガードをソウルに置き、このユニットを退却させる]ことで、１枚引く。,-,"Steam Fighter, Daduusha","https://cardfight.fandom.com/wiki/Steam_Fighter,_Daduusha",VGE-DZ-BT14,DZ-BT14/054,80,120,true
ブースターパック 【DZ-BT14】「赫月ノ使者」 2026/04/10(金) 発売 収録国家：ドラゴンエンパイア、ダークステイツ、ブラントゲート、ケテルサンクチュアリ、ストイケイア、リリカルモナステリオ,294,DZ-BT14/FR17,エーベンフォルツ・ロートバイザー,（エーベンフォルツ・ロートバイザー）,https://cf-vanguard.com/cardlist/?cardno=DZ-BT14/FR17&expansion=294&view=image,https://cf-vanguard.com/wordpress/wp-content/images/cardlist/DZ-BT14/dzbt14_215.png,ノーマルユニット,ブラントゲート,バトロイド,グレード 2,パワー 10000,クリティカル 1,シールド 5000,インターセプト,-,スタンダード,FR,かんくろう,【永】【山札】：このカードのグレード＋１。【自】：このユニットが(R)に登場した時、あなたのヴァンガードが「ロートバイザー」を含むなら、【コスト】[「ロートバイザー」を含むカードを【ソウルブラスト】(1)]することで、あなたの、山札かドロップからアリーナカードを１枚まで探し、公開して手札に加え、山札から探したなら、山札をシャッフルする。【自】【(R)】：このユニットがアタックした時、あなたのヴァンガードが「ロートバイザー」を含むグレード３以上なら、そのバトル中、このユニットのパワー＋5000。あなたのオーダーゾーンにアリーナが２種類以上なら、【コスト】[【エネルギーブラスト】(2)]することで、そのターン中、相手はインターセプトできない。,-,Evenfortz Rotovisor,https://cardfight.fandom.com/wiki/Evenfortz_Rotovisor,VGE-DZ-BT14,DZ-BT14/030,120,,true
ブースターパック 【DZ-BT14】「赫月ノ使者」 2026/04/10(金) 発売 収録国家：ドラゴンエンパイア、ダークステイツ、ブラントゲート、ケテルサンクチュアリ、ストイケイア、リリカルモナステリオ,294,DZ-BT14/FR18,創成魔獣 囂々喚き,（ソウセイマジュウ ゴウゴウワメキ）,https://cf-vanguard.com/cardlist/?cardno=DZ-BT14/FR18&expansion=294&view=image,https://cf-vanguard.com/wordpress/wp-content/images/cardlist/DZ-BT14/dzbt14_216.png,ノーマルユニット,ブラントゲート,ゲノムゲル/幻影,グレード 2,パワー 10000,クリティカル 1,シールド 5000,インターセプト,-,スタンダード,FR,Moopic,【自】：このカードが魔獣合成された時、相手のヴァンガードがグレード３以上なら、【コスト】[【カウンターブラスト】(1)，このカードをドロップに置く]ことで、このコストでドロップに置かれたカードを(R)にコールし、そのターン中、パワー＋10000。そのターン終了時、そのコールされたユニットをバインドする。,-,"Creation Demonic Beast, Uproarious Scream","https://cardfight.fandom.com/wiki/Creation_Demonic_Beast,_Uproarious_Scream",VGE-DZ-BT14,DZ-BT14/031,180,320,true
ブースターパック 【DZ-BT14】「赫月ノ使者」 2026/04/10(金) 発売 収録国家：ドラゴンエンパイア、ダークステイツ、ブラントゲート、ケテルサンクチュアリ、ストイケイア、リリカルモナステリオ,294,DZ-BT14/FR19,リグレイン・リサーチャー 深奥暴き,（リグレイン・リサーチャー シンオウアバキ）,https://cf-vanguard.com/cardlist/?cardno=DZ-BT14/FR19&expansion=294&view=image,https://cf-vanguard.com/wordpress/wp-content/images/cardlist/DZ-BT14/dzbt14_217.png,ノーマルユニット,ブラントゲート,ヒューマン/幻影,グレード 1,パワー 8000,クリティカル 1,シールド 5000,ブースト,-,スタンダード,FR,辰馬大助,【起】【手札】：あなたのオーダーゾーンに、このカードと同名のカードがなく、「リグレイン生命創成研究所」があり、このターンにあなたのオーダーゾーンにカードが置かれていないなら、【コスト】[このカードをオーダーゾーンに置く]ことで、１枚引く。【永】【(G)】：このカードと同名のあなたのオーダーゾーンがあるなら、このユニットのシールド＋5000。【起】【オーダーゾーン】【ターン1回】：【コスト】[【ソウルブラスト】(1)]することで、あなたの山札を上から７枚見て、〈ゲノムゲル〉を１枚まで選び、捨て、山札をシャッフルする。,-,"Regrain Researcher, Deep Depths Expose","https://cardfight.fandom.com/wiki/Regrain_Researcher,_Deep_Depths_Expose",VGE-DZ-BT14,DZ-BT14/032,120,,true
ブースターパック 【DZ-BT14】「赫月ノ使者」 2026/04/10(金) 発売 収録国家：ドラゴンエンパイア、ダークステイツ、ブラントゲート、ケテルサンクチュアリ、ストイケイア、リリカルモナステリオ,294,DZ-BT14/FR20,裁秤僚機 ウェイバリス,（ライヴレイダー ウェイバリス）,https://cf-vanguard.com/cardlist/?cardno=DZ-BT14/FR20&expansion=294&view=image,https://cf-vanguard.com/wordpress/wp-content/images/cardlist/DZ-BT14/dzbt14_218.png,セットオーダー,ブラントゲート,プロダクト,グレード 2,パワー -,クリティカル -,シールド -,-,-,スタンダード,FR,デザイン／三越はるは　イラスト／ToMo,【永】：このカードは〈幻影〉の能力以外で稼働できず、このカードが赫月カードの能力で山札から公開されている間、このカードは赫月カードとして扱い、手札に加える際、かわりにオーダーゾーンに置く。稼働－【自】【オーダーゾーン】：このカードが稼働した時、このカードをパワー10000/シールド10000/クリティカル１で『インターセプト』を持つノーマルユニットとして(R)にコールする。コールしたなら、１枚引いてよい。過充填－【自】【(R)】【ターン1回】：このユニットがアタックした時、このターンにこのユニットが「アルグリーヴラ」を含むグレード３以上のあなたのヴァンガードの能力で選ばれているなら、そのターン中、このユニットは『【自】【(R)】【ターン1回】：あなたのヴァンガードがアタックした時、【コスト】[【エネルギーブラスト】(3)]することで、このユニットを【スタンド】させ、相手のヴァンガードがグレード３以上なら、そのターン中、このユニットのパワー＋10000。』を得て、パワー＋5000。,-,"Leibreiter, Weibaris","https://cardfight.fandom.com/wiki/Leibreiter,_Weibaris",VGE-DZ-BT14,DZ-BT14/033,320,,false
ブースターパック 【DZ-BT14】「赫月ノ使者」 2026/04/10(金) 発売 収録国家：ドラゴンエンパイア、ダークステイツ、ブラントゲート、ケテルサンクチュアリ、ストイケイア、リリカルモナステリオ,294,DZ-BT14/FR21,フィーレ・ブランデ,（フィーレ・ブランデ）,https://cf-vanguard.com/cardlist/?cardno=DZ-BT14/FR21&expansion=294&view=image,https://cf-vanguard.com/wordpress/wp-content/images/cardlist/DZ-BT14/dzbt14_219.png,ノーマルユニット,ブラントゲート,バトロイド,グレード 1,パワー 8000,クリティカル 1,シールド 5000,ブースト,-,スタンダード,FR,なかざき冬,【自】【(R)】：あなたのターン終了時、あなたのヴァンガードが「ロートバイザー」を含み、このターンにあなたのアリーナがオーダーゾーンに置かれているなら、【コスト】[このユニットをソウルに置く]ことで、【エネルギーチャージ】(3)。,-,Fille Brande,https://cardfight.fandom.com/wiki/Fille_Brande,VGE-DZ-BT14,DZ-BT14/055,80,120,true
ブースターパック 【DZ-BT14】「赫月ノ使者」 2026/04/10(金) 発売 収録国家：ドラゴンエンパイア、ダークステイツ、ブラントゲート、ケテルサンクチュアリ、ストイケイア、リリカルモナステリオ,294,DZ-BT14/FR22,ブリッツデザイナー ラーツェント,（ブリッツデザイナー ラーツェント）,https://cf-vanguard.com/cardlist/?cardno=DZ-BT14/FR22&expansion=294&view=image,https://cf-vanguard.com/wordpress/wp-content/images/cardlist/DZ-BT14/dzbt14_220.png,ノーマルユニット,ブラントゲート,エルフ,グレード 1,パワー 8000,クリティカル 1,シールド 5000,ブースト,-,スタンダード,FR,白砂かに,【自】【ドロップ】：あなたのプロダクトが稼働した時、あなたのヴァンガードが「ブリッツ」を含むなら、以下を１つ行う。・あなたのリアガードすべてがこのカードと別名なら、このカードを後列の(R)にコールする。・【コスト】[このカードをバインドする]ことで、【エネルギーチャージ】(2)し、そのターン中、あなたはこのカードと同名のカードの【自】能力のコストを払えない。【永】【(R)】：あなたのヴァンガードが「ブリッツ」を含むなら、このユニットは『インターセプト』を得て、後列からでもインターセプトできる。,-,"Blitz Designer, Razent","https://cardfight.fandom.com/wiki/Blitz_Designer,_Razent",VGE-DZ-BT14,DZ-BT14/056,120,,true
ブースターパック 【DZ-BT14】「赫月ノ使者」 2026/04/10(金) 発売 収録国家：ドラゴンエンパイア、ダークステイツ、ブラントゲート、ケテルサンクチュアリ、ストイケイア、リリカルモナステリオ,294,DZ-BT14/FR23,裁秤僚機 トリスディア,（ライヴレイダー トリスディア）,https://cf-vanguard.com/cardlist/?cardno=DZ-BT14/FR23&expansion=294&view=image,https://cf-vanguard.com/wordpress/wp-content/images/cardlist/DZ-BT14/dzbt14_221.png,セットオーダー,ブラントゲート,プロダクト,グレード 3,パワー -,クリティカル -,シールド -,-,-,スタンダード,FR,デザイン／三越はるは　イラスト／ToMo,【永】：このカードは〈幻影〉の能力以外で稼働できず、このカードが赫月カードの能力で山札から公開されている間、このカードは赫月カードとして扱い、手札に加える際、かわりにオーダーゾーンに置く。稼働－【自】【オーダーゾーン】：このカードが稼働した時、このカードをパワー13000/シールド5000/クリティカル１のノーマルユニットとして(R)にコールし、あなたのヴァンガードが「アルグリーヴラ」を含むグレード３以上なら、そのターン中、このユニットのパワー＋10000。過充填－【自】【(R)】【ターン1回】：このユニットが「アルグリーヴラ」を含むグレード３以上のあなたのヴァンガードの能力で選ばれた時、そのターン中、このユニットのクリティカル＋１。,-,"Leibreiter, Trisdia","https://cardfight.fandom.com/wiki/Leibreiter,_Trisdia",VGE-DZ-BT14,DZ-BT14/057,320,,true
ブースターパック 【DZ-BT14】「赫月ノ使者」 2026/04/10(金) 発売 収録国家：ドラゴンエンパイア、ダークステイツ、ブラントゲート、ケテルサンクチュアリ、ストイケイア、リリカルモナステリオ,294,DZ-BT14/FR24,裁秤僚機 ローヴロイ,（ライヴレイダー ローヴロイ）,https://cf-vanguard.com/cardlist/?cardno=DZ-BT14/FR24&expansion=294&view=image,https://cf-vanguard.com/wordpress/wp-content/images/cardlist/DZ-BT14/dzbt14_222.png,セットオーダー,ブラントゲート,プロダクト,グレード 1,パワー -,クリティカル -,シールド -,-,-,スタンダード,FR,デザイン／三越はるは　イラスト／ToMo,【永】：このカードは〈幻影〉の能力以外で稼働できず、このカードが赫月カードの能力で山札から公開されている間、このカードは赫月カードとして扱い、手札に加える際、かわりにオーダーゾーンに置く。稼働－【自】【オーダーゾーン】：このカードが稼働した時、このカードをパワー8000/シールド5000/クリティカル１で『ブースト』を持つノーマルユニットとして(R)にコールし、グレード３以上の相手のヴァンガードを１枚選び、そのターン中、パワー－5000。過充填－【自】【中央後列の(R)】：このユニットが「アルグリーヴラ」を含むグレード３以上のあなたのヴァンガードの能力で選ばれた時、相手のダメージゾーンが４枚以下で、このターンにあなたがペルソナライドしているなら、相手のヴァンガードを１枚選び、１ダメージ。このファイト中、あなたはこのユニットと同名のカードの過充填能力を発動できない。,-,"Leibreiter, Rovroi","https://cardfight.fandom.com/wiki/Leibreiter,_Rovroi",VGE-DZ-BT14,DZ-BT14/058,320,,true
ブースターパック 【DZ-BT14】「赫月ノ使者」 2026/04/10(金) 発売 収録国家：ドラゴンエンパイア、ダークステイツ、ブラントゲート、ケテルサンクチュアリ、ストイケイア、リリカルモナステリオ,294,DZ-BT14/FR25,Bel-Fiore ミーク,（ベル-フィオーレ ミーク）,https://cf-vanguard.com/cardlist/?cardno=DZ-BT14/FR25&expansion=294&view=image,https://cf-vanguard.com/wordpress/wp-content/images/cardlist/DZ-BT14/dzbt14_223.png,ノーマルユニット,ケテルサンクチュアリ,ヒューマン,グレード 3,パワー 13000,クリティカル 1,シールド -,ツインドライブ、ペルソナライド,-,スタンダード,FR,こよいみつき,【自】：このユニットがあなたのカードの能力で(R)に登場した時、あなたのヴァンガードが「Bel-Fiore」を含むなら、相手の前列の(R)を１つ選び、次の相手のターン終了時まで、このユニットのパワーとシールドを、選んだ(R)のユニットの元々のシールド分、それぞれ増やし、相手は選んだ(R)のユニットカードすべてを山札の下に望む順で置く。,-,"Bel-Fiore, Meek","https://cardfight.fandom.com/wiki/Bel-Fiore,_Meek",VGE-DZ-BT14,DZ-BT14/034,320,,true
ブースターパック 【DZ-BT14】「赫月ノ使者」 2026/04/10(金) 発売 収録国家：ドラゴンエンパイア、ダークステイツ、ブラントゲート、ケテルサンクチュアリ、ストイケイア、リリカルモナステリオ,294,DZ-BT14/FR26,イネクスピアブル・ドラゴン,（イネクスピアブル・ドラゴン）,https://cf-vanguard.com/cardlist/?cardno=DZ-BT14/FR26&expansion=294&view=image,https://cf-vanguard.com/wordpress/wp-content/images/cardlist/DZ-BT14/dzbt14_224.png,ノーマルユニット,ケテルサンクチュアリ,コスモドラゴン/幻影,グレード 2,パワー 10000,クリティカル 1,シールド 5000,インターセプト,-,スタンダード,FR,近藤途轍,【永】：あなたのヴァンガードが「ブラグドマイヤー」を含むグレード３以上なら、このカードは以下すべてを得る。・【自】：バトルフェイズ以外にこのユニットが(R)に登場した時、【コスト】[【カウンターブラスト】(1)]することで、あなたのバインドゾーンからこのユニットと別名のグレード３以下のノーマルユニットを１枚選び、(R)にコールする。コールしたなら、あなたのドロップから１枚選び、バインドし、そのターン終了時、そのコールされたユニットを退却させる。・【永】【(R)/(G)】：このユニットのパワー＋5000/シールド＋5000。相手のヴァンガードがグレード３以上で、このカードと同名のあなたのバインドゾーンがあるなら、さらにパワー＋5000。,-,Inexpiable Dragon,https://cardfight.fandom.com/wiki/Inexpiable_Dragon,VGE-DZ-BT14,DZ-BT14/035,180,320,true
ブースターパック 【DZ-BT14】「赫月ノ使者」 2026/04/10(金) 発売 収録国家：ドラゴンエンパイア、ダークステイツ、ブラントゲート、ケテルサンクチュアリ、ストイケイア、リリカルモナステリオ,294,DZ-BT14/FR27,菱星厳選の女魔術師,（スターセレクト・ソーサレス）,https://cf-vanguard.com/cardlist/?cardno=DZ-BT14/FR27&expansion=294&view=image,https://cf-vanguard.com/wordpress/wp-content/images/cardlist/DZ-BT14/dzbt14_225.png,ノーマルユニット,ケテルサンクチュアリ,ヒューマン,グレード 2,パワー 10000,クリティカル 1,シールド 5000,インターセプト,-,スタンダード,FR,匈歌ハトリ,【自】：このユニットが(R)に登場した時、あなたのヴァンガードが「女魔術師」を含むなら、【コスト】[【エネルギーブラスト】(3)]することで、１枚引く。あなたのヴァンガードがグレード３以上なら、そのターン中、このユニットのパワー＋5000。【自】【前列の(R)】【ターン1回】：このユニットが「女魔術師」を含むグレード３以上のあなたのヴァンガードの能力で選ばれた時、あなたの山札を上から１枚見て、山札の上かソウルに置き、そのターン中、このユニットのパワー＋5000。,-,Star-select Sorceress,https://cardfight.fandom.com/wiki/Star-select_Sorceress,VGE-DZ-BT14,DZ-BT14/036,80,120,true
ブースターパック 【DZ-BT14】「赫月ノ使者」 2026/04/10(金) 発売 収録国家：ドラゴンエンパイア、ダークステイツ、ブラントゲート、ケテルサンクチュアリ、ストイケイア、リリカルモナステリオ,294,DZ-BT14/FR28,淑徳の騎士 アンドリヴェート,（シュクトクノキシ アンドリヴェート）,https://cf-vanguard.com/cardlist/?cardno=DZ-BT14/FR28&expansion=294&view=image,https://cf-vanguard.com/wordpress/wp-content/images/cardlist/DZ-BT14/dzbt14_226.png,ノーマルユニット,ケテルサンクチュアリ,エルフ,グレード 1,パワー 8000,クリティカル 1,シールド 5000,ブースト,-,スタンダード,FR,たつよ,【自】：あなたのターンにこのカードが手札から捨てられた時、あなたのライドデッキから「リィエル」を含むグレード３を１枚選び、公開してよい。公開したか、あなたのヴァンガードが「リィエル」を含むグレード３以上なら、あなたの山札を上から５枚見て、１枚まで選び、捨て、山札をシャッフルする。【自】【ドロップ】：あなたのメインフェイズ開始時、あなたのヴァンガードが「リィエル」を含むグレード３以上なら、【コスト】[【エネルギーブラスト】(3)]することで、このカードを(R)にコールし、相手のヴァンガードがグレード３以上なら、そのターン中、このユニットのパワー＋5000。,-,"Knight of Graceful Virtue, Andrivet","https://cardfight.fandom.com/wiki/Knight_of_Graceful_Virtue,_Andrivet",VGE-DZ-BT14,DZ-BT14/037,120,220,true
ブースターパック 【DZ-BT14】「赫月ノ使者」 2026/04/10(金) 発売 収録国家：ドラゴンエンパイア、ダークステイツ、ブラントゲート、ケテルサンクチュアリ、ストイケイア、リリカルモナステリオ,294,DZ-BT14/FR29,Bel-Fiore ピネッセ,（ベル-フィオーレ ピネッセ）,https://cf-vanguard.com/cardlist/?cardno=DZ-BT14/FR29&expansion=294&view=image,https://cf-vanguard.com/wordpress/wp-content/images/cardlist/DZ-BT14/dzbt14_227.png,ノーマルユニット,ケテルサンクチュアリ,ヒューマン,グレード 2,パワー 10000,クリティカル 1,シールド 5000,インターセプト,-,スタンダード,FR,やまだ六角,【自】：このユニットがあなたのカードの能力で(R)に登場した時、あなたのヴァンガードが「Bel-Fiore」を含むなら、そのターン中、このユニットは『ブースト』を得て、相手のリアガードを１枚選び、そのターン中、シールド－5000。【自】：このユニットが(G)に置かれた時、あなたのヴァンガードが「Bel-Fiore」を含むなら、相手のユニットを１枚選び、そのターン中、パワー－5000。,-,"Bel-Fiore, Pinesse","https://cardfight.fandom.com/wiki/Bel-Fiore,_Pinesse",VGE-DZ-BT14,DZ-BT14/059,420,,true
ブースターパック 【DZ-BT14】「赫月ノ使者」 2026/04/10(金) 発売 収録国家：ドラゴンエンパイア、ダークステイツ、ブラントゲート、ケテルサンクチュアリ、ストイケイア、リリカルモナステリオ,294,DZ-BT14/FR30,グリスン・ウパシチリィ,（グリスン・ウパシチリィ）,https://cf-vanguard.com/cardlist/?cardno=DZ-BT14/FR30&expansion=294&view=image,https://cf-vanguard.com/wordpress/wp-content/images/cardlist/DZ-BT14/dzbt14_228.png,ノーマルユニット,ケテルサンクチュアリ,ハイビースト,グレード 1,パワー 8000,クリティカル 1,シールド 5000,ブースト,-,スタンダード,FR,ヨシヤ,【自】：あなたのターンにこのカードが、(R)に登場した時か手札から捨てられた時、あなたのライドデッキから「リィエル」を含むグレード３を１枚選び、公開してよい。公開したか、あなたのヴァンガードが「リィエル」を含むグレード３以上なら、あなたの山札を上から２枚見て、１枚まで選び、ソウルに置くか、捨てる。残りを山札の下に望む順で置く。さらに相手のヴァンガードがグレード３以上なら、あなたのヴァンガードを１枚選び、そのターン中、パワー＋5000。,-,Glisten Upashiciry,https://cardfight.fandom.com/wiki/Glisten_Upashiciry,VGE-DZ-BT14,DZ-BT14/060,120,,true
ブースターパック 【DZ-BT14】「赫月ノ使者」 2026/04/10(金) 発売 収録国家：ドラゴンエンパイア、ダークステイツ、ブラントゲート、ケテルサンクチュアリ、ストイケイア、リリカルモナステリオ,294,DZ-BT14/FR31,パタファクション・エンジェル,（パタファクション・エンジェル）,https://cf-vanguard.com/cardlist/?cardno=DZ-BT14/FR31&expansion=294&view=image,https://cf-vanguard.com/wordpress/wp-content/images/cardlist/DZ-BT14/dzbt14_229.png,ノーマルユニット,ケテルサンクチュアリ,エンジェル,グレード 1,パワー 8000,クリティカル 1,シールド 5000,ブースト,-,スタンダード,FR,まるえ,【自】【(R)】：このユニットがブーストしたアタックがヴァンガードにヒットした時、あなたのライドデッキから「レザエル」を含むグレード３を１枚選び、公開してよい。公開したか、あなたのヴァンガードが「レザエル」を含むグレード３以上なら、あなたの山札を上から７枚見て、「幻真獣」を含むカードを１枚まで選び、公開して手札に加え、山札をシャッフルする。加えたなら、このユニットをソウルに置く。,-,Patefaction Angel,https://cardfight.fandom.com/wiki/Patefaction_Angel,VGE-DZ-BT14,DZ-BT14/061,80,120,true
ブースターパック 【DZ-BT14】「赫月ノ使者」 2026/04/10(金) 発売 収録国家：ドラゴンエンパイア、ダークステイツ、ブラントゲート、ケテルサンクチュアリ、ストイケイア、リリカルモナステリオ,294,DZ-BT14/FR32,Bel-Fiore アプレナ,（ベル-フィオーレ アプレナ）,https://cf-vanguard.com/cardlist/?cardno=DZ-BT14/FR32&expansion=294&view=image,https://cf-vanguard.com/wordpress/wp-content/images/cardlist/DZ-BT14/dzbt14_230.png,ノーマルユニット,ケテルサンクチュアリ,ヒューマン,グレード 1,パワー 8000,クリティカル 1,シールド 5000,ブースト,-,スタンダード,FR,大居シシィ,【自】【オーダーゾーン】：相手がオーダーをプレイした時、【コスト】[このカードをバインドする]ことで、１枚引く。そのターン中、あなたはこのカードと同名のカードの【自】能力のコストを払えない。【永】【(R)】：このターンに、相手がオーダーをプレイしていて、このユニットがあなたのカードの能力で登場しているなら、このユニットのパワー＋10000。,-,"Bel-Fiore, Aprena","https://cardfight.fandom.com/wiki/Bel-Fiore,_Aprena",VGE-DZ-BT14,DZ-BT14/062,320,420,true
ブースターパック 【DZ-BT14】「赫月ノ使者」 2026/04/10(金) 発売 収録国家：ドラゴンエンパイア、ダークステイツ、ブラントゲート、ケテルサンクチュアリ、ストイケイア、リリカルモナステリオ,294,DZ-BT14/FR33,ヴェレーノ・ソルダート ベスピーノ,（ヴェレーノ・ソルダート ベスピーノ）,https://cf-vanguard.com/cardlist/?cardno=DZ-BT14/FR33&expansion=294&view=image,https://cf-vanguard.com/wordpress/wp-content/images/cardlist/DZ-BT14/dzbt14_231.png,ノーマルユニット,ストイケイア,インセクト,グレード 2,パワー 10000,クリティカル 1,シールド 5000,インターセプト,-,スタンダード,FR,西木あれく,【自】：このユニットが(R)に登場した時、そのターン中、このユニットは『【自】【前列の(R)】：あなたのターン終了時、「ヴェレーノ」を含むあなたのユニットが５枚以上なら、【コスト】[「ヴェレーノ」を含むリアガードを１枚ソウルに置く]ことで、あなたのドロップからブリッツオーダーを１枚選び、手札に加える。』を得る。【自】【(R)】：このユニットがヴァンガードにアタックした時、あなたのヴァンガードが「ラスカリア」を含むグレード３以上で、あなたの、(R)とドロップに、「ヴェレーノ」を含む他のカードが合計４枚以上なら、そのバトル中、このユニットのパワー＋5000。合計８枚以上なら、＋5000ではなく＋15000。,-,"Veleno Soldato, Vespino","https://cardfight.fandom.com/wiki/Veleno_Soldato,_Vespino",VGE-DZ-BT14,DZ-BT14/038,220,,true
ブースターパック 【DZ-BT14】「赫月ノ使者」 2026/04/10(金) 発売 収録国家：ドラゴンエンパイア、ダークステイツ、ブラントゲート、ケテルサンクチュアリ、ストイケイア、リリカルモナステリオ,294,DZ-BT14/FR34,親和の狩人 シルビオーゼ,（シンワノカリュウド シルビオーゼ）,https://cf-vanguard.com/cardlist/?cardno=DZ-BT14/FR34&expansion=294&view=image,https://cf-vanguard.com/wordpress/wp-content/images/cardlist/DZ-BT14/dzbt14_232.png,ノーマルユニット,ストイケイア,エルフ,グレード 2,パワー 10000,クリティカル 1,シールド 5000,インターセプト,-,スタンダード,FR,でんきちひさな,【自】：あなたのターンにこのカードが、山札から捨てられた時か、あなたのオーダーゾーンの魔法の効果で手札から捨てられた時、あなたのヴァンガードが「ベルクレア」を含むグレード３以上で、あなたのリアガードすべてがこのカードと別名なら、このカードを(R)にコールしてよい。コールしたなら、そのターン終了時、このユニットをソウルに置く。【永】【(R)】：あなたのヴァンガードが「ベルクレア」を含むグレード３以上なら、このユニットは『ブースト』を得る。,-,"Affinity Hunter, Syllbiose","https://cardfight.fandom.com/wiki/Affinity_Hunter,_Syllbiose",VGE-DZ-BT14,DZ-BT14/039,220,320,true
ブースターパック 【DZ-BT14】「赫月ノ使者」 2026/04/10(金) 発売 収録国家：ドラゴンエンパイア、ダークステイツ、ブラントゲート、ケテルサンクチュアリ、ストイケイア、リリカルモナステリオ,294,DZ-BT14/FR35,水郷の学匠 リトゥエーラ,（スイゴウノガクショウ リトゥエーラ）,https://cf-vanguard.com/cardlist/?cardno=DZ-BT14/FR35&expansion=294&view=image,https://cf-vanguard.com/wordpress/wp-content/images/cardlist/DZ-BT14/dzbt14_233.png,ノーマルユニット,ストイケイア,エルフ/幻影,グレード 2,パワー 10000,クリティカル 1,シールド 5000,インターセプト,-,スタンダード,FR,村松邑,【永】【(R)】：あなたのヴァンガードが「ゼーリス」を含むグレード３以上で、このターンにこのユニットがドロップから(R)に登場しているなら、このユニットのパワー＋5000。【自】【(R)】：このユニットがアタックした時、あなたのヴァンガードが「ゼーリス」を含むなら、【コスト】[【エネルギーブラスト】(2)]することで、あなたの山札を上から５枚見て、赫月カードか極大魔法カードを１枚まで選び、捨て、山札をシャッフルする。あなたのヴァンガードがグレード３以上なら、そのバトル中、このユニットのパワー＋5000。,-,"Scholar of the Waterlands, Rituera","https://cardfight.fandom.com/wiki/Scholar_of_the_Waterlands,_Rituera",VGE-DZ-BT14,DZ-BT14/040,180,320,true
ブースターパック 【DZ-BT14】「赫月ノ使者」 2026/04/10(金) 発売 収録国家：ドラゴンエンパイア、ダークステイツ、ブラントゲート、ケテルサンクチュアリ、ストイケイア、リリカルモナステリオ,294,DZ-BT14/FR36,楽園を訪れし者 フィルデア,（ラクエンヲオトズレシモノ フィルデア）,https://cf-vanguard.com/cardlist/?cardno=DZ-BT14/FR36&expansion=294&view=image,https://cf-vanguard.com/wordpress/wp-content/images/cardlist/DZ-BT14/dzbt14_234.png,ノーマルユニット,ストイケイア,シルフ,グレード 2,パワー 10000,クリティカル 1,シールド 5000,インターセプト,-,スタンダード,FR,ueo,【自】：あなたの世界が真宵楽園なら、このコストで払う【ソウルブラスト】は(1)減る。このユニットが山札か手札から(R)に登場した時、あなたのヴァンガードが「楽園」を含むなら、【コスト】[【ソウルブラスト】(1)]することで、あなたの山札を上から７枚見て、「ナナクリル」を含むカードか、「花開け、此処は真なる宵の楽園」を１枚まで選び、公開して手札に加え、山札をシャッフルする。【起】【(R)】：【コスト】[このユニットをソウルに置く]ことで、そのターン中、あなたが「花開け、此処は真なる宵の楽園」の能力で１つ行う際、１つではなく２つ行う。,-,"One Who Arrived at Paradise, Phildeia","https://cardfight.fandom.com/wiki/One_Who_Arrived_at_Paradise,_Phildeia",VGE-DZ-BT14,DZ-BT14/041,320,,false
ブースターパック 【DZ-BT14】「赫月ノ使者」 2026/04/10(金) 発売 収録国家：ドラゴンエンパイア、ダークステイツ、ブラントゲート、ケテルサンクチュアリ、ストイケイア、リリカルモナステリオ,294,DZ-BT14/FR37,樹角獣 スクレル,（ジュカクジュウ スクレル）,https://cf-vanguard.com/cardlist/?cardno=DZ-BT14/FR37&expansion=294&view=image,https://cf-vanguard.com/wordpress/wp-content/images/cardlist/DZ-BT14/dzbt14_235.png,ノーマルユニット,ストイケイア,ハイビースト,グレード 2,パワー 10000,クリティカル 1,シールド 5000,インターセプト,-,スタンダード,FR,カエルDX,【自】：クリティカル２以上のユニットがアタックしているバトルでこのユニットが(G)に置かれた時、あなたのヴァンガードが「樹角獣」を含むなら、【コスト】[【エネルギーブラスト】(2)]することで、そのバトル中、このユニットのシールド＋15000。,-,"Sylvan Horned Beast, Skrele","https://cardfight.fandom.com/wiki/Sylvan_Horned_Beast,_Skrele",VGE-DZ-BT14,DZ-BT14/063,80,120,true
ブースターパック 【DZ-BT14】「赫月ノ使者」 2026/04/10(金) 発売 収録国家：ドラゴンエンパイア、ダークステイツ、ブラントゲート、ケテルサンクチュアリ、ストイケイア、リリカルモナステリオ,294,DZ-BT14/FR38,照験の学徒 シーグナ,（ショウケンノガクト シーグナ）,https://cf-vanguard.com/cardlist/?cardno=DZ-BT14/FR38&expansion=294&view=image,https://cf-vanguard.com/wordpress/wp-content/images/cardlist/DZ-BT14/dzbt14_236.png,ノーマルユニット,ストイケイア,ワービースト/幻影,グレード 1,パワー 8000,クリティカル 1,シールド 5000,ブースト,-,スタンダード,FR,ゆずしお,【自】：このユニットが(R)に登場した時、あなたのヴァンガードが「ゼーリス」を含むなら、あなたの山札を上から３枚見て、１枚まで選び、捨て、山札をシャッフルする。【永】【(G)】：あなたのヴァンガードが「ゼーリス」を含むなら、このユニットのシールド＋5000。,-,"Student of Illumination, Ciygna","https://cardfight.fandom.com/wiki/Student_of_Illumination,_Ciygna",VGE-DZ-BT14,DZ-BT14/064,1280,,false
ブースターパック 【DZ-BT14】「赫月ノ使者」 2026/04/10(金) 発売 収録国家：ドラゴンエンパイア、ダークステイツ、ブラントゲート、ケテルサンクチュアリ、ストイケイア、リリカルモナステリオ,294,DZ-BT14/FR39,ニンニン・ジンギー,（ニンニン・ジンギー）,https://cf-vanguard.com/cardlist/?cardno=DZ-BT14/FR39&expansion=294&view=image,https://cf-vanguard.com/wordpress/wp-content/images/cardlist/DZ-BT14/dzbt14_237.png,ノーマルユニット,ストイケイア,ドリアード,グレード 1,パワー 8000,クリティカル 1,シールド 5000,ブースト,-,スタンダード,FR,IRIA,【自】【(R)】：このユニットがブーストした時、あなたのヴァンガードがグレード３以上なら、【コスト】[ドロップからノーマルオーダーを１枚山札の下に置く]ことで、そのバトル中、このユニットのパワー＋5000。,-,Nin-Nin Zingy,https://cardfight.fandom.com/wiki/Nin-Nin_Zingy,VGE-DZ-BT14,DZ-BT14/065,80,120,true
ブースターパック 【DZ-BT14】「赫月ノ使者」 2026/04/10(金) 発売 収録国家：ドラゴンエンパイア、ダークステイツ、ブラントゲート、ケテルサンクチュアリ、ストイケイア、リリカルモナステリオ,294,DZ-BT14/FR40,泡沫の極大魔法 グリド・ラディアール,（ファントム・グランマギア グリド・ラディアール）,https://cf-vanguard.com/cardlist/?cardno=DZ-BT14/FR40&expansion=294&view=image,https://cf-vanguard.com/wordpress/wp-content/images/cardlist/DZ-BT14/dzbt14_238.png,ノーマルオーダー,ストイケイア,極大魔法,グレード 3,パワー -,クリティカル -,シールド -,-,-,スタンダード,FR,BISAI,このカードはドロップからでもプレイでき、あなたのヴァンガードが「泡沫の大魔法師 ゼーリス “幻影”」なら、【コスト】[【ソウルブラスト】(1)]することでプレイできる！このカードをバインドし、そのターン中、あなたのヴァンガードは『【永】【(V)】：あなたの〈幻影〉のユニットすべてのパワー＋5000。あなたのバインドゾーンに「泡沫の極大魔法 グリド・ラディアール」が３枚以上なら、＋5000ではなく＋10000。』を得る。【永】：このカードはこのカードの能力以外でバインドされず、あなたのヴァンガードが「ゼーリス」を含むなら、このカードが赫月カードの能力で山札から公開されている間、このカードは赫月カードとして扱う。,-,"Fantum Gran Magick, Glid Radeaur","https://cardfight.fandom.com/wiki/Fantum_Gran_Magick,_Glid_Radeaur",VGE-DZ-BT14,DZ-BT14/066,1980,,true
ブースターパック 【DZ-BT14】「赫月ノ使者」 2026/04/10(金) 発売 収録国家：ドラゴンエンパイア、ダークステイツ、ブラントゲート、ケテルサンクチュアリ、ストイケイア、リリカルモナステリオ,294,DZ-BT14/FR41,X-CeeDaNCe ラピ・グロッサ,（イクシーダンス ラピ・グロッサ）,https://cf-vanguard.com/cardlist/?cardno=DZ-BT14/FR41&expansion=294&view=image,https://cf-vanguard.com/wordpress/wp-content/images/cardlist/DZ-BT14/dzbt14_239.png,ノーマルユニット,リリカルモナステリオ,ヒューマン/幻影,グレード 2,パワー 10000,クリティカル 1,シールド 5000,インターセプト,-,スタンダード,FR,がり,【自】：このユニットが(R)に登場した時、あなたの自己改修ゲージがあるなら、【コスト】[【カウンターブラスト】(1)]することで、あなたの山札を上から７枚見て、１枚まで選び、公開し、あなたのヴァンガードのグレード以下の「X-CeeDaNCe」を含むカードなら(R)にコールし、赫月カードなら手札に加える。山札をシャッフルする。あなたのヴァンガードがグレード３以上なら、そのターン中、このユニットのパワー＋5000。【自】：このユニットが(G)に置かれた時、あなたの自己改修ゲージが２枚以上なら、そのバトル中、このユニットのシールド＋5000。４枚以上なら、【コスト】[【ソウルブラスト】(1)]することで、さらにシールド＋5000。,-,"X-CeeDaNCe, Lapi Grossa","https://cardfight.fandom.com/wiki/X-CeeDaNCe,_Lapi_Grossa",VGE-DZ-BT14,DZ-BT14/042,220,,true
ブースターパック 【DZ-BT14】「赫月ノ使者」 2026/04/10(金) 発売 収録国家：ドラゴンエンパイア、ダークステイツ、ブラントゲート、ケテルサンクチュアリ、ストイケイア、リリカルモナステリオ,294,DZ-BT14/FR42,EuphoricReverb ソフィア,（ユーフォリック・リバーブ ソフィア）,https://cf-vanguard.com/cardlist/?cardno=DZ-BT14/FR42&expansion=294&view=image,https://cf-vanguard.com/wordpress/wp-content/images/cardlist/DZ-BT14/dzbt14_240.png,ノーマルユニット,リリカルモナステリオ,ヒューマン,グレード 2,パワー 10000,クリティカル 1,シールド 5000,インターセプト,-,スタンダード,FR,Lucio,【自】：このユニットが手札から(R)に登場した時、あなたの山札を上から５枚見て、「アルティサリア」を含むカードか、楽装カードを１枚まで選び、公開して手札に加え、山札をシャッフルする。公開したなら、あなたの手札から１枚選び、ソウルに置くか、捨てる。【自】【(R)】：このユニットがアタックした時、あなたのオーダーゾーンの楽装カード１枚につき、そのターン中、このユニットのパワー＋5000。,-,"EuphoricReverb, Sophia","https://cardfight.fandom.com/wiki/EuphoricReverb,_Sophia",VGE-DZ-BT14,DZ-BT14/043,320,,true
ブースターパック 【DZ-BT14】「赫月ノ使者」 2026/04/10(金) 発売 収録国家：ドラゴンエンパイア、ダークステイツ、ブラントゲート、ケテルサンクチュアリ、ストイケイア、リリカルモナステリオ,294,DZ-BT14/FR43,シュレッド・プレイヤー ティモニエ,（シュレッド・プレイヤー ティモニエ）,https://cf-vanguard.com/cardlist/?cardno=DZ-BT14/FR43&expansion=294&view=image,https://cf-vanguard.com/wordpress/wp-content/images/cardlist/DZ-BT14/dzbt14_241.png,ノーマルユニット,リリカルモナステリオ,デーモン,グレード 1,パワー 8000,クリティカル 1,シールド 5000,ブースト,-,スタンダード,FR,ぱとり,【起】【(R)】：あなたのヴァンガードが「FL∀MMe-G」を含むグレード３以上なら、【コスト】[【カウンターブラスト】(1)，このユニットをダメージゾーンに置く]ことで、１枚引き、そのターン中、あなたのダメージゾーンでの敗北は７枚になり、あなたは『「FL∀MMe-G」を含むあなたのユニットすべてのパワー＋5000。』を得る。そのターン終了時、このカードと同名のあなたの表のダメージゾーンから１枚選び、バインドする。,-,"Shred Player, Timonie","https://cardfight.fandom.com/wiki/Shred_Player,_Timonie",VGE-DZ-BT14,DZ-BT14/044,120,220,true
ブースターパック 【DZ-BT14】「赫月ノ使者」 2026/04/10(金) 発売 収録国家：ドラゴンエンパイア、ダークステイツ、ブラントゲート、ケテルサンクチュアリ、ストイケイア、リリカルモナステリオ,294,DZ-BT14/FR44,LettiaMateS アンシゼーラ,（レティアメイツ アンシゼーラ）,https://cf-vanguard.com/cardlist/?cardno=DZ-BT14/FR44&expansion=294&view=image,https://cf-vanguard.com/wordpress/wp-content/images/cardlist/DZ-BT14/dzbt14_242.png,ノーマルユニット,リリカルモナステリオ,ワービースト/幻影,グレード 1,パワー 8000,クリティカル 1,シールド 5000,ブースト,-,スタンダード,FR,おおたけおかゆ,【自】【ドロップ】：あなたのライドフェイズに「マグノリア」を含むグレード３以上のあなたのヴァンガードが登場した時、あなたのリアガードすべてがこのカードと別名なら、このカードを(R)にコールしてよい。【自】【中央後列の(R)】：このユニットが「マグノリア」を含むユニットをブーストしたバトル終了時、【コスト】[このユニットをソウルに置く]ことで、あなたのヴァンガードのグレードにより以下を１つ行う。・グレード３-【エネルギーチャージ】(1)し、「LettiaMateS」を含むあなたのリアガードを１枚選び、そのターン中、パワー＋5000。・グレード４-【エネルギーチャージ】(2)し、「LettiaMateS」を含むあなたのリアガードを１枚選び、そのターン中、パワー＋10000。,-,"LettiaMateS, Ancisera","https://cardfight.fandom.com/wiki/LettiaMateS,_Ancisera",VGE-DZ-BT14,DZ-BT14/045,320,,true
ブースターパック 【DZ-BT14】「赫月ノ使者」 2026/04/10(金) 発売 収録国家：ドラゴンエンパイア、ダークステイツ、ブラントゲート、ケテルサンクチュアリ、ストイケイア、リリカルモナステリオ,294,DZ-BT14/FR45,X-CeeDaNCe ニュイ・エーラス,（イクシーダンス ニュイ・エーラス）,https://cf-vanguard.com/cardlist/?cardno=DZ-BT14/FR45&expansion=294&view=image,https://cf-vanguard.com/wordpress/wp-content/images/cardlist/DZ-BT14/dzbt14_243.png,ノーマルユニット,リリカルモナステリオ,ヒューマン/幻影,グレード 1,パワー 8000,クリティカル 1,シールド 5000,ブースト,-,スタンダード,FR,カエルDX,【自】：あなたのターンにこのカードが自己改修ゲージとして置かれた時、あなたの自己改修ゲージが２枚以上で、このターンにこのカードと同名のあなたの他のカードが自己改修ゲージとして置かれていないなら、以下を１つ行う。４枚以上なら、１つではなくすべて行う。・【カウンターチャージ】(1)。・あなたのドロップから「X-CeeDaNCe」を含むカードを１枚選び、ソウルに置く。,-,"X-CeeDaNCe, Nyui Eiras","https://cardfight.fandom.com/wiki/X-CeeDaNCe,_Nyui_Eiras",VGE-DZ-BT14,DZ-BT14/067,220,,false
ブースターパック 【DZ-BT14】「赫月ノ使者」 2026/04/10(金) 発売 収録国家：ドラゴンエンパイア、ダークステイツ、ブラントゲート、ケテルサンクチュアリ、ストイケイア、リリカルモナステリオ,294,DZ-BT14/FR46,X-CeeDaNCe レダ・ティスプル,（イクシーダンス レダ・ティスプル）,https://cf-vanguard.com/cardlist/?cardno=DZ-BT14/FR46&expansion=294&view=image,https://cf-vanguard.com/wordpress/wp-content/images/cardlist/DZ-BT14/dzbt14_244.png,ノーマルユニット,リリカルモナステリオ,ヒューマン/幻影,グレード 1,パワー 8000,クリティカル 1,シールド 5000,ブースト,-,スタンダード,FR,徳之ゆいか,【自】：あなたのターンにこのカードが自己改修ゲージとして置かれた時、あなたのユニットを１枚選び、そのターン中、パワー＋5000。【永】【(G)】：あなたの自己改修ゲージが２枚以上なら、このユニットのシールド＋5000。,-,"X-CeeDaNCe, Leda Tisple","https://cardfight.fandom.com/wiki/X-CeeDaNCe,_Leda_Tisple",VGE-DZ-BT14,DZ-BT14/068,220,,false
ブースターパック 【DZ-BT14】「赫月ノ使者」 2026/04/10(金) 発売 収録国家：ドラゴンエンパイア、ダークステイツ、ブラントゲート、ケテルサンクチュアリ、ストイケイア、リリカルモナステリオ,294,DZ-BT14/FR47,テンダープッシュ アピュイル,（テンダープッシュ アピュイル）,https://cf-vanguard.com/cardlist/?cardno=DZ-BT14/FR47&expansion=294&view=image,https://cf-vanguard.com/wordpress/wp-content/images/cardlist/DZ-BT14/dzbt14_245.png,ノーマルユニット,リリカルモナステリオ,マーメイド,グレード 1,パワー 8000,クリティカル 1,シールド 5000,ブースト,-,スタンダード,FR,つるぎ輝,【自】：あなたの他のリアガードがこのユニットと同じ縦列の(R)から手札に戻された時、あなたのヴァンガードが「Astesice」を含むなら、【コスト】[このユニットをソウルに置く]ことで、１枚引く。,-,"Tender Push, Appuil","https://cardfight.fandom.com/wiki/Tender_Push,_Appuil",VGE-DZ-BT14,DZ-BT14/069,180,220,true
ブースターパック 【DZ-BT14】「赫月ノ使者」 2026/04/10(金) 発売 収録国家：ドラゴンエンパイア、ダークステイツ、ブラントゲート、ケテルサンクチュアリ、ストイケイア、リリカルモナステリオ,294,DZ-BT14/FR48,LettiaMateS マルフェル,（レティアメイツ マルフェル）,https://cf-vanguard.com/cardlist/?cardno=DZ-BT14/FR48&expansion=294&view=image,https://cf-vanguard.com/wordpress/wp-content/images/cardlist/DZ-BT14/dzbt14_246.png,ノーマルユニット,リリカルモナステリオ,ワービースト/幻影,グレード 1,パワー 8000,クリティカル 1,シールド 5000,ブースト,-,スタンダード,FR,ドドタ,【自】：このユニットが手札から(G)に置かれた時、【コスト】[【カウンターブラスト】(1)]することで、このユニットと別名の「LettiaMateS」を含むあなたのガーディアンを１枚選び、そのターン中、『【自】：このユニットが(G)から退却した時、このカードを手札に加える。』を与え、シールド＋5000。,-,"LettiaMateS, Marfer","https://cardfight.fandom.com/wiki/LettiaMateS,_Marfer",VGE-DZ-BT14,DZ-BT14/070,180,220,true
ブースターパック 【DZ-BT14】「赫月ノ使者」 2026/04/10(金) 発売 収録国家：ドラゴンエンパイア、ダークステイツ、ブラントゲート、ケテルサンクチュアリ、ストイケイア、リリカルモナステリオ,294,DZ-BT14/RGGR01,桐生 一馬,（キリュウ カズマ）,https://cf-vanguard.com/cardlist/?cardno=DZ-BT14/RGGR01&expansion=294&view=image,https://cf-vanguard.com/wordpress/wp-content/images/cardlist/DZ-BT14/dzbt14_247.png,ノーマルユニット,ドラゴンエンパイア,龍が如く/東城会,グレード 3,パワー 13000,クリティカル 1,シールド -,ツインドライブ、ペルソナライド,-,スタンダード,RGGR,ⓒSEGA,【永】【(V)】：あなたのターン中、あなたの、ソウルとバインドゾーンの〈龍が如く〉１枚につき、このユニットのパワー＋1000。【起】【(V)】【ターン1回】：【コスト】[(R)か手札から〈龍が如く〉を１枚ソウルに置く]ことで、あなたの山札を上から７枚見て、守護者を持たない〈龍が如く〉を１枚まで選び、公開して手札に加え、山札をシャッフルする。【自】【(V)】【ターン1回】：このユニットがアタックしたバトル終了時、【コスト】[【カウンターブラスト】(1)]することで、このユニットを【スタンド】させ、そのターン中、ドライブ－１。,-,Kazuma Kiryu,https://cardfight.fandom.com/wiki/Kazuma_Kiryu,VGE-DZ-BT14,DZ-BT14/EX01,1280,,true
ブースターパック 【DZ-BT14】「赫月ノ使者」 2026/04/10(金) 発売 収録国家：ドラゴンエンパイア、ダークステイツ、ブラントゲート、ケテルサンクチュアリ、ストイケイア、リリカルモナステリオ,294,DZ-BT14/RGGR02,錦山 彰,（ニシキヤマ アキラ）,https://cf-vanguard.com/cardlist/?cardno=DZ-BT14/RGGR02&expansion=294&view=image,https://cf-vanguard.com/wordpress/wp-content/images/cardlist/DZ-BT14/dzbt14_248.png,ノーマルユニット,ドラゴンエンパイア,龍が如く/東城会/錦山組,グレード 2,パワー 10000,クリティカル 1,シールド 5000,インターセプト,-,スタンダード,RGGR,ⓒSEGA,【起】【ソウル】：あなたのヴァンガードが「桐生 一馬」を含むグレード３以上なら、【コスト】[このカード以外を【ソウルブラスト】(1)]することで、このカードを(R)にコールし、そのターン中、パワー＋5000。【自】：このユニットが(R)に登場した時、【コスト】[【カウンターブラスト】(1)]することで、あなたの山札を上から７枚見て、〈錦山組〉を１枚まで選び、公開して手札に加え、山札をシャッフルする。公開しなかったなら、【カウンターチャージ】(1)。【自】【左前列の(R)】【ターン1回】：あなたのバトルフェイズに「桐生 一馬」を含むグレード３以上のあなたのヴァンガードが【スタンド】した時、あなたの、ソウルかバインドゾーンにライドデッキにした「麗奈」を含むカードがあるなら、【コスト】[【エネルギーブラスト】(3)]することで、このユニットを【スタンド】させ、そのターン中、パワー＋5000。,-,Akira Nishikiyama,https://cardfight.fandom.com/wiki/Akira_Nishikiyama,VGE-DZ-BT14,DZ-BT14/EX02,120,220,true
ブースターパック 【DZ-BT14】「赫月ノ使者」 2026/04/10(金) 発売 収録国家：ドラゴンエンパイア、ダークステイツ、ブラントゲート、ケテルサンクチュアリ、ストイケイア、リリカルモナステリオ,294,DZ-BT14/RGGR03,伊達 真,（ダテ マコト）,https://cf-vanguard.com/cardlist/?cardno=DZ-BT14/RGGR03&expansion=294&view=image,https://cf-vanguard.com/wordpress/wp-content/images/cardlist/DZ-BT14/dzbt14_249.png,ノーマルユニット,ドラゴンエンパイア,龍が如く/警察,グレード 2,パワー 10000,クリティカル 1,シールド 5000,インターセプト,-,スタンダード,RGGR,ⓒSEGA,【起】【ドロップ】：このターンに「桐生 一馬」を含むグレード３以上のあなたのヴァンガードが登場していて、「錦山 彰」を含むあなたのリアガードがいるなら、【コスト】[【エネルギーブラスト】(3)]することで、このカードを(R)にコールする。【永】【(R)/(G)】：あなたのヴァンガードが「桐生 一馬」を含むなら、このユニットのシールド＋5000。あなたのヴァンガードがグレード３以上なら、さらにパワー＋5000。,-,Makoto Date,https://cardfight.fandom.com/wiki/Makoto_Date,VGE-DZ-BT14,DZ-BT14/EX03,120,220,true
ブースターパック 【DZ-BT14】「赫月ノ使者」 2026/04/10(金) 発売 収録国家：ドラゴンエンパイア、ダークステイツ、ブラントゲート、ケテルサンクチュアリ、ストイケイア、リリカルモナステリオ,294,DZ-BT14/RGGR04,真島 吾朗,（マジマ ゴロウ）,https://cf-vanguard.com/cardlist/?cardno=DZ-BT14/RGGR04&expansion=294&view=image,https://cf-vanguard.com/wordpress/wp-content/images/cardlist/DZ-BT14/dzbt14_250.png,ノーマルユニット,ドラゴンエンパイア,龍が如く/東城会/真島組,グレード 2,パワー 10000,クリティカル 1,シールド 5000,インターセプト,-,スタンダード,RGGR,ⓒSEGA,【自】：このユニットが(R)に登場した時、あなたのヴァンガードが「桐生 一馬」を含むなら、【コスト】[【カウンターブラスト】(1)]することで、１枚引く。【永】【(R)】：あなたのヴァンガードが「桐生 一馬」を含むグレード３以上なら、このユニットのパワー＋5000。【自】【中央後列の(R)】：「桐生 一馬」を含むあなたのヴァンガードがアタックした時、【コスト】[このユニットを【レスト】させる]ことで、そのバトル中、そのユニットのパワーを、このユニットのパワー分、増やす。そのバトル終了時、さらに【コスト】[このユニットをソウルに置く]ことで、あなたのドロップから〈龍が如く〉を１枚選び、ソウルに置く。,-,Goro Majima,https://cardfight.fandom.com/wiki/Goro_Majima,VGE-DZ-BT14,DZ-BT14/EX04,580,780,true
ブースターパック 【DZ-BT14】「赫月ノ使者」 2026/04/10(金) 発売 収録国家：ドラゴンエンパイア、ダークステイツ、ブラントゲート、ケテルサンクチュアリ、ストイケイア、リリカルモナステリオ,294,DZ-BT14/RGGR05,狭山 薫,（サヤマ カオル）,https://cf-vanguard.com/cardlist/?cardno=DZ-BT14/RGGR05&expansion=294&view=image,https://cf-vanguard.com/wordpress/wp-content/images/cardlist/DZ-BT14/dzbt14_251.png,ノーマルユニット,ドラゴンエンパイア,龍が如く/警察,グレード 2,パワー 10000,クリティカル 1,シールド 5000,インターセプト,-,スタンダード,RGGR,ⓒSEGA,【起】【ドロップ】：このターンに「桐生 一馬」を含むグレード３以上のあなたのヴァンガードが登場していて、「郷田 龍司」を含むあなたのリアガードがいるなら、【コスト】[【エネルギーブラスト】(3)]することで、このカードを(R)にコールする。【永】【(G)】：あなたのヴァンガードが「桐生 一馬」を含むなら、このユニットのシールド＋5000。あなたのヴァンガードがグレード３以上なら、さらにシールド＋5000。,-,Kaoru Sayama,https://cardfight.fandom.com/wiki/Kaoru_Sayama,VGE-DZ-BT14,DZ-BT14/EX05,120,220,true
ブースターパック 【DZ-BT14】「赫月ノ使者」 2026/04/10(金) 発売 収録国家：ドラゴンエンパイア、ダークステイツ、ブラントゲート、ケテルサンクチュアリ、ストイケイア、リリカルモナステリオ,294,DZ-BT14/RGGR06,郷田 龍司,（ゴウダ リュウジ）,https://cf-vanguard.com/cardlist/?cardno=DZ-BT14/RGGR06&expansion=294&view=image,https://cf-vanguard.com/wordpress/wp-content/images/cardlist/DZ-BT14/dzbt14_252.png,ノーマルユニット,ドラゴンエンパイア,龍が如く/近江連合,グレード 2,パワー 10000,クリティカル 1,シールド 5000,インターセプト,-,スタンダード,RGGR,ⓒSEGA,【起】【ソウル】：あなたのヴァンガードが「桐生 一馬」を含むグレード３以上なら、【コスト】[このカード以外を【ソウルブラスト】(1)]することで、このカードを左前列の(R)にコールし、そのターン中、パワー＋5000。【自】【左前列の(R)】【ターン1回】：このユニットがアタックした時、あなたのヴァンガードが「桐生 一馬」を含むなら、以下を１つ行う。さらにあなたのヴァンガードがグレード３以上なら、そのターン中、このユニットのパワー＋5000。・【コスト】[【エネルギーブラスト】(3)]することで、１枚引く。・相手のヴァンガードがグレード３以上で、あなたの、ソウルかバインドゾーンにライドデッキにした「郷田 仁」を含むカードがあり、このバトルフェイズにあなたのヴァンガードが【スタンド】しているなら、【コスト】[手札から１枚捨てる]ことで、そのバトル中、このユニットはドライブチェックを行う。,-,Ryuji Goda,https://cardfight.fandom.com/wiki/Ryuji_Goda,VGE-DZ-BT14,DZ-BT14/EX06,120,220,true
ブースターパック 【DZ-BT14】「赫月ノ使者」 2026/04/10(金) 発売 収録国家：ドラゴンエンパイア、ダークステイツ、ブラントゲート、ケテルサンクチュアリ、ストイケイア、リリカルモナステリオ,294,DZ-BT14/RGGR07,峯 義孝,（ミネ ヨシタカ）,https://cf-vanguard.com/cardlist/?cardno=DZ-BT14/RGGR07&expansion=294&view=image,https://cf-vanguard.com/wordpress/wp-content/images/cardlist/DZ-BT14/dzbt14_253.png,ノーマルユニット,ドラゴンエンパイア,龍が如く/東城会/白峯会,グレード 2,パワー 10000,クリティカル 1,シールド 5000,インターセプト,-,スタンダード,RGGR,ⓒSEGA,【自】：このユニットが左前列の(R)に登場した時、あなたのヴァンガードが「桐生 一馬」を含み、あなたのソウルに「アサガオ：大切な場所」があるなら、【コスト】[【エネルギーブラスト】(3)か手札から１枚ソウルに置く]ことで、１枚引く。【永】【左前列の(R)】：あなたのヴァンガードが「桐生 一馬」を含むグレード３以上なら、このユニットと同じ縦列の「神田 強」を含むあなたのユニットは後列からでもアタックとインターセプトでき、元々のパワーは15000になる。（相手ターンも有効）【自】【左前列の(R)】：「桐生 一馬」を含むグレード３以上のあなたのヴァンガードが、そのユニットが元々持つ能力で【スタンド】した時、「神田 強」を含むあなたのリアガードを１枚選び、そのターン中、このユニットのパワーを、そのユニットの元々のパワー分、増やす。相手のヴァンガードがグレード３以上で、「神田 強」を含むあなたのバインドゾーンがないなら、【コスト】[このユニットと同じ縦列の「神田 強」を含むユニットを１枚バインドする]ことで、そのターン中、あなたのヴァンガードのドライブ＋１。,-,Yoshitaka Mine,https://cardfight.fandom.com/wiki/Yoshitaka_Mine,VGE-DZ-BT14,DZ-BT14/EX07,420,,true
ブースターパック 【DZ-BT14】「赫月ノ使者」 2026/04/10(金) 発売 収録国家：ドラゴンエンパイア、ダークステイツ、ブラントゲート、ケテルサンクチュアリ、ストイケイア、リリカルモナステリオ,294,DZ-BT14/RGGR08,堂島 大吾,（ドウジマ ダイゴ）,https://cf-vanguard.com/cardlist/?cardno=DZ-BT14/RGGR08&expansion=294&view=image,https://cf-vanguard.com/wordpress/wp-content/images/cardlist/DZ-BT14/dzbt14_254.png,ノーマルユニット,ドラゴンエンパイア,龍が如く/東城会,グレード 2,パワー 10000,クリティカル 1,シールド 5000,インターセプト,-,スタンダード,RGGR,ⓒSEGA,【自】【ドロップ】：「桐生 一馬」を含むグレード３以上のあなたのヴァンガードが登場した時、【コスト】[【エネルギーブラスト】(3)]することで、このカードを(R)にコールする。【自】：このユニットが(R)に登場した時、【コスト】[【カウンターブラスト】(1)]することで、あなたのドロップから〈東城会〉のユニットカードを１枚選び、(R)にコールする。【自】【(R)】：このユニットが〈東城会〉にブーストされた時、そのバトル中、このユニットのパワー＋5000。,-,Daigo Dojima,https://cardfight.fandom.com/wiki/Daigo_Dojima,VGE-DZ-BT14,DZ-BT14/EX08,320,,true
ブースターパック 【DZ-BT14】「赫月ノ使者」 2026/04/10(金) 発売 収録国家：ドラゴンエンパイア、ダークステイツ、ブラントゲート、ケテルサンクチュアリ、ストイケイア、リリカルモナステリオ,294,DZ-BT14/RGGR09,風間 新太郎,（カザマ シンタロウ）,https://cf-vanguard.com/cardlist/?cardno=DZ-BT14/RGGR09&expansion=294&view=image,https://cf-vanguard.com/wordpress/wp-content/images/cardlist/DZ-BT14/dzbt14_255.png,ノーマルユニット,ドラゴンエンパイア,龍が如く/東城会/風間組,グレード 3,パワー 13000,クリティカル 1,シールド -,ツインドライブ、ペルソナライド,-,スタンダード,RGGR,ⓒSEGA,【永】：あなたのヴァンガードが〈龍が如く〉で、あなたの、ソウルとドロップとバインドゾーンの他のカードすべてがこのカードと別名なら、このカードは以下すべてを得る。・【自】：バトルフェイズ以外にこのカードがあなたのカードの能力で(R)か手札からソウルに置かれた時、あなたの山札から「錦山 彰」を含むカードを１枚まで探し、(R)にコールし、山札をシャッフルする。・【自】【ソウル】：「桐生 一馬」を含むあなたのヴァンガードがアタックされた時、【コスト】[このカードをバインドする]ことで、そのバトル中、そのユニットのパワー＋10000。,-,Shintaro Kazama,https://cardfight.fandom.com/wiki/Shintaro_Kazama,VGE-DZ-BT14,DZ-BT14/EX09,120,220,true
ブースターパック 【DZ-BT14】「赫月ノ使者」 2026/04/10(金) 発売 収録国家：ドラゴンエンパイア、ダークステイツ、ブラントゲート、ケテルサンクチュアリ、ストイケイア、リリカルモナステリオ,294,DZ-BT14/RGGR10,麗奈,（レイナ）,https://cf-vanguard.com/cardlist/?cardno=DZ-BT14/RGGR10&expansion=294&view=image,https://cf-vanguard.com/wordpress/wp-content/images/cardlist/DZ-BT14/dzbt14_256.png,ノーマルユニット,ドラゴンエンパイア,龍が如く,グレード 3,パワー 0,クリティカル 1,シールド -,ツインドライブ、ペルソナライド,-,スタンダード,RGGR,ⓒSEGA,【起】【ソウル】：相手のヴァンガードがグレード３以上で、あなたのバインドゾーンすべてがこのカードと別名なら、【コスト】[このカードをバインドする]ことで、「錦山 彰」を含むあなたのユニットを１枚選び、そのターン中、そのユニットの元々のパワーを15000にする。,-,Reina,https://cardfight.fandom.com/wiki/Reina,VGE-DZ-BT14,DZ-BT14/EX10,220,,true
ブースターパック 【DZ-BT14】「赫月ノ使者」 2026/04/10(金) 発売 収録国家：ドラゴンエンパイア、ダークステイツ、ブラントゲート、ケテルサンクチュアリ、ストイケイア、リリカルモナステリオ,294,DZ-BT14/RGGR11,一輝,（カズキ）,https://cf-vanguard.com/cardlist/?cardno=DZ-BT14/RGGR11&expansion=294&view=image,https://cf-vanguard.com/wordpress/wp-content/images/cardlist/DZ-BT14/dzbt14_257.png,ノーマルユニット,ドラゴンエンパイア,龍が如く,グレード 2,パワー 10000,クリティカル 1,シールド 5000,インターセプト,-,スタンダード,RGGR,ⓒSEGA,【永】：あなたのヴァンガードが〈龍が如く〉で、あなたの、ソウルとドロップとバインドゾーンの他のカードすべてがこのカードと別名なら、このカードは以下すべてを得る。・【自】：あなたのターンにこのカードがあなたのカードの能力で(R)か手札からソウルに置かれた時、１枚引く。,-,Kazuki,https://cardfight.fandom.com/wiki/Kazuki,VGE-DZ-BT14,DZ-BT14/EX13,220,320,true
ブースターパック 【DZ-BT14】「赫月ノ使者」 2026/04/10(金) 発売 収録国家：ドラゴンエンパイア、ダークステイツ、ブラントゲート、ケテルサンクチュアリ、ストイケイア、リリカルモナステリオ,294,DZ-BT14/RGGR12,劉 家龍,（ラウ カーロン）,https://cf-vanguard.com/cardlist/?cardno=DZ-BT14/RGGR12&expansion=294&view=image,https://cf-vanguard.com/wordpress/wp-content/images/cardlist/DZ-BT14/dzbt14_258.png,ノーマルユニット,ドラゴンエンパイア,龍が如く,グレード 2,パワー 10000,クリティカル 1,シールド 5000,インターセプト,-,スタンダード,RGGR,ⓒSEGA,【永】【(R)】：このユニットと同じ縦列のあなたのユニットが「郷田 龍司」を含むなら、このユニットは『ブースト』を得る。【自】【(R)】：このユニットが、アタックかブーストした時、相手のヴァンガードがグレード３以上なら、そのバトル中、このユニットのパワー＋5000。,-,Lau Ka Long,https://cardfight.fandom.com/wiki/Lau_Ka_Long,VGE-DZ-BT14,DZ-BT14/EX14,180,220,true
ブースターパック 【DZ-BT14】「赫月ノ使者」 2026/04/10(金) 発売 収録国家：ドラゴンエンパイア、ダークステイツ、ブラントゲート、ケテルサンクチュアリ、ストイケイア、リリカルモナステリオ,294,DZ-BT14/RGGR13,100億の少女　澤村 遥,（100オクノショウジョ　サワムラ ハルカ）,https://cf-vanguard.com/cardlist/?cardno=DZ-BT14/RGGR13&expansion=294&view=image,https://cf-vanguard.com/wordpress/wp-content/images/cardlist/DZ-BT14/dzbt14_259.png,ノーマルユニット,ドラゴンエンパイア,龍が如く,グレード 2,パワー 0,クリティカル 1,シールド 5000,インターセプト,-,スタンダード,RGGR,ⓒSEGA,【自】：このカードが「堂島の龍 桐生 一馬」の能力でライドデッキからソウルに置かれた時、「澤村 由美」を含むあなたのソウルがあるなら、【コスト】[手札から１枚ソウルに置き、ライドデッキから「麗奈」を含むカードを１枚公開する]ことで、あなたの山札から「伊達 真」を含むカードを１枚まで探し、公開して手札に加え、山札をシャッフルする。,-,"Morning Glory Orphanage's Eldest Daughter, Haruka Sawamura","https://cardfight.fandom.com/wiki/Morning_Glory_Orphanage%27s_Eldest_Daughter,_Haruka_Sawamura",VGE-DZ-BT14,DZ-BT14/EX32,120,220,true
ブースターパック 【DZ-BT14】「赫月ノ使者」 2026/04/10(金) 発売 収録国家：ドラゴンエンパイア、ダークステイツ、ブラントゲート、ケテルサンクチュアリ、ストイケイア、リリカルモナステリオ,294,DZ-BT14/RGGR14,柏木 修,（カシワギ オサム）,https://cf-vanguard.com/cardlist/?cardno=DZ-BT14/RGGR14&expansion=294&view=image,https://cf-vanguard.com/wordpress/wp-content/images/cardlist/DZ-BT14/dzbt14_260.png,ノーマルユニット,ドラゴンエンパイア,龍が如く/東城会/風間組,グレード 1,パワー 8000,クリティカル 1,シールド 5000,ブースト,-,スタンダード,RGGR,ⓒSEGA,【永】：あなたのヴァンガードが〈龍が如く〉で、あなたの、ソウルとドロップとバインドゾーンの他のカードすべてがこのカードと別名なら、このカードは以下すべてを得る。・【永】【(R)/ソウル/バインドゾーン】：「堂島 大吾」を含むあなたのリアガードすべての元々のパワーは15000になる。・【自】【ソウル】：「桐生 一馬」を含むあなたのヴァンガードがアタックされた時、【コスト】[このカードをバインドする]ことで、そのバトル中、そのユニットのパワー＋10000。,-,Osamu Kashiwagi,https://cardfight.fandom.com/wiki/Osamu_Kashiwagi,VGE-DZ-BT14,DZ-BT14/EX16,320,,true
ブースターパック 【DZ-BT14】「赫月ノ使者」 2026/04/10(金) 発売 収録国家：ドラゴンエンパイア、ダークステイツ、ブラントゲート、ケテルサンクチュアリ、ストイケイア、リリカルモナステリオ,294,DZ-BT14/RGGR15,古牧 宗太郎,（コマキ ソウタロウ）,https://cf-vanguard.com/cardlist/?cardno=DZ-BT14/RGGR15&expansion=294&view=image,https://cf-vanguard.com/wordpress/wp-content/images/cardlist/DZ-BT14/dzbt14_261.png,ノーマルユニット,ドラゴンエンパイア,龍が如く,グレード 1,パワー 8000,クリティカル 1,シールド 5000,ブースト,-,スタンダード,RGGR,ⓒSEGA,【永】：あなたのヴァンガードが〈龍が如く〉で、あなたの、ソウルとドロップとバインドゾーンの他のカードすべてがこのカードと別名なら、このカードは以下すべてを得る。・【自】：あなたのターンにこのカードがあなたのカードの能力で(R)か手札からソウルに置かれた時、【エネルギーチャージ】(3)し、そのターン中、あなたのヴァンガードのパワー＋5000。,-,Sotaro Komaki,https://cardfight.fandom.com/wiki/Sotaro_Komaki,VGE-DZ-BT14,DZ-BT14/EX18,120,220,true
ブースターパック 【DZ-BT14】「赫月ノ使者」 2026/04/10(金) 発売 収録国家：ドラゴンエンパイア、ダークステイツ、ブラントゲート、ケテルサンクチュアリ、ストイケイア、リリカルモナステリオ,294,DZ-BT14/RGGR16,サイの花屋,（サイノハナヤ）,https://cf-vanguard.com/cardlist/?cardno=DZ-BT14/RGGR16&expansion=294&view=image,https://cf-vanguard.com/wordpress/wp-content/images/cardlist/DZ-BT14/dzbt14_262.png,ノーマルユニット,ドラゴンエンパイア,龍が如く,グレード 1,パワー 8000,クリティカル 1,シールド 5000,ブースト,-,スタンダード,RGGR,ⓒSEGA,【永】：あなたのヴァンガードが〈龍が如く〉で、あなたの、ソウルとドロップとバインドゾーンの他のカードすべてがこのカードと別名なら、このカードは以下すべてを得る。・【自】：あなたのターンにこのカードがあなたのカードの能力で(R)か手札からソウルに置かれた時、あなたの山札を上から２枚見て、１枚まで選び、山札の上に置き、残りをそれぞれ、山札の下かソウルに置く。,-,The Florist of Sai,https://cardfight.fandom.com/wiki/The_Florist_of_Sai,VGE-DZ-BT14,DZ-BT14/EX19,220,320,true
ブースターパック 【DZ-BT14】「赫月ノ使者」 2026/04/10(金) 発売 収録国家：ドラゴンエンパイア、ダークステイツ、ブラントゲート、ケテルサンクチュアリ、ストイケイア、リリカルモナステリオ,294,DZ-BT14/RGGR17,須藤 純一,（スドウ ジュンイチ）,https://cf-vanguard.com/cardlist/?cardno=DZ-BT14/RGGR17&expansion=294&view=image,https://cf-vanguard.com/wordpress/wp-content/images/cardlist/DZ-BT14/dzbt14_263.png,ノーマルユニット,ドラゴンエンパイア,龍が如く/警察,グレード 1,パワー 8000,クリティカル 1,シールド 5000,ブースト,-,スタンダード,RGGR,ⓒSEGA,【起】【(R)】【ターン1回】：【コスト】[【カウンターブラスト】(1)]することで、あなたのドロップから〈警察〉を１枚選び、このユニットと同じ縦列の(R)にコールする。【自】【(R)】：このユニットが〈警察〉をブーストした時、相手のヴァンガードがグレード３以上なら、そのバトル中、このユニットのパワー＋5000。,-,Junichi Sudo,https://cardfight.fandom.com/wiki/Junichi_Sudo,VGE-DZ-BT14,DZ-BT14/EX20,120,220,true
ブースターパック 【DZ-BT14】「赫月ノ使者」 2026/04/10(金) 発売 収録国家：ドラゴンエンパイア、ダークステイツ、ブラントゲート、ケテルサンクチュアリ、ストイケイア、リリカルモナステリオ,294,DZ-BT14/RGGR18,田中 シンジ,（タナカ シンジ）,https://cf-vanguard.com/cardlist/?cardno=DZ-BT14/RGGR18&expansion=294&view=image,https://cf-vanguard.com/wordpress/wp-content/images/cardlist/DZ-BT14/dzbt14_264.png,ノーマルユニット,ドラゴンエンパイア,龍が如く/東城会/錦山組,グレード 1,パワー 8000,クリティカル 1,シールド 5000,ブースト,-,スタンダード,RGGR,ⓒSEGA,【自】【(R)】【ターン1回】：このユニットがブーストしたバトル終了時、ブーストされたユニットが「錦山 彰」か「桐生 一馬」を含むなら、このユニットを【スタンド】させる。【自】【(R)/手札】：「桐生 一馬」を含むあなたのヴァンガードがアタックされたバトルのガードステップ開始時、【コスト】[このカードをバインドする]ことで、そのバトル中、そのユニットのパワー＋10000。,-,Shinji Tanaka,https://cardfight.fandom.com/wiki/Shinji_Tanaka,VGE-DZ-BT14,DZ-BT14/EX21,320,,true
ブースターパック 【DZ-BT14】「赫月ノ使者」 2026/04/10(金) 発売 収録国家：ドラゴンエンパイア、ダークステイツ、ブラントゲート、ケテルサンクチュアリ、ストイケイア、リリカルモナステリオ,294,DZ-BT14/RGGR19,松重,（マツシゲ）,https://cf-vanguard.com/cardlist/?cardno=DZ-BT14/RGGR19&expansion=294&view=image,https://cf-vanguard.com/wordpress/wp-content/images/cardlist/DZ-BT14/dzbt14_265.png,ノーマルユニット,ドラゴンエンパイア,龍が如く/東城会/錦山組,グレード 1,パワー 8000,クリティカル 1,シールド 5000,ブースト,-,スタンダード,RGGR,ⓒSEGA,【永】：あなたのヴァンガードが〈龍が如く〉で、あなたの、ソウルとドロップとバインドゾーンの他のカードすべてがこのカードと別名なら、このカードは以下すべてを得る。・【自】：あなたのターンにこのカードがあなたのカードの能力で(R)か手札からソウルに置かれた時、「錦山 彰」を含むあなたのリアガードがいるなら、【カウンターチャージ】(1)。・【起】【ソウル】：【コスト】[このカードをバインドする]ことで、【エネルギーチャージ】(3)。,-,,,,,120,220,true
ブースターパック 【DZ-BT14】「赫月ノ使者」 2026/04/10(金) 発売 収録国家：ドラゴンエンパイア、ダークステイツ、ブラントゲート、ケテルサンクチュアリ、ストイケイア、リリカルモナステリオ,294,DZ-BT14/RGGR20,ユウヤ,（ユウヤ）,https://cf-vanguard.com/cardlist/?cardno=DZ-BT14/RGGR20&expansion=294&view=image,https://cf-vanguard.com/wordpress/wp-content/images/cardlist/DZ-BT14/dzbt14_266.png,ノーマルユニット,ドラゴンエンパイア,龍が如く,グレード 1,パワー 8000,クリティカル 1,シールド 5000,ブースト,-,スタンダード,RGGR,ⓒSEGA,【自】【ソウル】：「桐生 一馬」を含むあなたのヴァンガードがアタックされた時、このカードを(G)にコールしてよい。そうしたなら、そのバトル中、このユニットのシールド＋5000。「一輝」を含むあなたのソウルがあるなら、＋5000ではなく＋10000。,-,Yuya,https://cardfight.fandom.com/wiki/Yuya,VGE-DZ-BT14,DZ-BT14/EX24,1480,1780,true
ブースターパック 【DZ-BT14】「赫月ノ使者」 2026/04/10(金) 発売 収録国家：ドラゴンエンパイア、ダークステイツ、ブラントゲート、ケテルサンクチュアリ、ストイケイア、リリカルモナステリオ,294,DZ-BT14/RGGR21,澤村 由美,（サワムラ ユミ）,https://cf-vanguard.com/cardlist/?cardno=DZ-BT14/RGGR21&expansion=294&view=image,https://cf-vanguard.com/wordpress/wp-content/images/cardlist/DZ-BT14/dzbt14_267.png,ノーマルユニット,ドラゴンエンパイア,龍が如く,グレード 1,パワー 0,クリティカル 1,シールド 5000,ブースト,-,スタンダード,RGGR,ⓒSEGA,【起】【ソウル】：あなたのヴァンガードが「桐生 一馬」を含み、「錦山 彰」を含むあなたのリアガードがいて、あなたのバインドゾーンすべてがこのカードと別名なら、【コスト】[このカードをバインドする]ことで、１枚引く。,-,Yumi Sawamura,https://cardfight.fandom.com/wiki/Yumi_Sawamura,VGE-DZ-BT14,DZ-BT14/EX25,120,220,true
ブースターパック 【DZ-BT14】「赫月ノ使者」 2026/04/10(金) 発売 収録国家：ドラゴンエンパイア、ダークステイツ、ブラントゲート、ケテルサンクチュアリ、ストイケイア、リリカルモナステリオ,294,DZ-BT14/RGGR22,郷田 仁,（ゴウダ ジン）,https://cf-vanguard.com/cardlist/?cardno=DZ-BT14/RGGR22&expansion=294&view=image,https://cf-vanguard.com/wordpress/wp-content/images/cardlist/DZ-BT14/dzbt14_268.png,ノーマルユニット,ドラゴンエンパイア,龍が如く/近江連合,グレード 3,パワー 0,クリティカル 1,シールド -,ツインドライブ、ペルソナライド,-,スタンダード,RGGR,ⓒSEGA,【起】【ソウル】：相手のヴァンガードがグレード３以上で、あなたのバインドゾーンすべてがこのカードと別名なら、【コスト】[【エネルギーブラスト】(3)，このカードをバインドする]ことで、あなたのドロップから「狭山 薫」を含むカードを１枚選び、(R)にコールし、あなたのドロップから「郷田 龍司」を含むカードを１枚選び、ソウルに置く。,-,Jin Goda,https://cardfight.fandom.com/wiki/Jin_Goda,VGE-DZ-BT14,DZ-BT14/EX27,120,220,true
ブースターパック 【DZ-BT14】「赫月ノ使者」 2026/04/10(金) 発売 収録国家：ドラゴンエンパイア、ダークステイツ、ブラントゲート、ケテルサンクチュアリ、ストイケイア、リリカルモナステリオ,294,DZ-BT14/RGGR23,寺田 行雄,（テラダ ユキオ）,https://cf-vanguard.com/cardlist/?cardno=DZ-BT14/RGGR23&expansion=294&view=image,https://cf-vanguard.com/wordpress/wp-content/images/cardlist/DZ-BT14/dzbt14_269.png,ノーマルユニット,ドラゴンエンパイア,龍が如く/東城会/近江連合,グレード 2,パワー 10000,クリティカル 1,シールド 5000,インターセプト,-,スタンダード,RGGR,ⓒSEGA,【起】【ソウル】：あなたのヴァンガードが「桐生 一馬」を含むグレード３以上なら、【コスト】[このカード以外を【ソウルブラスト】(1)]することで、このカードを左後列の(R)にコールする。【永】【(R)】：このユニットと同じ縦列のあなたのユニットが、「桐生 一馬」か「郷田 龍司」を含むなら、このユニットは『ブースト』を得る。,-,Yukio Terada,https://cardfight.fandom.com/wiki/Yukio_Terada,VGE-DZ-BT14,DZ-BT14/EX28,120,220,true
ブースターパック 【DZ-BT14】「赫月ノ使者」 2026/04/10(金) 発売 収録国家：ドラゴンエンパイア、ダークステイツ、ブラントゲート、ケテルサンクチュアリ、ストイケイア、リリカルモナステリオ,294,DZ-BT14/RGGR24,堂島 弥生,（ドウジマ ヤヨイ）,https://cf-vanguard.com/cardlist/?cardno=DZ-BT14/RGGR24&expansion=294&view=image,https://cf-vanguard.com/wordpress/wp-content/images/cardlist/DZ-BT14/dzbt14_270.png,ノーマルユニット,ドラゴンエンパイア,龍が如く/東城会,グレード 2,パワー 0,クリティカル 1,シールド 5000,インターセプト,-,スタンダード,RGGR,ⓒSEGA,【起】【ソウル】：あなたのヴァンガードが「桐生 一馬」を含むグレード３以上で、あなたのバインドゾーンすべてがこのカードと別名なら、【コスト】[このカードをバインドする]ことで、以下を１つ行う。・「郷田 龍司」を含むあなたのリアガードがいるなら、１枚引く。・あなたのソウルに「アサガオ：大切な場所」があるなら、【コスト】[手札から１枚ソウルに置く]ことで、あなたの山札から「堂島 大吾」を含むカードを１枚まで探し、(R)にコールし、山札をシャッフルする。,-,Yayoi Dojima,https://cardfight.fandom.com/wiki/Yayoi_Dojima,VGE-DZ-BT14,DZ-BT14/EX29,120,220,true
ブースターパック 【DZ-BT14】「赫月ノ使者」 2026/04/10(金) 発売 収録国家：ドラゴンエンパイア、ダークステイツ、ブラントゲート、ケテルサンクチュアリ、ストイケイア、リリカルモナステリオ,294,DZ-BT14/RGGR25,狭山 民代,（サヤマ タミヨ）,https://cf-vanguard.com/cardlist/?cardno=DZ-BT14/RGGR25&expansion=294&view=image,https://cf-vanguard.com/wordpress/wp-content/images/cardlist/DZ-BT14/dzbt14_271.png,ノーマルユニット,ドラゴンエンパイア,龍が如く,グレード 1,パワー 0,クリティカル 1,シールド 5000,ブースト,-,スタンダード,RGGR,ⓒSEGA,【自】：このカードが「堂島の龍　桐生 一馬」の能力でライドデッキからソウルに置かれた時、【コスト】[手札から１枚ソウルに置く]ことで、あなたの山札から「狭山 薫」を含むカードを１枚まで探し、公開して手札に加え、山札をシャッフルする。,-,Tamiyo Sayama,https://cardfight.fandom.com/wiki/Tamiyo_Sayama,VGE-DZ-BT14,DZ-BT14/EX31,180,220,true
ブースターパック 【DZ-BT14】「赫月ノ使者」 2026/04/10(金) 発売 収録国家：ドラゴンエンパイア、ダークステイツ、ブラントゲート、ケテルサンクチュアリ、ストイケイア、リリカルモナステリオ,294,DZ-BT14/RGGR26,アサガオの長女　澤村 遥,（アサガオノチョウジョ　サワムラ ハルカ）,https://cf-vanguard.com/cardlist/?cardno=DZ-BT14/RGGR26&expansion=294&view=image,https://cf-vanguard.com/wordpress/wp-content/images/cardlist/DZ-BT14/dzbt14_272.png,ノーマルユニット,ドラゴンエンパイア,龍が如く,グレード 3,パワー 0,クリティカル 1,シールド -,ツインドライブ、ペルソナライド,-,スタンダード,RGGR,ⓒSEGA,【起】【ソウル】：あなたのヴァンガードが「桐生 一馬」を含むグレード３以上で、あなたのソウルに「アサガオ：大切な場所」があるなら、【コスト】[ライドデッキにしたこのカードをライドデッキに表で置き、手札から１枚ソウルに置く]ことで、あなたの、山札かドロップから「桐生 一馬」を含むカードを１枚まで探し、公開して手札に加える。山札から探したなら、山札をシャッフルする。,-,"Morning Glory Orphanage's Eldest Daughter, Haruka Sawamura","https://cardfight.fandom.com/wiki/Morning_Glory_Orphanage%27s_Eldest_Daughter,_Haruka_Sawamura",VGE-DZ-BT14,DZ-BT14/EX32,180,320,true
ブースターパック 【DZ-BT14】「赫月ノ使者」 2026/04/10(金) 発売 収録国家：ドラゴンエンパイア、ダークステイツ、ブラントゲート、ケテルサンクチュアリ、ストイケイア、リリカルモナステリオ,294,DZ-BT14/RGGR27,神田 強,（カンダ ツヨシ）,https://cf-vanguard.com/cardlist/?cardno=DZ-BT14/RGGR27&expansion=294&view=image,https://cf-vanguard.com/wordpress/wp-content/images/cardlist/DZ-BT14/dzbt14_273.png,ノーマルユニット,ドラゴンエンパイア,龍が如く/東城会/錦山組,グレード 2,パワー 10000,クリティカル 1,シールド 5000,インターセプト,-,スタンダード,RGGR,ⓒSEGA,【起】【ソウル】：あなたのヴァンガードが「桐生 一馬」を含むグレード３以上なら、【コスト】[このカード以外を【ソウルブラスト】(1)]することで、このカードを左後列の(R)にコールする。【自】【左後列の(R)】：このユニットがアタックした時、あなたのヴァンガードがグレード３以上の〈龍が如く〉なら、そのバトル中、このユニットのパワー＋5000。このターンにあなたがペルソナライドしているなら、＋5000ではなく＋15000。,-,Tsuyoshi Kanda,https://cardfight.fandom.com/wiki/Tsuyoshi_Kanda,VGE-DZ-BT14,DZ-BT14/EX33,320,,true
ブースターパック 【DZ-BT14】「赫月ノ使者」 2026/04/10(金) 発売 収録国家：ドラゴンエンパイア、ダークステイツ、ブラントゲート、ケテルサンクチュアリ、ストイケイア、リリカルモナステリオ,294,DZ-BT14/RGGR28,ミヤさん,（ミヤサン）,https://cf-vanguard.com/cardlist/?cardno=DZ-BT14/RGGR28&expansion=294&view=image,https://cf-vanguard.com/wordpress/wp-content/images/cardlist/DZ-BT14/dzbt14_274.png,ノーマルユニット,ドラゴンエンパイア,龍が如く,グレード 1,パワー 8000,クリティカル 1,シールド 5000,ブースト,-,スタンダード,RGGR,ⓒSEGA,【永】：あなたのヴァンガードが〈龍が如く〉で、あなたの、ソウルとドロップとバインドゾーンの他のカードすべてがこのカードと別名なら、このカードは以下すべてを得る。・【自】：あなたのターンにこのカードがあなたのカードの能力で(R)か手札からソウルに置かれた時、あなたのドロップからそれぞれ別名の〈龍が如く〉のトリガーカードを３枚まで選び、ソウルに置く。,-,Miya-san,https://cardfight.fandom.com/wiki/Miya-san,VGE-DZ-BT14,DZ-BT14/EX34,180,220,true
ブースターパック 【DZ-BT14】「赫月ノ使者」 2026/04/10(金) 発売 収録国家：ドラゴンエンパイア、ダークステイツ、ブラントゲート、ケテルサンクチュアリ、ストイケイア、リリカルモナステリオ,294,DZ-BT14/SEC01,ユースベルク“龍吼燎騎・幻影”,（ユースベルク“ドラグフォース・アームズ・ファントム”）,https://cf-vanguard.com/cardlist/?cardno=DZ-BT14/SEC01&expansion=294&view=image,https://cf-vanguard.com/wordpress/wp-content/images/cardlist/DZ-BT14/dzbt14_275.png,ノーマルユニット,ドラゴンエンパイア,ヒューマン/幻影,グレード 3,パワー 13000,クリティカル 1,シールド -,ツインドライブ、ペルソナライド,-,スタンダード,SEC,萩谷薫,【ドラグドレス】－【自】【(V)】：このユニットがアタックしたバトル終了時、あなたの手札から「滅龍燎騎」を含むカードを１枚まで選び、【スタンド】でライドし、そのターン中、ドライブ－２。ライドしたなら、そのターン終了時、あなたのソウルから「ユースベルク“龍吼燎騎・幻影”」を１枚選び、【レスト】でライドする。【起】【(V)】【ターン1回】：【コスト】[手札から１枚捨てる]ことで、あなたの山札を上から３枚見て、「滅龍燎騎」を含むカードか、グレード２以下を１枚まで選び、公開し、「滅龍燎騎」を含むなら手札に加え、違うなら(R)にコールする。残りすべてを捨ててよい。捨てなかったなら、それらを山札の下に望む順で置く。【自】【(V)】：あなたのメインフェイズ開始時、そのターン中、あなたは『あなたのヴァンガードがアタックした時、種族に〈ドラゴン〉を含むあなたのドロップ１枚につき、そのバトル中、そのユニットのパワー＋1000。』を得る。,-,"Youthberk ""Drægforce Arms: Fantôme""",https://cardfight.fandom.com/wiki/Youthberk_%22Dr%C3%A6gforce_Arms:_Fant%C3%B4me%22,VGE-DZ-BT14,DZ-BT14/001,49800,,true
ブースターパック 【DZ-BT14】「赫月ノ使者」 2026/04/10(金) 発売 収録国家：ドラゴンエンパイア、ダークステイツ、ブラントゲート、ケテルサンクチュアリ、ストイケイア、リリカルモナステリオ,294,DZ-BT14/SEC02,無双の幻真獣 ザルヴァ・ドラグニア,（ムソウノゲンマジュウ ザルヴァ・ドラグニア）,https://cf-vanguard.com/cardlist/?cardno=DZ-BT14/SEC02&expansion=294&view=image,https://cf-vanguard.com/wordpress/wp-content/images/cardlist/DZ-BT14/dzbt14_276.png,ノーマルユニット,ドラゴンエンパイア,幻真獣,グレード 2,パワー 10000,クリティカル 1,シールド 5000,インターセプト,-,スタンダード,SEC,萩谷薫,【自】：このユニットが手札から(R)に登場した時、【コスト】[【ソウルブラスト】(1)]することで、あなたの山札を上から７枚見て、「ヴァルガ」を含むユニットカードを１枚まで選び、公開して手札に加え、山札をシャッフルする。【永】：あなたのヴァンガードが「ヴァルガ」を含むグレード３以上なら、このカードは以下すべてを得る。・【永】【(R)】：あなたのターン中、このユニットのパワー＋5000し、このユニットと同じ横列の他のリアガードすべてがこのユニットと別名なら、このユニットは『ブースト』を得て、あなたのカードの効果で退却しない。・【自】【(R)】【ターン1回】：バトルフェイズにあなたのヴァンガードが【スタンド】した時、そのターン中、このユニットのパワー＋5000し、このユニットと同じ横列の他のリアガードすべてがこのユニットと別名で、このファイトであなたが【ディヴァインスキル】を使っているなら、【コスト】[【エネルギーブラスト】(3)]することで、さらにクリティカルを２にする。,-,"Mythisch of Unparalleled, Zalva Dragnia","https://cardfight.fandom.com/wiki/Mythisch_of_Unparalleled,_Zalva_Dragnia",VGE-DZ-BT14,DZ-BT14/003,49800,,true
ブースターパック 【DZ-BT14】「赫月ノ使者」 2026/04/10(金) 発売 収録国家：ドラゴンエンパイア、ダークステイツ、ブラントゲート、ケテルサンクチュアリ、ストイケイア、リリカルモナステリオ,294,DZ-BT14/SEC03,魔王竜 ガブエリウス “幻影”,（マオウリュウ ガブエリウス “ファントム”）,https://cf-vanguard.com/cardlist/?cardno=DZ-BT14/SEC03&expansion=294&view=image,https://cf-vanguard.com/wordpress/wp-content/images/cardlist/DZ-BT14/dzbt14_277.png,ノーマルユニット,ダークステイツ,アビスドラゴン/幻影,グレード 3,パワー 13000,クリティカル 1,シールド -,ツインドライブ、ペルソナライド,-,スタンダード,SEC,タカヤマトシアキ,【自】【(V)】：このユニットがアタックした時、【コスト】[【カウンターブラスト】(1)，リアガードを２枚ソウルに置く]ことで、あなたのドロップからグレード３以下を２枚まで選び、それぞれ同じ縦列の(R)にコールし、そのターン終了時、そのコールされたユニットすべてをソウルに置く。【ファントムスキル】－【起】【(V)】【ターン1回】：【コスト】[手札かソウルかドロップから、赫月カードを１枚バインドする]ことで、以下すべてを行う。・そのターン中、あなたは『あなたのバインドゾーンの赫月カードが１枚以上なら、あなたの前列のユニットすべてのパワー＋5000。３枚以上なら、＋5000ではなく＋10000。』を得る。・次の相手のターン終了時まで、次に相手のドライブチェックで【クリティカル】が出た際、そのトリガー効果を1つ選び、無効にする。・次のあなたのターン開始時、そのターン中、あなたは『「ガブエリウス」を含むグレード３以上のあなたのヴァンガードは、直前の相手のターンにあなたが【ファントムスキル】能力で無効にしたトリガー効果を得る。』を得る。,-,"Demonic Lord Dragon, Gabwelius ""Fantôme""","https://cardfight.fandom.com/wiki/Demonic_Lord_Dragon,_Gabwelius_%22Fant%C3%B4me%22",VGE-DZ-BT14,DZ-BT14/005,19800,,true
ブースターパック 【DZ-BT14】「赫月ノ使者」 2026/04/10(金) 発売 収録国家：ドラゴンエンパイア、ダークステイツ、ブラントゲート、ケテルサンクチュアリ、ストイケイア、リリカルモナステリオ,294,DZ-BT14/SEC04,零の幻真獣 グリヴァルディ,（ゼロノゲンマジュウ グリヴァルディ）,https://cf-vanguard.com/cardlist/?cardno=DZ-BT14/SEC04&expansion=294&view=image,https://cf-vanguard.com/wordpress/wp-content/images/cardlist/DZ-BT14/dzbt14_278.png,ノーマルユニット,ダークステイツ,幻真獣,グレード 2,パワー 10000,クリティカル 1,シールド 5000,インターセプト,-,スタンダード,SEC,DaisukeIzuka,【永】：このカードは《ケテルサンクチュアリ》にも属する。【永】：あなたのヴァンガードが「ブラグドマイヤー」を含むグレード３以上なら、このカードは以下すべてを得る。・【自】【ソウル/ドロップ】：あなたのメインフェイズ開始時、このカードと同名のあなたのリアガードがいないなら、このカードを(R)にコールしてよい。コールしたなら、そのターン終了時、このユニットを山札の下に置く。・【自】【(R)】：あなたのバトルフェイズ開始時、そのターン中、このユニットのパワー＋5000し、あなたのリアガードを１枚選び、そのターン中、『ブースト』を与える。・【自】【(R)】：あなたのヴァンガードがアタックしたバトル終了時、このファイトであなたが「ブラグドマイヤー」を含むグレード３以上の【ディヴァインスキル】を使っていて、このバトルフェイズにあなたのリアガードが【スタンド】していないなら、【コスト】[【エネルギーブラスト】(3)]することで、このユニットと同じ縦列のあなたのリアガードすべてを【スタンド】させる。,-,"Mythisch of Zero, Grivardhy","https://cardfight.fandom.com/wiki/Mythisch_of_Zero,_Grivardhy",VGE-DZ-BT14,DZ-BT14/007,39800,,true
ブースターパック 【DZ-BT14】「赫月ノ使者」 2026/04/10(金) 発売 収録国家：ドラゴンエンパイア、ダークステイツ、ブラントゲート、ケテルサンクチュアリ、ストイケイア、リリカルモナステリオ,294,DZ-BT14/SEC05,幻真獣機神 “月天巨星”アングボルド,（ゲンマジュウキシン “ゲッテンキョセイ”アングボルド）,https://cf-vanguard.com/cardlist/?cardno=DZ-BT14/SEC05&expansion=294&view=image,https://cf-vanguard.com/wordpress/wp-content/images/cardlist/DZ-BT14/dzbt14_279.png,ノーマルユニット,ブラントゲート,幻真獣,グレード 3,パワー 28000,クリティカル 1,シールド -,ツインドライブ、ペルソナライド,-,スタンダード,SEC,中村エイト,【永】：このカードは、ライドできず、(R)にコールできない。【起】【手札】：あなたのオーダーゾーンに「月の門」があるなら、【コスト】[【ソウルブラスト】(1)，このカードを公開する]ことで、あなたのオーダーゾーンからこのカードと別名の「幻真獣」を含むカードを１枚選び、手札に加える。加えたなら、このカードをオーダーゾーンに置く。【自】【オーダーゾーン】：「ヴェイズルーグ」を含むあなたのヴァンガードがアタックした時、このバトルで「幻真獣」を含むあなたのユニットが山札に置かれていないなら、【コスト】[「ロズトニル」、「ガルズオルムス」、「へルグヴァール」を含むユニットカードをそれぞれ１枚ずつ、(R)から１枚以上とドロップから２枚まで、合計３枚山札の下に望む順で置く]ことで、そのターン中、このカードの【永】能力を無効にする。【自】【(R)】：各ターン終了時、このユニットを退却させる。,-,"Mythisch Machine Deity, ""Mondgestirn"" Angrbold","https://cardfight.fandom.com/wiki/Mythisch_Machine_Deity,_%22Mondgestirn%22_Angrbold",VGE-DZ-BT14,DZ-BT14/009,17800,,true
ブースターパック 【DZ-BT14】「赫月ノ使者」 2026/04/10(金) 発売 収録国家：ドラゴンエンパイア、ダークステイツ、ブラントゲート、ケテルサンクチュアリ、ストイケイア、リリカルモナステリオ,294,DZ-BT14/SEC06,裁秤大隊指揮官 アルグリーヴラ “幻影”,（ライヴレイト・コマンダー アルグリーヴラ “ファントム”）,https://cf-vanguard.com/cardlist/?cardno=DZ-BT14/SEC06&expansion=294&view=image,https://cf-vanguard.com/wordpress/wp-content/images/cardlist/DZ-BT14/dzbt14_280.png,ノーマルユニット,ブラントゲート,スペースドラゴン/幻影,グレード 3,パワー 13000,クリティカル 1,シールド -,ツインドライブ、ペルソナライド,-,スタンダード,SEC,ナブランジャ,【起】【(V)】【ターン1回】：【コスト】[手札からプロダクトカードを１枚以上、３枚まで公開する]ことで、このコストで公開されたカードすべてをオーダーゾーンに置き、１枚引く。２枚以上置いたなら、そのターン中、このユニットのパワー＋5000。【起】【(V)】【ターン1回】：【コスト】[【カウンターブラスト】(1)，【ソウルブラスト】(1)]することで、あなたのオーダーゾーンから、「裁秤」を含むそれぞれ別名のプロダクトを、相手のヴァンガードのグレードと同じ枚数まで選び、稼働させる。【ファントムスキル】－【起】【(V)】【ターン1回】：【コスト】[手札かソウルかドロップから、赫月カードを１枚バインドする]ことで、過充填能力を持つそれぞれ別名のあなたのリアガードを、相手のヴァンガードのグレードと同じ枚数まで選び、そのターン中、パワー＋5000。３枚以上選んだなら、そのターン中、このユニットのドライブ＋１。,-,"Leibrecht Commander, Aelquilibra ""Fantôme""","https://cardfight.fandom.com/wiki/Leibrecht_Commander,_Aelquilibra_%22Fant%C3%B4me%22",VGE-DZ-BT14,DZ-BT14/010,24800,,true
ブースターパック 【DZ-BT14】「赫月ノ使者」 2026/04/10(金) 発売 収録国家：ドラゴンエンパイア、ダークステイツ、ブラントゲート、ケテルサンクチュアリ、ストイケイア、リリカルモナステリオ,294,DZ-BT14/SEC07,Bel-Fiore マイア,（ベル-フィオーレ マイア）,https://cf-vanguard.com/cardlist/?cardno=DZ-BT14/SEC07&expansion=294&view=image,https://cf-vanguard.com/wordpress/wp-content/images/cardlist/DZ-BT14/dzbt14_281.png,ノーマルユニット,ケテルサンクチュアリ,ヒューマン,グレード 3,パワー 13000,クリティカル 1,シールド -,ツインドライブ、ペルソナライド,-,スタンダード,SEC,イコール,【永】【(V)】：「Bel-Fiore」を含むあなたのリアガードすべては相手のカードの効果で選べず、あなたのターン中、「Bel-Fiore」を含むあなたの前列のユニットすべてのパワー＋5000。【起】【(V)】【ターン1回】：【コスト】[【カウンターブラスト】(1)]することで、エンゲージされているそれぞれ別名のあなたのカードを、相手のヴァンガードのグレードと同じ枚数まで選び、(R)にコールする。このターンにあなたがペルソナライドしているなら、そのターン中、このユニットのクリティカル＋１。【自】【(V)】【ターン1回】：このユニットがアタックされた時、【コスト】[【ソウルブラスト】(1)]することで、「Bel-Fiore」を含むあなたのリアガードを望む枚数選び、(G)に移動させる。,-,"Bel-Fiore, Maia","https://cardfight.fandom.com/wiki/Bel-Fiore,_Maia",VGE-DZ-BT14,DZ-BT14/013,49800,,false
ブースターパック 【DZ-BT14】「赫月ノ使者」 2026/04/10(金) 発売 収録国家：ドラゴンエンパイア、ダークステイツ、ブラントゲート、ケテルサンクチュアリ、ストイケイア、リリカルモナステリオ,294,DZ-BT14/SEC08,泡沫の大魔法師 ゼーリス “幻影”,（ウタカタノダイマホウシ ゼーリス “ファントム”）,https://cf-vanguard.com/cardlist/?cardno=DZ-BT14/SEC08&expansion=294&view=image,https://cf-vanguard.com/wordpress/wp-content/images/cardlist/DZ-BT14/dzbt14_282.png,ノーマルユニット,ストイケイア,エルフ/幻影,グレード 3,パワー 13000,クリティカル 1,シールド -,ツインドライブ、ペルソナライド,-,スタンダード,SEC,BISAI,【起】【(V)】【ターン1回】：【コスト】[【カウンターブラスト】(1)]することで、泡沫の大魔法師 ゼーリス “幻影”・トークンを１枚中央後列の(R)にコールし、そのターン中、『【永】【(R)】このユニットは後列からでもアタックでき、ドライブ－１。このユニットがアタックしたバトルでは、ドライブチェックを行う。』を与える。【ファントムスキル】－【起】【(V)】：相手のヴァンガードがグレード３以上なら、【コスト】[ソウルとドロップから、赫月カードすべてをバインドする]ことで、あなたのドロップから【超】以外のトリガーカードを、このコストでバインドされたカードと同じ枚数まで選び、山札に戻してシャッフルする。このファイト中、あなたはこのユニットと同名のユニットの【ファントムスキル】能力のコストを払えない。,-,"Great Magick Caster of Transitory, Zerith ""Fantôme""","https://cardfight.fandom.com/wiki/Great_Magick_Caster_of_Transitory,_Zerith_%22Fant%C3%B4me%22",VGE-DZ-BT14,DZ-BT14/016,49800,,false
ブースターパック 【DZ-BT14】「赫月ノ使者」 2026/04/10(金) 発売 収録国家：ドラゴンエンパイア、ダークステイツ、ブラントゲート、ケテルサンクチュアリ、ストイケイア、リリカルモナステリオ,294,DZ-BT14/SEC09,X-CeeDaNCe インバルディオ “幻影”,（イクシーダンス インバルディオ “ファントム”）,https://cf-vanguard.com/cardlist/?cardno=DZ-BT14/SEC09&expansion=294&view=image,https://cf-vanguard.com/wordpress/wp-content/images/cardlist/DZ-BT14/dzbt14_283.png,ノーマルユニット,リリカルモナステリオ,ヒューマン/幻影,グレード 3,パワー 13000,クリティカル 1,シールド -,ツインドライブ、ペルソナライド,-,スタンダード,SEC,ひと和,【起】【(V)】【ターン1回】：【コスト】[【カウンターブラスト】(1)]することで、あなたのドロップから１枚選び、あなたの自己改修ゲージとして表で置き、X-ceed NETマーカーのないあなたの(R)を１つ選び、X-ceed NETマーカーを１つ置く。【ファントムスキル】－【起】【(V)】【ターン1回】：【コスト】[手札かソウルかドロップから赫月カードを合計１枚以上、望む枚数バインドする]ことで、あなたのバインドゾーンの赫月カード１枚につき、以下を１つ行う。・そのターン中、このユニットのドライブ＋１。・そのターン中、このユニットのクリティカル＋１。・次の相手のターン終了時まで、あなたのリアガードはX-ceed NETマーカーのある中央後列からでもアタックとインターセプトできる。,-,"X-CeeDaNCe, Impauldio ""Fantôme""","https://cardfight.fandom.com/wiki/X-CeeDaNCe,_Impauldio_%22Fant%C3%B4me%22",VGE-DZ-BT14,DZ-BT14/019,29800,,false
ブースターパック 【DZ-BT14】「赫月ノ使者」 2026/04/10(金) 発売 収録国家：ドラゴンエンパイア、ダークステイツ、ブラントゲート、ケテルサンクチュアリ、ストイケイア、リリカルモナステリオ,294,DZ-BT14/SR01,ユースベルク“龍吼燎騎・幻影”,（ユースベルク“ドラグフォース・アームズ・ファントム”）,https://cf-vanguard.com/cardlist/?cardno=DZ-BT14/SR01&expansion=294&view=image,https://cf-vanguard.com/wordpress/wp-content/images/cardlist/DZ-BT14/dzbt14_284.png,ノーマルユニット,ドラゴンエンパイア,ヒューマン/幻影,グレード 3,パワー 13000,クリティカル 1,シールド -,ツインドライブ、ペルソナライド,-,スタンダード,SR,萩谷薫,【ドラグドレス】－【自】【(V)】：このユニットがアタックしたバトル終了時、あなたの手札から「滅龍燎騎」を含むカードを１枚まで選び、【スタンド】でライドし、そのターン中、ドライブ－２。ライドしたなら、そのターン終了時、あなたのソウルから「ユースベルク“龍吼燎騎・幻影”」を１枚選び、【レスト】でライドする。【起】【(V)】【ターン1回】：【コスト】[手札から１枚捨てる]ことで、あなたの山札を上から３枚見て、「滅龍燎騎」を含むカードか、グレード２以下を１枚まで選び、公開し、「滅龍燎騎」を含むなら手札に加え、違うなら(R)にコールする。残りすべてを捨ててよい。捨てなかったなら、それらを山札の下に望む順で置く。【自】【(V)】：あなたのメインフェイズ開始時、そのターン中、あなたは『あなたのヴァンガードがアタックした時、種族に〈ドラゴン〉を含むあなたのドロップ１枚につき、そのバトル中、そのユニットのパワー＋1000。』を得る。,-,"Youthberk ""Drægforce Arms: Fantôme""",https://cardfight.fandom.com/wiki/Youthberk_%22Dr%C3%A6gforce_Arms:_Fant%C3%B4me%22,VGE-DZ-BT14,DZ-BT14/001,1280,,true
ブースターパック 【DZ-BT14】「赫月ノ使者」 2026/04/10(金) 発売 収録国家：ドラゴンエンパイア、ダークステイツ、ブラントゲート、ケテルサンクチュアリ、ストイケイア、リリカルモナステリオ,294,DZ-BT14/SR02,ユースベルク“滅龍燎騎・赫絶”,（ユースベルク“ドラグフォーム・ダイナスト”）,https://cf-vanguard.com/cardlist/?cardno=DZ-BT14/SR02&expansion=294&view=image,https://cf-vanguard.com/wordpress/wp-content/images/cardlist/DZ-BT14/dzbt14_285.png,ノーマルユニット,ドラゴンエンパイア,ヒューマン/幻影,グレード 3,パワー 13000,クリティカル 1,シールド -,ツインドライブ、ペルソナライド,-,スタンダード,SR,萩谷薫,【永】【山札】：あなたのヴァンガードが「ユース」を含むなら、このカードが赫月カードの能力で公開されている間、このカードは赫月カードとして扱う。【自】：このユニットが【ドラグドレス】能力で(V)に登場した時、以下すべてを行う。・そのターン中、あなたの前列のリアガードすべてのパワー＋5000。相手のヴァンガードがグレード３以上なら、さらにパワー＋5000。・【コスト】[【カウンターブラスト】(1)]することで、そのターン中、このユニットのドライブ＋１。相手のヴァンガードがグレード３以上なら、さらにクリティカル＋１。【ファントムスキル】－【自】【(V)】【ターン1回】：このユニットがアタックした時、【コスト】[手札かソウルかドロップから、赫月カードを合計１枚以上、２枚までバインドする]ことで、相手のリアガードを、このコストでバインドされたカードと同じ枚数選び、退却させ、そのターン中、あなたの前列のユニットすべてのパワー＋5000。あなたのバインドゾーンに赫月カードが３枚以上なら、さらにパワー＋5000。,-,"Youthberk ""DrægForm: Dynast""",https://cardfight.fandom.com/wiki/Youthberk_%22Dr%C3%A6gForm:_Dynast%22,VGE-DZ-BT14,DZ-BT14/002,980,1280,true
ブースターパック 【DZ-BT14】「赫月ノ使者」 2026/04/10(金) 発売 収録国家：ドラゴンエンパイア、ダークステイツ、ブラントゲート、ケテルサンクチュアリ、ストイケイア、リリカルモナステリオ,294,DZ-BT14/SR03,無双の幻真獣 ザルヴァ・ドラグニア,（ムソウノゲンマジュウ ザルヴァ・ドラグニア）,https://cf-vanguard.com/cardlist/?cardno=DZ-BT14/SR03&expansion=294&view=image,https://cf-vanguard.com/wordpress/wp-content/images/cardlist/DZ-BT14/dzbt14_286.png,ノーマルユニット,ドラゴンエンパイア,幻真獣,グレード 2,パワー 10000,クリティカル 1,シールド 5000,インターセプト,-,スタンダード,SR,萩谷薫,【自】：このユニットが手札から(R)に登場した時、【コスト】[【ソウルブラスト】(1)]することで、あなたの山札を上から７枚見て、「ヴァルガ」を含むユニットカードを１枚まで選び、公開して手札に加え、山札をシャッフルする。【永】：あなたのヴァンガードが「ヴァルガ」を含むグレード３以上なら、このカードは以下すべてを得る。・【永】【(R)】：あなたのターン中、このユニットのパワー＋5000し、このユニットと同じ横列の他のリアガードすべてがこのユニットと別名なら、このユニットは『ブースト』を得て、あなたのカードの効果で退却しない。・【自】【(R)】【ターン1回】：バトルフェイズにあなたのヴァンガードが【スタンド】した時、そのターン中、このユニットのパワー＋5000し、このユニットと同じ横列の他のリアガードすべてがこのユニットと別名で、このファイトであなたが【ディヴァインスキル】を使っているなら、【コスト】[【エネルギーブラスト】(3)]することで、さらにクリティカルを２にする。,-,"Mythisch of Unparalleled, Zalva Dragnia","https://cardfight.fandom.com/wiki/Mythisch_of_Unparalleled,_Zalva_Dragnia",VGE-DZ-BT14,DZ-BT14/003,1280,1480,true
ブースターパック 【DZ-BT14】「赫月ノ使者」 2026/04/10(金) 発売 収録国家：ドラゴンエンパイア、ダークステイツ、ブラントゲート、ケテルサンクチュアリ、ストイケイア、リリカルモナステリオ,294,DZ-BT14/SR04,ドラグリッター ウアターハ,（ドラグリッター ウアターハ）,https://cf-vanguard.com/cardlist/?cardno=DZ-BT14/SR04&expansion=294&view=image,https://cf-vanguard.com/wordpress/wp-content/images/cardlist/DZ-BT14/dzbt14_287.png,ノーマルユニット,ドラゴンエンパイア,ドラゴロイド/幻影,グレード 1,パワー 8000,クリティカル 1,シールド 5000,ブースト,-,スタンダード,SR,ひと和,【自】：このユニットが、手札から(R)に登場した時か、赫月カードの能力で(R)に登場した時、あなたの山札を上から５枚見て、種族に〈ドラゴン〉を含むカードと、オーダーカードをそれぞれ１枚まで選び、捨て、山札をシャッフルする。【永】【(R)/(G)】：種族に〈ドラゴン〉を含むあなたのドロップが５枚以上なら、このユニットは『インターセプト』を得て、後列からでもインターセプトできる。あなたのバインドゾーンに赫月カードがあるなら、さらにシールド＋5000。,-,"Dragritter, Uathaach","https://cardfight.fandom.com/wiki/Dragritter,_Uathaach",VGE-DZ-BT14,DZ-BT14/004,780,,true
ブースターパック 【DZ-BT14】「赫月ノ使者」 2026/04/10(金) 発売 収録国家：ドラゴンエンパイア、ダークステイツ、ブラントゲート、ケテルサンクチュアリ、ストイケイア、リリカルモナステリオ,294,DZ-BT14/SR05,荒牙之衆 マリエルド,（ヴェナティオール マリエルド）,https://cf-vanguard.com/cardlist/?cardno=DZ-BT14/SR05&expansion=294&view=image,https://cf-vanguard.com/wordpress/wp-content/images/cardlist/DZ-BT14/dzbt14_288.png,ノーマルユニット,ドラゴンエンパイア,ヒューマン,グレード 2,パワー 10000,クリティカル 1,シールド 5000,インターセプト,-,スタンダード,SR,phima,【永】：あなたのヴァンガードが「荒牙之衆」を含むなら、このカードは以下すべてを得る。・【自】：このユニットが、(R)に登場した時か、グレード３以上のあなたのヴァンガードの能力で(R)から退却した時、【コスト】[【カウンターブラスト】(1)]することで、１枚引き、あなたのドロップから１枚選び、ソウルに置く。・【自】【(R)】：このユニットがアタックした時、あなたのヴァンガードがグレード３以上なら、そのバトル中、このユニットのパワー＋5000。このターンにこのユニットがあなたのヴァンガードの能力で(R)に登場しているなら、さらにパワー＋5000。,-,"Venatiol, Marield","https://cardfight.fandom.com/wiki/Venatiol,_Marield",VGE-DZ-BT14,DZ-BT14/022,120,,true
ブースターパック 【DZ-BT14】「赫月ノ使者」 2026/04/10(金) 発売 収録国家：ドラゴンエンパイア、ダークステイツ、ブラントゲート、ケテルサンクチュアリ、ストイケイア、リリカルモナステリオ,294,DZ-BT14/SR06,オブリテレイト・ドラゴン,（オブリテレイト・ドラゴン）,https://cf-vanguard.com/cardlist/?cardno=DZ-BT14/SR06&expansion=294&view=image,https://cf-vanguard.com/wordpress/wp-content/images/cardlist/DZ-BT14/dzbt14_289.png,ノーマルユニット,ドラゴンエンパイア,フレイムドラゴン/幻影,グレード 2,パワー 10000,クリティカル 1,シールド 5000,インターセプト,-,スタンダード,SR,安達洋介,【起】【ドロップ】：あなたのヴァンガードが「ユースベルク」を含むグレード３以上なら、【コスト】[「ユース」を含むカードを【ソウルブラスト】(2)]することで、このカードを(R)にコールし、そのターン中、パワー＋5000。【自】：このユニットが(R)に登場した時、【コスト】[【カウンターブラスト】(1)]することで、あなたの山札を上から７枚見て、「ユースベルク」を含むカードを１枚まで選び、公開して手札に加え、山札をシャッフルする。公開しなかったなら、【カウンターチャージ】(1)。,-,Obliterate Dragon,https://cardfight.fandom.com/wiki/Obliterate_Dragon,VGE-DZ-BT14,DZ-BT14/023,220,,true
ブースターパック 【DZ-BT14】「赫月ノ使者」 2026/04/10(金) 発売 収録国家：ドラゴンエンパイア、ダークステイツ、ブラントゲート、ケテルサンクチュアリ、ストイケイア、リリカルモナステリオ,294,DZ-BT14/SR07,フォーロンホープ・ドラゴン,（フォーロンホープ・ドラゴン）,https://cf-vanguard.com/cardlist/?cardno=DZ-BT14/SR07&expansion=294&view=image,https://cf-vanguard.com/wordpress/wp-content/images/cardlist/DZ-BT14/dzbt14_290.png,ノーマルユニット,ドラゴンエンパイア,フレイムドラゴン/幻影,グレード 2,パワー 10000,クリティカル 1,シールド 5000,インターセプト,-,スタンダード,SR,ハタパグ,【自】【(R)】：「ユースベルク」を含むグレード３以上のあなたのヴァンガードがアタックした時、そのターン中、このユニットのパワー＋5000。【自】【(R)】：このユニットがアタックしたバトル終了時、このターンにあなたのヴァンガードが【ドラグドレス】能力で登場しているなら、【コスト】[このユニットを退却させる]ことで、１枚引く。,-,Forlorn Hope Dragon,https://cardfight.fandom.com/wiki/Forlorn_Hope_Dragon,VGE-DZ-BT14,DZ-BT14/024,320,,true
ブースターパック 【DZ-BT14】「赫月ノ使者」 2026/04/10(金) 発売 収録国家：ドラゴンエンパイア、ダークステイツ、ブラントゲート、ケテルサンクチュアリ、ストイケイア、リリカルモナステリオ,294,DZ-BT14/SR08,アウトバースト・ドラゴン,（アウトバースト・ドラゴン）,https://cf-vanguard.com/cardlist/?cardno=DZ-BT14/SR08&expansion=294&view=image,https://cf-vanguard.com/wordpress/wp-content/images/cardlist/DZ-BT14/dzbt14_291.png,ノーマルユニット,ドラゴンエンパイア,サンダードラゴン/幻影,グレード 1,パワー 8000,クリティカル 1,シールド 5000,ブースト,-,スタンダード,SR,てぉ,【自】：このユニットが(R)に登場した時、あなたのライドデッキから「アルファルド」を含むグレード３を１枚選び、公開してよい。公開したか、あなたのヴァンガードが「アルファルド」を含むグレード３以上なら、【コスト】[【カウンターブラスト】(1)]することで、あなたの山札を上から７枚見て、「アルファルド」を含むグレード３以上か、赫月カードを１枚まで選び、公開して手札に加え、山札をシャッフルする。加えなかったなら、【ソウルチャージ】(2)してよい。【自】【(R)】：このユニットがブーストした時、このターンにあなたが「アルファルド」を含むグレード３以上の【ファントムスキル】能力を使っているなら、そのバトル中、このユニットのパワー＋5000。,-,Outburst Dragon,https://cardfight.fandom.com/wiki/Outburst_Dragon,VGE-DZ-BT14,DZ-BT14/025,120,,true
ブースターパック 【DZ-BT14】「赫月ノ使者」 2026/04/10(金) 発売 収録国家：ドラゴンエンパイア、ダークステイツ、ブラントゲート、ケテルサンクチュアリ、ストイケイア、リリカルモナステリオ,294,DZ-BT14/SR09,魔王竜 ガブエリウス “幻影”,（マオウリュウ ガブエリウス “ファントム”）,https://cf-vanguard.com/cardlist/?cardno=DZ-BT14/SR09&expansion=294&view=image,https://cf-vanguard.com/wordpress/wp-content/images/cardlist/DZ-BT14/dzbt14_292.png,ノーマルユニット,ダークステイツ,アビスドラゴン/幻影,グレード 3,パワー 13000,クリティカル 1,シールド -,ツインドライブ、ペルソナライド,-,スタンダード,SR,タカヤマトシアキ,【自】【(V)】：このユニットがアタックした時、【コスト】[【カウンターブラスト】(1)，リアガードを２枚ソウルに置く]ことで、あなたのドロップからグレード３以下を２枚まで選び、それぞれ同じ縦列の(R)にコールし、そのターン終了時、そのコールされたユニットすべてをソウルに置く。【ファントムスキル】－【起】【(V)】【ターン1回】：【コスト】[手札かソウルかドロップから、赫月カードを１枚バインドする]ことで、以下すべてを行う。・そのターン中、あなたは『あなたのバインドゾーンの赫月カードが１枚以上なら、あなたの前列のユニットすべてのパワー＋5000。３枚以上なら、＋5000ではなく＋10000。』を得る。・次の相手のターン終了時まで、次に相手のドライブチェックで【クリティカル】が出た際、そのトリガー効果を1つ選び、無効にする。・次のあなたのターン開始時、そのターン中、あなたは『「ガブエリウス」を含むグレード３以上のあなたのヴァンガードは、直前の相手のターンにあなたが【ファントムスキル】能力で無効にしたトリガー効果を得る。』を得る。,-,"Demonic Lord Dragon, Gabwelius ""Fantôme""","https://cardfight.fandom.com/wiki/Demonic_Lord_Dragon,_Gabwelius_%22Fant%C3%B4me%22",VGE-DZ-BT14,DZ-BT14/005,320,500,true
ブースターパック 【DZ-BT14】「赫月ノ使者」 2026/04/10(金) 発売 収録国家：ドラゴンエンパイア、ダークステイツ、ブラントゲート、ケテルサンクチュアリ、ストイケイア、リリカルモナステリオ,294,DZ-BT14/SR10,スチームメイデン スパイラルキューティ,（スチームメイデン スパイラルキューティ）,https://cf-vanguard.com/cardlist/?cardno=DZ-BT14/SR10&expansion=294&view=image,https://cf-vanguard.com/wordpress/wp-content/images/cardlist/DZ-BT14/dzbt14_293.png,ノーマルユニット,ダークステイツ,ギアロイド/幻影,グレード 2,パワー 10000,クリティカル 1,シールド 5000,インターセプト,-,スタンダード,SR,椿春雨,【自】：ライドデッキからライドする際にこのカードが手札から捨てられた時、あなたのヴァンガードが〈幻影〉なら、【コスト】[【ソウルブラスト】(1)か【エネルギーブラスト】(3)]することで、あなたの山札から赫月カードを１枚まで探し、公開して手札に加え、山札をシャッフルする。【自】：このユニットが手札から(G)に置かれた時、あなたのヴァンガードが〈幻影〉なら、【コスト】[【カウンターブラスト】(1)か【エネルギーブラスト】(3)]することで、１枚引く。,-,"Steam Maiden, Spiral Cutie","https://cardfight.fandom.com/wiki/Steam_Maiden,_Spiral_Cutie",VGE-DZ-BT14,DZ-BT14/006,2480,,false
ブースターパック 【DZ-BT14】「赫月ノ使者」 2026/04/10(金) 発売 収録国家：ドラゴンエンパイア、ダークステイツ、ブラントゲート、ケテルサンクチュアリ、ストイケイア、リリカルモナステリオ,294,DZ-BT14/SR11,零の幻真獣 グリヴァルディ,（ゼロノゲンマジュウ グリヴァルディ）,https://cf-vanguard.com/cardlist/?cardno=DZ-BT14/SR11&expansion=294&view=image,https://cf-vanguard.com/wordpress/wp-content/images/cardlist/DZ-BT14/dzbt14_294.png,ノーマルユニット,ダークステイツ,幻真獣,グレード 2,パワー 10000,クリティカル 1,シールド 5000,インターセプト,-,スタンダード,SR,DaisukeIzuka,【永】：このカードは《ケテルサンクチュアリ》にも属する。【永】：あなたのヴァンガードが「ブラグドマイヤー」を含むグレード３以上なら、このカードは以下すべてを得る。・【自】【ソウル/ドロップ】：あなたのメインフェイズ開始時、このカードと同名のあなたのリアガードがいないなら、このカードを(R)にコールしてよい。コールしたなら、そのターン終了時、このユニットを山札の下に置く。・【自】【(R)】：あなたのバトルフェイズ開始時、そのターン中、このユニットのパワー＋5000し、あなたのリアガードを１枚選び、そのターン中、『ブースト』を与える。・【自】【(R)】：あなたのヴァンガードがアタックしたバトル終了時、このファイトであなたが「ブラグドマイヤー」を含むグレード３以上の【ディヴァインスキル】を使っていて、このバトルフェイズにあなたのリアガードが【スタンド】していないなら、【コスト】[【エネルギーブラスト】(3)]することで、このユニットと同じ縦列のあなたのリアガードすべてを【スタンド】させる。,-,"Mythisch of Zero, Grivardhy","https://cardfight.fandom.com/wiki/Mythisch_of_Zero,_Grivardhy",VGE-DZ-BT14,DZ-BT14/007,1980,2480,true
ブースターパック 【DZ-BT14】「赫月ノ使者」 2026/04/10(金) 発売 収録国家：ドラゴンエンパイア、ダークステイツ、ブラントゲート、ケテルサンクチュアリ、ストイケイア、リリカルモナステリオ,294,DZ-BT14/SR12,リヴァレントダガー・ドラゴン,（リヴァレントダガー・ドラゴン）,https://cf-vanguard.com/cardlist/?cardno=DZ-BT14/SR12&expansion=294&view=image,https://cf-vanguard.com/wordpress/wp-content/images/cardlist/DZ-BT14/dzbt14_295.png,ノーマルユニット,ダークステイツ,アビスドラゴン/幻影,グレード 2,パワー 10000,クリティカル 1,シールド 5000,インターセプト,-,スタンダード,SR,ダイエクスト,【起】【ドロップ】：あなたのヴァンガードが「ガブエリウス」を含むグレード３以上で、あなたのリアガードすべてがこのカードと別名なら、【コスト】[【エネルギーブラスト】(3)]することで、このカードを(R)にコールする。【自】【(R)】【ターン1回】：このユニットがアタックした時、あなたのヴァンガードが「ガブエリウス」を含むグレード３以上なら、【コスト】[【ソウルブラスト】(1)]することで、そのターン中、このユニットのパワー＋5000。あなたのバインドゾーンに赫月カードが２枚以上なら、＋5000ではなく＋10000。,-,Reverent Dagger Dragon,https://cardfight.fandom.com/wiki/Reverent_Dagger_Dragon,VGE-DZ-BT14,DZ-BT14/008,320,420,true
ブースターパック 【DZ-BT14】「赫月ノ使者」 2026/04/10(金) 発売 収録国家：ドラゴンエンパイア、ダークステイツ、ブラントゲート、ケテルサンクチュアリ、ストイケイア、リリカルモナステリオ,294,DZ-BT14/SR13,フルイド・サフォケイター,（フルイド・サフォケイター）,https://cf-vanguard.com/cardlist/?cardno=DZ-BT14/SR13&expansion=294&view=image,https://cf-vanguard.com/wordpress/wp-content/images/cardlist/DZ-BT14/dzbt14_296.png,ノーマルユニット,ダークステイツ,ヒューマン,グレード 2,パワー 10000,クリティカル 1,シールド 5000,インターセプト,-,スタンダード,SR,茶ちえ,【自】：このユニットが(R)に登場した時、【コスト】[【カウンターブラスト】(1)]することで、以下を１つ行う。・あなたのライドデッキから「バロウマグネス」を含むグレード３を１枚選び、公開してよい。公開したか、あなたのヴァンガードが「バロウマグネス」を含むグレード３以上なら、１枚引く。・あなたのヴァンガードが「バロウマグネス」を含むグレード３以上で、このユニットがバトルフェイズ以外に登場したなら、あなたの山札を上から３枚公開し、その中から望む枚数選び、ソウルに置き、山札をシャッフルする。さらに１枚引いてよい。【永】【(G)】：あなたのヴァンガードが「バロウマグネス」を含むグレード３以上なら、このユニットのシールド＋5000。,-,Fluid Suffocator,https://cardfight.fandom.com/wiki/Fluid_Suffocator,VGE-DZ-BT14,DZ-BT14/026,120,,true
ブースターパック 【DZ-BT14】「赫月ノ使者」 2026/04/10(金) 発売 収録国家：ドラゴンエンパイア、ダークステイツ、ブラントゲート、ケテルサンクチュアリ、ストイケイア、リリカルモナステリオ,294,DZ-BT14/SR14,ダイアフルドール こんちぇった,（ダイアフルドール コンチェッタ）,https://cf-vanguard.com/cardlist/?cardno=DZ-BT14/SR14&expansion=294&view=image,https://cf-vanguard.com/wordpress/wp-content/images/cardlist/DZ-BT14/dzbt14_297.png,ノーマルユニット,ダークステイツ,ワーカロイド,グレード 1,パワー 8000,クリティカル 1,シールド 5000,ブースト,-,スタンダード,SR,麻谷知世,【永】【(G)】：あなたのヴァンガードが「ダイアフルドール」を含むなら、このユニットのシールド＋5000。【起】【ソウル/ドロップ】：あなたのヴァンガードが「ダイアフルドール」を含むグレード３以上なら、【コスト】[【カウンターブラスト】(1)，このカードを山札の下に置く]ことで、あなたのドロップから「ダイアフルドール」を含むカードを１枚まで選び、ソウルに置き、そのターン中、あなたは『あなたの前列の「ダイアフルドール」を含むユニットすべてのパワー＋5000。』を得る。そのターン中、あなたはこのカードと同名のカードの【起】能力のコストを払えない。,-,"Direful Doll, Concetta","https://cardfight.fandom.com/wiki/Direful_Doll,_Concetta",VGE-DZ-BT14,DZ-BT14/027,420,,true
ブースターパック 【DZ-BT14】「赫月ノ使者」 2026/04/10(金) 発売 収録国家：ドラゴンエンパイア、ダークステイツ、ブラントゲート、ケテルサンクチュアリ、ストイケイア、リリカルモナステリオ,294,DZ-BT14/SR15,パイアスブレス・ドラゴン,（パイアスブレス・ドラゴン）,https://cf-vanguard.com/cardlist/?cardno=DZ-BT14/SR15&expansion=294&view=image,https://cf-vanguard.com/wordpress/wp-content/images/cardlist/DZ-BT14/dzbt14_298.png,ノーマルユニット,ダークステイツ,アビスドラゴン/幻影,グレード 1,パワー 8000,クリティカル 1,シールド 5000,ブースト,-,スタンダード,SR,Yoshimo,【自】：あなたのメインフェイズにこのユニットが(R)に登場した時、あなたのヴァンガードが「ガブエリウス」を含むグレード３以上なら、【コスト】[【ソウルブラスト】(1)]することで、あなたの山札を上から５枚見て、グレード３以下を１枚まで選び、捨て、山札をシャッフルし、そのターン中、このユニットのパワー＋2000。【自】：このユニットが「ガブエリウス」を含むグレード３以上のあなたのヴァンガードの能力で(R)からソウルに置かれた時、【コスト】[このカードをバインドする]ことで、１枚引く。,-,Pious Breath Dragon,https://cardfight.fandom.com/wiki/Pious_Breath_Dragon,VGE-DZ-BT14,DZ-BT14/028,120,220,true
ブースターパック 【DZ-BT14】「赫月ノ使者」 2026/04/10(金) 発売 収録国家：ドラゴンエンパイア、ダークステイツ、ブラントゲート、ケテルサンクチュアリ、ストイケイア、リリカルモナステリオ,294,DZ-BT14/SR16,モンメガンティーク・キマイラ,（モンメガンティーク・キマイラ）,https://cf-vanguard.com/cardlist/?cardno=DZ-BT14/SR16&expansion=294&view=image,https://cf-vanguard.com/wordpress/wp-content/images/cardlist/DZ-BT14/dzbt14_299.png,ノーマルユニット,ダークステイツ,キメラ,グレード 1,パワー 8000,クリティカル 1,シールド 5000,ブースト,-,スタンダード,SR,オサフネオウジ,【自】：このユニットが(R)に登場した時、あなたのヴァンガードが「星刻姫」を含むなら、あなたのドロップから、「アストロア」を含むカードか、【クリティカル】を１枚まで選び、ソウルに置く。【自】【(R)】：このユニットと同じ縦列のあなたの他のリアガードが「アストロア」を含むグレード３以上のあなたのヴァンガードの能力で【スタンド】した時、そのターン中、あなたの前列のリアガードすべてのパワー＋5000してよい。そうしたなら、そのターン終了時、このユニットを退却させ、１枚引く。,-,Montmegantique Chimaera,https://cardfight.fandom.com/wiki/Montmegantique_Chimaera,VGE-DZ-BT14,DZ-BT14/029,120,,true
ブースターパック 【DZ-BT14】「赫月ノ使者」 2026/04/10(金) 発売 収録国家：ドラゴンエンパイア、ダークステイツ、ブラントゲート、ケテルサンクチュアリ、ストイケイア、リリカルモナステリオ,294,DZ-BT14/SR17,幻真獣機神 “月天巨星”アングボルド,（ゲンマジュウキシン “ゲッテンキョセイ”アングボルド）,https://cf-vanguard.com/cardlist/?cardno=DZ-BT14/SR17&expansion=294&view=image,https://cf-vanguard.com/wordpress/wp-content/images/cardlist/DZ-BT14/dzbt14_300.png,ノーマルユニット,ブラントゲート,幻真獣,グレード 3,パワー 28000,クリティカル 1,シールド -,ツインドライブ、ペルソナライド,-,スタンダード,SR,中村エイト,【永】：このカードは、ライドできず、(R)にコールできない。【起】【手札】：あなたのオーダーゾーンに「月の門」があるなら、【コスト】[【ソウルブラスト】(1)，このカードを公開する]ことで、あなたのオーダーゾーンからこのカードと別名の「幻真獣」を含むカードを１枚選び、手札に加える。加えたなら、このカードをオーダーゾーンに置く。【自】【オーダーゾーン】：「ヴェイズルーグ」を含むあなたのヴァンガードがアタックした時、このバトルで「幻真獣」を含むあなたのユニットが山札に置かれていないなら、【コスト】[「ロズトニル」、「ガルズオルムス」、「へルグヴァール」を含むユニットカードをそれぞれ１枚ずつ、(R)から１枚以上とドロップから２枚まで、合計３枚山札の下に望む順で置く]ことで、そのターン中、このカードの【永】能力を無効にする。【自】【(R)】：各ターン終了時、このユニットを退却させる。,-,"Mythisch Machine Deity, ""Mondgestirn"" Angrbold","https://cardfight.fandom.com/wiki/Mythisch_Machine_Deity,_%22Mondgestirn%22_Angrbold",VGE-DZ-BT14,DZ-BT14/009,580,,true
ブースターパック 【DZ-BT14】「赫月ノ使者」 2026/04/10(金) 発売 収録国家：ドラゴンエンパイア、ダークステイツ、ブラントゲート、ケテルサンクチュアリ、ストイケイア、リリカルモナステリオ,294,DZ-BT14/SR18,裁秤大隊指揮官 アルグリーヴラ “幻影”,（ライヴレイト・コマンダー アルグリーヴラ “ファントム”）,https://cf-vanguard.com/cardlist/?cardno=DZ-BT14/SR18&expansion=294&view=image,https://cf-vanguard.com/wordpress/wp-content/images/cardlist/DZ-BT14/dzbt14_301.png,ノーマルユニット,ブラントゲート,スペースドラゴン/幻影,グレード 3,パワー 13000,クリティカル 1,シールド -,ツインドライブ、ペルソナライド,-,スタンダード,SR,ナブランジャ,【起】【(V)】【ターン1回】：【コスト】[手札からプロダクトカードを１枚以上、３枚まで公開する]ことで、このコストで公開されたカードすべてをオーダーゾーンに置き、１枚引く。２枚以上置いたなら、そのターン中、このユニットのパワー＋5000。【起】【(V)】【ターン1回】：【コスト】[【カウンターブラスト】(1)，【ソウルブラスト】(1)]することで、あなたのオーダーゾーンから、「裁秤」を含むそれぞれ別名のプロダクトを、相手のヴァンガードのグレードと同じ枚数まで選び、稼働させる。【ファントムスキル】－【起】【(V)】【ターン1回】：【コスト】[手札かソウルかドロップから、赫月カードを１枚バインドする]ことで、過充填能力を持つそれぞれ別名のあなたのリアガードを、相手のヴァンガードのグレードと同じ枚数まで選び、そのターン中、パワー＋5000。３枚以上選んだなら、そのターン中、このユニットのドライブ＋１。,-,"Leibrecht Commander, Aelquilibra ""Fantôme""","https://cardfight.fandom.com/wiki/Leibrecht_Commander,_Aelquilibra_%22Fant%C3%B4me%22",VGE-DZ-BT14,DZ-BT14/010,580,,true
ブースターパック 【DZ-BT14】「赫月ノ使者」 2026/04/10(金) 発売 収録国家：ドラゴンエンパイア、ダークステイツ、ブラントゲート、ケテルサンクチュアリ、ストイケイア、リリカルモナステリオ,294,DZ-BT14/SR19,スポラディークセロ・ドラゴン,（スポラディークセロ・ドラゴン）,https://cf-vanguard.com/cardlist/?cardno=DZ-BT14/SR19&expansion=294&view=image,https://cf-vanguard.com/wordpress/wp-content/images/cardlist/DZ-BT14/dzbt14_302.png,ノーマルユニット,ブラントゲート,サイバードラゴン,グレード 1,パワー 8000,クリティカル 1,シールド 5000,ブースト,-,スタンダード,SR,SENNSU,【自】：ライドデッキからライドする際にこのカードが手札から捨てられた時、あなたの山札を上から７枚見て、セットオーダーを１枚まで選び、公開して手札に加え、山札をシャッフルする。【自】【(R)/ドロップ】：あなたのヴァンガードがアタックされた時、相手のヴァンガードがグレード３以上なら、【コスト】[このカードを除外する]ことで、そのバトル中、あなたのヴァンガードのパワー＋10000。そのターン中、あなたはこのカードと同名のカードの【自】能力のコストを払えない。,-,Sporadic Cerro Dragon,https://cardfight.fandom.com/wiki/Sporadic_Cerro_Dragon,VGE-DZ-BT14,DZ-BT14/011,,,
ブースターパック 【DZ-BT14】「赫月ノ使者」 2026/04/10(金) 発売 収録国家：ドラゴンエンパイア、ダークステイツ、ブラントゲート、ケテルサンクチュアリ、ストイケイア、リリカルモナステリオ,294,DZ-BT14/SR20,裁秤大隊 フェルベシウス・ドラゴン,（ライヴレイト フェルベシウス・ドラゴン）,https://cf-vanguard.com/cardlist/?cardno=DZ-BT14/SR20&expansion=294&view=image,https://cf-vanguard.com/wordpress/wp-content/images/cardlist/DZ-BT14/dzbt14_303.png,ノーマルユニット,ブラントゲート,スペースドラゴン/幻影,グレード 1,パワー 8000,クリティカル 1,シールド 5000,ブースト,-,スタンダード,SR,saikoro,【自】：このユニットが手札から(R)に登場した時、【コスト】[【カウンターブラスト】(1)]することで、あなたのドロップからプロダクトカードを２枚まで選び、手札に加える。過充填－【自】【(R)】：このユニットがブーストしたバトル終了時、このターンにこのユニットが「アルグリーヴラ」を含むグレード３以上のあなたのヴァンガードの能力で選ばれているなら、【コスト】[このユニットをソウルに置く]ことで、あなたの山札を上から５枚見て、セットオーダーか赫月カードを１枚まで選び、公開して手札に加え、山札をシャッフルする。,-,"Librate Battalion, Firvesius Dragon","https://cardfight.fandom.com/wiki/Librate_Battalion,_Firvesius_Dragon",VGE-DZ-BT14,DZ-BT14/012,500,,true
ブースターパック 【DZ-BT14】「赫月ノ使者」 2026/04/10(金) 発売 収録国家：ドラゴンエンパイア、ダークステイツ、ブラントゲート、ケテルサンクチュアリ、ストイケイア、リリカルモナステリオ,294,DZ-BT14/SR21,エーベンフォルツ・ロートバイザー,（エーベンフォルツ・ロートバイザー）,https://cf-vanguard.com/cardlist/?cardno=DZ-BT14/SR21&expansion=294&view=image,https://cf-vanguard.com/wordpress/wp-content/images/cardlist/DZ-BT14/dzbt14_304.png,ノーマルユニット,ブラントゲート,バトロイド,グレード 2,パワー 10000,クリティカル 1,シールド 5000,インターセプト,-,スタンダード,SR,かんくろう,【永】【山札】：このカードのグレード＋１。【自】：このユニットが(R)に登場した時、あなたのヴァンガードが「ロートバイザー」を含むなら、【コスト】[「ロートバイザー」を含むカードを【ソウルブラスト】(1)]することで、あなたの、山札かドロップからアリーナカードを１枚まで探し、公開して手札に加え、山札から探したなら、山札をシャッフルする。【自】【(R)】：このユニットがアタックした時、あなたのヴァンガードが「ロートバイザー」を含むグレード３以上なら、そのバトル中、このユニットのパワー＋5000。あなたのオーダーゾーンにアリーナが２種類以上なら、【コスト】[【エネルギーブラスト】(2)]することで、そのターン中、相手はインターセプトできない。,-,Evenfortz Rotovisor,https://cardfight.fandom.com/wiki/Evenfortz_Rotovisor,VGE-DZ-BT14,DZ-BT14/030,120,220,true
ブースターパック 【DZ-BT14】「赫月ノ使者」 2026/04/10(金) 発売 収録国家：ドラゴンエンパイア、ダークステイツ、ブラントゲート、ケテルサンクチュアリ、ストイケイア、リリカルモナステリオ,294,DZ-BT14/SR22,創成魔獣 囂々喚き,（ソウセイマジュウ ゴウゴウワメキ）,https://cf-vanguard.com/cardlist/?cardno=DZ-BT14/SR22&expansion=294&view=image,https://cf-vanguard.com/wordpress/wp-content/images/cardlist/DZ-BT14/dzbt14_305.png,ノーマルユニット,ブラントゲート,ゲノムゲル/幻影,グレード 2,パワー 10000,クリティカル 1,シールド 5000,インターセプト,-,スタンダード,SR,Moopic,【自】：このカードが魔獣合成された時、相手のヴァンガードがグレード３以上なら、【コスト】[【カウンターブラスト】(1)，このカードをドロップに置く]ことで、このコストでドロップに置かれたカードを(R)にコールし、そのターン中、パワー＋10000。そのターン終了時、そのコールされたユニットをバインドする。,-,"Creation Demonic Beast, Uproarious Scream","https://cardfight.fandom.com/wiki/Creation_Demonic_Beast,_Uproarious_Scream",VGE-DZ-BT14,DZ-BT14/031,220,,false
ブースターパック 【DZ-BT14】「赫月ノ使者」 2026/04/10(金) 発売 収録国家：ドラゴンエンパイア、ダークステイツ、ブラントゲート、ケテルサンクチュアリ、ストイケイア、リリカルモナステリオ,294,DZ-BT14/SR23,リグレイン・リサーチャー 深奥暴き,（リグレイン・リサーチャー シンオウアバキ）,https://cf-vanguard.com/cardlist/?cardno=DZ-BT14/SR23&expansion=294&view=image,https://cf-vanguard.com/wordpress/wp-content/images/cardlist/DZ-BT14/dzbt14_306.png,ノーマルユニット,ブラントゲート,ヒューマン/幻影,グレード 1,パワー 8000,クリティカル 1,シールド 5000,ブースト,-,スタンダード,SR,辰馬大助,【起】【手札】：あなたのオーダーゾーンに、このカードと同名のカードがなく、「リグレイン生命創成研究所」があり、このターンにあなたのオーダーゾーンにカードが置かれていないなら、【コスト】[このカードをオーダーゾーンに置く]ことで、１枚引く。【永】【(G)】：このカードと同名のあなたのオーダーゾーンがあるなら、このユニットのシールド＋5000。【起】【オーダーゾーン】【ターン1回】：【コスト】[【ソウルブラスト】(1)]することで、あなたの山札を上から７枚見て、〈ゲノムゲル〉を１枚まで選び、捨て、山札をシャッフルする。,-,"Regrain Researcher, Deep Depths Expose","https://cardfight.fandom.com/wiki/Regrain_Researcher,_Deep_Depths_Expose",VGE-DZ-BT14,DZ-BT14/032,120,,false
ブースターパック 【DZ-BT14】「赫月ノ使者」 2026/04/10(金) 発売 収録国家：ドラゴンエンパイア、ダークステイツ、ブラントゲート、ケテルサンクチュアリ、ストイケイア、リリカルモナステリオ,294,DZ-BT14/SR24,裁秤僚機 ウェイバリス,（ライヴレイダー ウェイバリス）,https://cf-vanguard.com/cardlist/?cardno=DZ-BT14/SR24&expansion=294&view=image,https://cf-vanguard.com/wordpress/wp-content/images/cardlist/DZ-BT14/dzbt14_307.png,セットオーダー,ブラントゲート,プロダクト,グレード 2,パワー -,クリティカル -,シールド -,-,-,スタンダード,SR,デザイン／三越はるは　イラスト／ToMo,【永】：このカードは〈幻影〉の能力以外で稼働できず、このカードが赫月カードの能力で山札から公開されている間、このカードは赫月カードとして扱い、手札に加える際、かわりにオーダーゾーンに置く。稼働－【自】【オーダーゾーン】：このカードが稼働した時、このカードをパワー10000/シールド10000/クリティカル１で『インターセプト』を持つノーマルユニットとして(R)にコールする。コールしたなら、１枚引いてよい。過充填－【自】【(R)】【ターン1回】：このユニットがアタックした時、このターンにこのユニットが「アルグリーヴラ」を含むグレード３以上のあなたのヴァンガードの能力で選ばれているなら、そのターン中、このユニットは『【自】【(R)】【ターン1回】：あなたのヴァンガードがアタックした時、【コスト】[【エネルギーブラスト】(3)]することで、このユニットを【スタンド】させ、相手のヴァンガードがグレード３以上なら、そのターン中、このユニットのパワー＋10000。』を得て、パワー＋5000。,-,"Leibreiter, Weibaris","https://cardfight.fandom.com/wiki/Leibreiter,_Weibaris",VGE-DZ-BT14,DZ-BT14/033,180,320,true
ブースターパック 【DZ-BT14】「赫月ノ使者」 2026/04/10(金) 発売 収録国家：ドラゴンエンパイア、ダークステイツ、ブラントゲート、ケテルサンクチュアリ、ストイケイア、リリカルモナステリオ,294,DZ-BT14/SR25,Bel-Fiore マイア,（ベル-フィオーレ マイア）,https://cf-vanguard.com/cardlist/?cardno=DZ-BT14/SR25&expansion=294&view=image,https://cf-vanguard.com/wordpress/wp-content/images/cardlist/DZ-BT14/dzbt14_308.png,ノーマルユニット,ケテルサンクチュアリ,ヒューマン,グレード 3,パワー 13000,クリティカル 1,シールド -,ツインドライブ、ペルソナライド,-,スタンダード,SR,イコール,【永】【(V)】：「Bel-Fiore」を含むあなたのリアガードすべては相手のカードの効果で選べず、あなたのターン中、「Bel-Fiore」を含むあなたの前列のユニットすべてのパワー＋5000。【起】【(V)】【ターン1回】：【コスト】[【カウンターブラスト】(1)]することで、エンゲージされているそれぞれ別名のあなたのカードを、相手のヴァンガードのグレードと同じ枚数まで選び、(R)にコールする。このターンにあなたがペルソナライドしているなら、そのターン中、このユニットのクリティカル＋１。【自】【(V)】【ターン1回】：このユニットがアタックされた時、【コスト】[【ソウルブラスト】(1)]することで、「Bel-Fiore」を含むあなたのリアガードを望む枚数選び、(G)に移動させる。,-,"Bel-Fiore, Maia","https://cardfight.fandom.com/wiki/Bel-Fiore,_Maia",VGE-DZ-BT14,DZ-BT14/013,1980,,true
ブースターパック 【DZ-BT14】「赫月ノ使者」 2026/04/10(金) 発売 収録国家：ドラゴンエンパイア、ダークステイツ、ブラントゲート、ケテルサンクチュアリ、ストイケイア、リリカルモナステリオ,294,DZ-BT14/SR26,鴻恩の騎士 オルカデス,（コウオンノキシ オルカデス）,https://cf-vanguard.com/cardlist/?cardno=DZ-BT14/SR26&expansion=294&view=image,https://cf-vanguard.com/wordpress/wp-content/images/cardlist/DZ-BT14/dzbt14_309.png,ノーマルユニット,ケテルサンクチュアリ,エンジェル,グレード 2,パワー 10000,クリティカル 1,シールド 5000,インターセプト,-,スタンダード,SR,満水,【自】：このユニットが手札から(R)に登場した時、あなたのライドデッキから「レザエル」を含むグレード３を１枚選び、公開してよい。公開したか、あなたのヴァンガードが「レザエル」を含むグレード３以上なら、あなたの山札から、あなたのヴァンガードのグレード以下の、守護者を持たないノーマルユニットを１枚まで探し、捨て、山札をシャッフルする。【自】【(R)】：このユニットがヴァンガードにアタックした時、あなたのヴァンガードが「レザエル」を含むグレード３以上なら、そのバトル中、このユニットのパワー＋5000し、そのバトル終了時、このユニットをソウルに置き、１枚引く。このファイトであなたが【ディヴァインスキル】を使っているなら、＋5000ではなく＋10000。,-,"Knight of Great Favor, Orcades","https://cardfight.fandom.com/wiki/Knight_of_Great_Favor,_Orcades",VGE-DZ-BT14,DZ-BT14/014,1280,,true
ブースターパック 【DZ-BT14】「赫月ノ使者」 2026/04/10(金) 発売 収録国家：ドラゴンエンパイア、ダークステイツ、ブラントゲート、ケテルサンクチュアリ、ストイケイア、リリカルモナステリオ,294,DZ-BT14/SR27,Bel-Fiore スエラ,（ベル-フィオーレ スエラ）,https://cf-vanguard.com/cardlist/?cardno=DZ-BT14/SR27&expansion=294&view=image,https://cf-vanguard.com/wordpress/wp-content/images/cardlist/DZ-BT14/dzbt14_310.png,ノーマルユニット,ケテルサンクチュアリ,ヒューマン,グレード 2,パワー 10000,クリティカル 1,シールド 5000,インターセプト,-,スタンダード,SR,三登いつき,【自】：このユニットが、(R)に登場した時か(G)に置かれた時、あなたのヴァンガードが「Bel-Fiore」を含むなら、【コスト】[【カウンターブラスト】(1)]することで、あなたの山札を上から２枚見て、１枚選び、手札に加え、残りを山札の下かソウルに置き、あなたのヴァンガードがグレード３以上なら、そのターン中、このユニットのパワー＋5000/シールド＋5000。【永】【(R)】：あなたのターン中、あなたのヴァンガードが「Bel-Fiore」を含むグレード３以上なら、このユニットのパワー＋5000。【自】【(R)】【ターン1回】：「Bel-Fiore」を含むグレード３以上のあなたのヴァンガードがアタックした時、【コスト】[【エネルギーブラスト】(3)]することで、このユニットを【スタンド】させ、あなたのドロップから「Bel-Fiore」を含むカードを１枚選び、あなたの庭園にエンゲージする。,-,"Bel-Fiore, Suera","https://cardfight.fandom.com/wiki/Bel-Fiore,_Suera",VGE-DZ-BT14,DZ-BT14/015,1280,,false
ブースターパック 【DZ-BT14】「赫月ノ使者」 2026/04/10(金) 発売 収録国家：ドラゴンエンパイア、ダークステイツ、ブラントゲート、ケテルサンクチュアリ、ストイケイア、リリカルモナステリオ,294,DZ-BT14/SR28,Bel-Fiore ミーク,（ベル-フィオーレ ミーク）,https://cf-vanguard.com/cardlist/?cardno=DZ-BT14/SR28&expansion=294&view=image,https://cf-vanguard.com/wordpress/wp-content/images/cardlist/DZ-BT14/dzbt14_311.png,ノーマルユニット,ケテルサンクチュアリ,ヒューマン,グレード 3,パワー 13000,クリティカル 1,シールド -,ツインドライブ、ペルソナライド,-,スタンダード,SR,こよいみつき,【自】：このユニットがあなたのカードの能力で(R)に登場した時、あなたのヴァンガードが「Bel-Fiore」を含むなら、相手の前列の(R)を１つ選び、次の相手のターン終了時まで、このユニットのパワーとシールドを、選んだ(R)のユニットの元々のシールド分、それぞれ増やし、相手は選んだ(R)のユニットカードすべてを山札の下に望む順で置く。,-,"Bel-Fiore, Meek","https://cardfight.fandom.com/wiki/Bel-Fiore,_Meek",VGE-DZ-BT14,DZ-BT14/034,500,,true
ブースターパック 【DZ-BT14】「赫月ノ使者」 2026/04/10(金) 発売 収録国家：ドラゴンエンパイア、ダークステイツ、ブラントゲート、ケテルサンクチュアリ、ストイケイア、リリカルモナステリオ,294,DZ-BT14/SR29,イネクスピアブル・ドラゴン,（イネクスピアブル・ドラゴン）,https://cf-vanguard.com/cardlist/?cardno=DZ-BT14/SR29&expansion=294&view=image,https://cf-vanguard.com/wordpress/wp-content/images/cardlist/DZ-BT14/dzbt14_312.png,ノーマルユニット,ケテルサンクチュアリ,コスモドラゴン/幻影,グレード 2,パワー 10000,クリティカル 1,シールド 5000,インターセプト,-,スタンダード,SR,近藤途轍,【永】：あなたのヴァンガードが「ブラグドマイヤー」を含むグレード３以上なら、このカードは以下すべてを得る。・【自】：バトルフェイズ以外にこのユニットが(R)に登場した時、【コスト】[【カウンターブラスト】(1)]することで、あなたのバインドゾーンからこのユニットと別名のグレード３以下のノーマルユニットを１枚選び、(R)にコールする。コールしたなら、あなたのドロップから１枚選び、バインドし、そのターン終了時、そのコールされたユニットを退却させる。・【永】【(R)/(G)】：このユニットのパワー＋5000/シールド＋5000。相手のヴァンガードがグレード３以上で、このカードと同名のあなたのバインドゾーンがあるなら、さらにパワー＋5000。,-,Inexpiable Dragon,https://cardfight.fandom.com/wiki/Inexpiable_Dragon,VGE-DZ-BT14,DZ-BT14/035,180,220,true
ブースターパック 【DZ-BT14】「赫月ノ使者」 2026/04/10(金) 発売 収録国家：ドラゴンエンパイア、ダークステイツ、ブラントゲート、ケテルサンクチュアリ、ストイケイア、リリカルモナステリオ,294,DZ-BT14/SR30,菱星厳選の女魔術師,（スターセレクト・ソーサレス）,https://cf-vanguard.com/cardlist/?cardno=DZ-BT14/SR30&expansion=294&view=image,https://cf-vanguard.com/wordpress/wp-content/images/cardlist/DZ-BT14/dzbt14_313.png,ノーマルユニット,ケテルサンクチュアリ,ヒューマン,グレード 2,パワー 10000,クリティカル 1,シールド 5000,インターセプト,-,スタンダード,SR,匈歌ハトリ,【自】：このユニットが(R)に登場した時、あなたのヴァンガードが「女魔術師」を含むなら、【コスト】[【エネルギーブラスト】(3)]することで、１枚引く。あなたのヴァンガードがグレード３以上なら、そのターン中、このユニットのパワー＋5000。【自】【前列の(R)】【ターン1回】：このユニットが「女魔術師」を含むグレード３以上のあなたのヴァンガードの能力で選ばれた時、あなたの山札を上から１枚見て、山札の上かソウルに置き、そのターン中、このユニットのパワー＋5000。,-,Star-select Sorceress,https://cardfight.fandom.com/wiki/Star-select_Sorceress,VGE-DZ-BT14,DZ-BT14/036,120,,false
ブースターパック 【DZ-BT14】「赫月ノ使者」 2026/04/10(金) 発売 収録国家：ドラゴンエンパイア、ダークステイツ、ブラントゲート、ケテルサンクチュアリ、ストイケイア、リリカルモナステリオ,294,DZ-BT14/SR31,淑徳の騎士 アンドリヴェート,（シュクトクノキシ アンドリヴェート）,https://cf-vanguard.com/cardlist/?cardno=DZ-BT14/SR31&expansion=294&view=image,https://cf-vanguard.com/wordpress/wp-content/images/cardlist/DZ-BT14/dzbt14_314.png,ノーマルユニット,ケテルサンクチュアリ,エルフ,グレード 1,パワー 8000,クリティカル 1,シールド 5000,ブースト,-,スタンダード,SR,たつよ,【自】：あなたのターンにこのカードが手札から捨てられた時、あなたのライドデッキから「リィエル」を含むグレード３を１枚選び、公開してよい。公開したか、あなたのヴァンガードが「リィエル」を含むグレード３以上なら、あなたの山札を上から５枚見て、１枚まで選び、捨て、山札をシャッフルする。【自】【ドロップ】：あなたのメインフェイズ開始時、あなたのヴァンガードが「リィエル」を含むグレード３以上なら、【コスト】[【エネルギーブラスト】(3)]することで、このカードを(R)にコールし、相手のヴァンガードがグレード３以上なら、そのターン中、このユニットのパワー＋5000。,-,"Knight of Graceful Virtue, Andrivet","https://cardfight.fandom.com/wiki/Knight_of_Graceful_Virtue,_Andrivet",VGE-DZ-BT14,DZ-BT14/037,180,320,true
ブースターパック 【DZ-BT14】「赫月ノ使者」 2026/04/10(金) 発売 収録国家：ドラゴンエンパイア、ダークステイツ、ブラントゲート、ケテルサンクチュアリ、ストイケイア、リリカルモナステリオ,294,DZ-BT14/SR32,泡沫の大魔法師 ゼーリス “幻影”,（ウタカタノダイマホウシ ゼーリス “ファントム”）,https://cf-vanguard.com/cardlist/?cardno=DZ-BT14/SR32&expansion=294&view=image,https://cf-vanguard.com/wordpress/wp-content/images/cardlist/DZ-BT14/dzbt14_315.png,ノーマルユニット,ストイケイア,エルフ/幻影,グレード 3,パワー 13000,クリティカル 1,シールド -,ツインドライブ、ペルソナライド,-,スタンダード,SR,BISAI,【起】【(V)】【ターン1回】：【コスト】[【カウンターブラスト】(1)]することで、泡沫の大魔法師 ゼーリス “幻影”・トークンを１枚中央後列の(R)にコールし、そのターン中、『【永】【(R)】このユニットは後列からでもアタックでき、ドライブ－１。このユニットがアタックしたバトルでは、ドライブチェックを行う。』を与える。【ファントムスキル】－【起】【(V)】：相手のヴァンガードがグレード３以上なら、【コスト】[ソウルとドロップから、赫月カードすべてをバインドする]ことで、あなたのドロップから【超】以外のトリガーカードを、このコストでバインドされたカードと同じ枚数まで選び、山札に戻してシャッフルする。このファイト中、あなたはこのユニットと同名のユニットの【ファントムスキル】能力のコストを払えない。,-,"Great Magick Caster of Transitory, Zerith ""Fantôme""","https://cardfight.fandom.com/wiki/Great_Magick_Caster_of_Transitory,_Zerith_%22Fant%C3%B4me%22",VGE-DZ-BT14,DZ-BT14/016,1480,,true
ブースターパック 【DZ-BT14】「赫月ノ使者」 2026/04/10(金) 発売 収録国家：ドラゴンエンパイア、ダークステイツ、ブラントゲート、ケテルサンクチュアリ、ストイケイア、リリカルモナステリオ,294,DZ-BT14/SR33,黒天の水将 レィミーナ,（コクテンノスイショウ レィミーナ）,https://cf-vanguard.com/cardlist/?cardno=DZ-BT14/SR33&expansion=294&view=image,https://cf-vanguard.com/wordpress/wp-content/images/cardlist/DZ-BT14/dzbt14_316.png,ノーマルユニット,ストイケイア,アクアロイド/幻影,グレード 2,パワー 10000,クリティカル 1,シールド 5000,インターセプト,-,スタンダード,SR,へいろー,【自】：ライドデッキからライドする際にこのカードが手札から捨てられた時、あなたのヴァンガードが〈幻影〉なら、【コスト】[【ソウルブラスト】(1)か【エネルギーブラスト】(3)]することで、あなたの山札から赫月カードを１枚まで探し、公開して手札に加え、山札をシャッフルする。【自】：このユニットが手札から(G)に置かれた時、あなたのヴァンガードが〈幻影〉なら、【コスト】[【カウンターブラスト】(1)か【エネルギーブラスト】(3)]することで、１枚引く。,-,"Marine General of the Black Sky, Leimina","https://cardfight.fandom.com/wiki/Marine_General_of_the_Black_Sky,_Leimina",VGE-DZ-BT14,DZ-BT14/017,2480,,false
ブースターパック 【DZ-BT14】「赫月ノ使者」 2026/04/10(金) 発売 収録国家：ドラゴンエンパイア、ダークステイツ、ブラントゲート、ケテルサンクチュアリ、ストイケイア、リリカルモナステリオ,294,DZ-BT14/SR34,湖心の学匠 フォンタイン,（コシンノガクショウ フォンタイン）,https://cf-vanguard.com/cardlist/?cardno=DZ-BT14/SR34&expansion=294&view=image,https://cf-vanguard.com/wordpress/wp-content/images/cardlist/DZ-BT14/dzbt14_317.png,ノーマルユニット,ストイケイア,エルフ/幻影,グレード 2,パワー 10000,クリティカル 1,シールド 5000,インターセプト,-,スタンダード,SR,NOMISAKI,【自】：このユニットが(R)に登場した時、あなたのヴァンガードが「ゼーリス」を含むなら、【コスト】[【カウンターブラスト】(1)]することで、あなたの山札を上から、あなたの〈幻影〉のユニットと同じ枚数見て、１枚選び、手札に加え、〈幻影〉かノーマルオーダーを１枚まで選び、ドロップに置き、山札をシャッフルする。【自】【前列の(R)】：グレード３以上の〈幻影〉がアタックした時、あなたのヴァンガードが「ゼーリス」を含むグレード３以上なら、そのターン中、このユニットのパワー＋5000。,-,"Scholar of Lake Heart, Fontijn","https://cardfight.fandom.com/wiki/Scholar_of_Lake_Heart,_Fontijn",VGE-DZ-BT14,DZ-BT14/018,1480,,true
ブースターパック 【DZ-BT14】「赫月ノ使者」 2026/04/10(金) 発売 収録国家：ドラゴンエンパイア、ダークステイツ、ブラントゲート、ケテルサンクチュアリ、ストイケイア、リリカルモナステリオ,294,DZ-BT14/SR35,ヴェレーノ・ソルダート ベスピーノ,（ヴェレーノ・ソルダート ベスピーノ）,https://cf-vanguard.com/cardlist/?cardno=DZ-BT14/SR35&expansion=294&view=image,https://cf-vanguard.com/wordpress/wp-content/images/cardlist/DZ-BT14/dzbt14_318.png,ノーマルユニット,ストイケイア,インセクト,グレード 2,パワー 10000,クリティカル 1,シールド 5000,インターセプト,-,スタンダード,SR,西木あれく,【自】：このユニットが(R)に登場した時、そのターン中、このユニットは『【自】【前列の(R)】：あなたのターン終了時、「ヴェレーノ」を含むあなたのユニットが５枚以上なら、【コスト】[「ヴェレーノ」を含むリアガードを１枚ソウルに置く]ことで、あなたのドロップからブリッツオーダーを１枚選び、手札に加える。』を得る。【自】【(R)】：このユニットがヴァンガードにアタックした時、あなたのヴァンガードが「ラスカリア」を含むグレード３以上で、あなたの、(R)とドロップに、「ヴェレーノ」を含む他のカードが合計４枚以上なら、そのバトル中、このユニットのパワー＋5000。合計８枚以上なら、＋5000ではなく＋15000。,-,"Veleno Soldato, Vespino","https://cardfight.fandom.com/wiki/Veleno_Soldato,_Vespino",VGE-DZ-BT14,DZ-BT14/038,180,220,true
ブースターパック 【DZ-BT14】「赫月ノ使者」 2026/04/10(金) 発売 収録国家：ドラゴンエンパイア、ダークステイツ、ブラントゲート、ケテルサンクチュアリ、ストイケイア、リリカルモナステリオ,294,DZ-BT14/SR36,親和の狩人 シルビオーゼ,（シンワノカリュウド シルビオーゼ）,https://cf-vanguard.com/cardlist/?cardno=DZ-BT14/SR36&expansion=294&view=image,https://cf-vanguard.com/wordpress/wp-content/images/cardlist/DZ-BT14/dzbt14_319.png,ノーマルユニット,ストイケイア,エルフ,グレード 2,パワー 10000,クリティカル 1,シールド 5000,インターセプト,-,スタンダード,SR,でんきちひさな,【自】：あなたのターンにこのカードが、山札から捨てられた時か、あなたのオーダーゾーンの魔法の効果で手札から捨てられた時、あなたのヴァンガードが「ベルクレア」を含むグレード３以上で、あなたのリアガードすべてがこのカードと別名なら、このカードを(R)にコールしてよい。コールしたなら、そのターン終了時、このユニットをソウルに置く。【永】【(R)】：あなたのヴァンガードが「ベルクレア」を含むグレード３以上なら、このユニットは『ブースト』を得る。,-,"Affinity Hunter, Syllbiose","https://cardfight.fandom.com/wiki/Affinity_Hunter,_Syllbiose",VGE-DZ-BT14,DZ-BT14/039,220,,true
ブースターパック 【DZ-BT14】「赫月ノ使者」 2026/04/10(金) 発売 収録国家：ドラゴンエンパイア、ダークステイツ、ブラントゲート、ケテルサンクチュアリ、ストイケイア、リリカルモナステリオ,294,DZ-BT14/SR37,水郷の学匠 リトゥエーラ,（スイゴウノガクショウ リトゥエーラ）,https://cf-vanguard.com/cardlist/?cardno=DZ-BT14/SR37&expansion=294&view=image,https://cf-vanguard.com/wordpress/wp-content/images/cardlist/DZ-BT14/dzbt14_320.png,ノーマルユニット,ストイケイア,エルフ/幻影,グレード 2,パワー 10000,クリティカル 1,シールド 5000,インターセプト,-,スタンダード,SR,村松邑,【永】【(R)】：あなたのヴァンガードが「ゼーリス」を含むグレード３以上で、このターンにこのユニットがドロップから(R)に登場しているなら、このユニットのパワー＋5000。【自】【(R)】：このユニットがアタックした時、あなたのヴァンガードが「ゼーリス」を含むなら、【コスト】[【エネルギーブラスト】(2)]することで、あなたの山札を上から５枚見て、赫月カードか極大魔法カードを１枚まで選び、捨て、山札をシャッフルする。あなたのヴァンガードがグレード３以上なら、そのバトル中、このユニットのパワー＋5000。,-,"Scholar of the Waterlands, Rituera","https://cardfight.fandom.com/wiki/Scholar_of_the_Waterlands,_Rituera",VGE-DZ-BT14,DZ-BT14/040,220,,true
ブースターパック 【DZ-BT14】「赫月ノ使者」 2026/04/10(金) 発売 収録国家：ドラゴンエンパイア、ダークステイツ、ブラントゲート、ケテルサンクチュアリ、ストイケイア、リリカルモナステリオ,294,DZ-BT14/SR38,楽園を訪れし者 フィルデア,（ラクエンヲオトズレシモノ フィルデア）,https://cf-vanguard.com/cardlist/?cardno=DZ-BT14/SR38&expansion=294&view=image,https://cf-vanguard.com/wordpress/wp-content/images/cardlist/DZ-BT14/dzbt14_321.png,ノーマルユニット,ストイケイア,シルフ,グレード 2,パワー 10000,クリティカル 1,シールド 5000,インターセプト,-,スタンダード,SR,ueo,【自】：あなたの世界が真宵楽園なら、このコストで払う【ソウルブラスト】は(1)減る。このユニットが山札か手札から(R)に登場した時、あなたのヴァンガードが「楽園」を含むなら、【コスト】[【ソウルブラスト】(1)]することで、あなたの山札を上から７枚見て、「ナナクリル」を含むカードか、「花開け、此処は真なる宵の楽園」を１枚まで選び、公開して手札に加え、山札をシャッフルする。【起】【(R)】：【コスト】[このユニットをソウルに置く]ことで、そのターン中、あなたが「花開け、此処は真なる宵の楽園」の能力で１つ行う際、１つではなく２つ行う。,-,"One Who Arrived at Paradise, Phildeia","https://cardfight.fandom.com/wiki/One_Who_Arrived_at_Paradise,_Phildeia",VGE-DZ-BT14,DZ-BT14/041,220,,true
ブースターパック 【DZ-BT14】「赫月ノ使者」 2026/04/10(金) 発売 収録国家：ドラゴンエンパイア、ダークステイツ、ブラントゲート、ケテルサンクチュアリ、ストイケイア、リリカルモナステリオ,294,DZ-BT14/SR39,X-CeeDaNCe インバルディオ “幻影”,（イクシーダンス インバルディオ “ファントム”）,https://cf-vanguard.com/cardlist/?cardno=DZ-BT14/SR39&expansion=294&view=image,https://cf-vanguard.com/wordpress/wp-content/images/cardlist/DZ-BT14/dzbt14_322.png,ノーマルユニット,リリカルモナステリオ,ヒューマン/幻影,グレード 3,パワー 13000,クリティカル 1,シールド -,ツインドライブ、ペルソナライド,-,スタンダード,SR,ひと和,【起】【(V)】【ターン1回】：【コスト】[【カウンターブラスト】(1)]することで、あなたのドロップから１枚選び、あなたの自己改修ゲージとして表で置き、X-ceed NETマーカーのないあなたの(R)を１つ選び、X-ceed NETマーカーを１つ置く。【ファントムスキル】－【起】【(V)】【ターン1回】：【コスト】[手札かソウルかドロップから赫月カードを合計１枚以上、望む枚数バインドする]ことで、あなたのバインドゾーンの赫月カード１枚につき、以下を１つ行う。・そのターン中、このユニットのドライブ＋１。・そのターン中、このユニットのクリティカル＋１。・次の相手のターン終了時まで、あなたのリアガードはX-ceed NETマーカーのある中央後列からでもアタックとインターセプトできる。,-,"X-CeeDaNCe, Impauldio ""Fantôme""","https://cardfight.fandom.com/wiki/X-CeeDaNCe,_Impauldio_%22Fant%C3%B4me%22",VGE-DZ-BT14,DZ-BT14/019,980,,true
ブースターパック 【DZ-BT14】「赫月ノ使者」 2026/04/10(金) 発売 収録国家：ドラゴンエンパイア、ダークステイツ、ブラントゲート、ケテルサンクチュアリ、ストイケイア、リリカルモナステリオ,294,DZ-BT14/SR40,目と目が合ったその日から エマンティーヌ,（アイズ・オブ・ミラクル エマンティーヌ）,https://cf-vanguard.com/cardlist/?cardno=DZ-BT14/SR40&expansion=294&view=image,https://cf-vanguard.com/wordpress/wp-content/images/cardlist/DZ-BT14/dzbt14_323.png,ノーマルユニット,リリカルモナステリオ,マーメイド,グレード 2,パワー 10000,クリティカル 1,シールド 5000,インターセプト,-,スタンダード,SR,星名ほしみ,【自】：このカードが手札から、バトルフェイズ以外に(R)に登場した時か、ライドデッキからライドする際に捨てられた時、あなたのヴァンガードが〈マーメイド〉なら、【コスト】[【カウンターブラスト】(1)か【エネルギーブラスト】(3)]することで、以下を１つ行う。・あなたの山札から「無くてはならない大切なモノ」を１枚まで探し、公開して手札に加え、山札をシャッフルする。・あなたのヴァンガードが「カイリ」を含むグレード３以上なら、あなたの手札から、このカードと別名のグレード３以下の〈マーメイド〉を１枚まで選び、(R)にコールする。コールしたなら、１枚引く。【永】【(R)】：あなたのターン中、あなたのヴァンガードが〈マーメイド〉で、相手のヴァンガードがグレード３以上なら、このユニットのパワー＋5000。,-,"Eyes of Miracle, Aimantine","https://cardfight.fandom.com/wiki/Eyes_of_Miracle,_Aimantine",VGE-DZ-BT14,DZ-BT14/020,500,580,true
ブースターパック 【DZ-BT14】「赫月ノ使者」 2026/04/10(金) 発売 収録国家：ドラゴンエンパイア、ダークステイツ、ブラントゲート、ケテルサンクチュアリ、ストイケイア、リリカルモナステリオ,294,DZ-BT14/SR41,X-CeeDaNCe プレシー・フォルワット,（イクシーダンス プレシー・フォルワット）,https://cf-vanguard.com/cardlist/?cardno=DZ-BT14/SR41&expansion=294&view=image,https://cf-vanguard.com/wordpress/wp-content/images/cardlist/DZ-BT14/dzbt14_324.png,ノーマルユニット,リリカルモナステリオ,ヒューマン/幻影,グレード 2,パワー 10000,クリティカル 1,シールド 5000,インターセプト,-,スタンダード,SR,瀬々川なこ,【起】【(R)】：このユニットと別名の「X-CeeDaNCe」を含むあなたの自己改修ゲージがあるなら、【コスト】[このユニットを自己改修ゲージとして表で置く]ことで、あなたの自己改修ゲージからこのカードと別名の「X-CeeDaNCe」を含むカードを１枚選び、このユニットがいた(R)にコールする。【自】：あなたのターンにこのカードが自己改修ゲージとして置かれた時、【コスト】[【ソウルブラスト】(2)]することで、１枚引く。,-,"X-CeeDaNCe, Preshy Forewatt","https://cardfight.fandom.com/wiki/X-CeeDaNCe,_Preshy_Forewatt",VGE-DZ-BT14,DZ-BT14/021,580,,true
ブースターパック 【DZ-BT14】「赫月ノ使者」 2026/04/10(金) 発売 収録国家：ドラゴンエンパイア、ダークステイツ、ブラントゲート、ケテルサンクチュアリ、ストイケイア、リリカルモナステリオ,294,DZ-BT14/SR42,X-CeeDaNCe ラピ・グロッサ,（イクシーダンス ラピ・グロッサ）,https://cf-vanguard.com/cardlist/?cardno=DZ-BT14/SR42&expansion=294&view=image,https://cf-vanguard.com/wordpress/wp-content/images/cardlist/DZ-BT14/dzbt14_325.png,ノーマルユニット,リリカルモナステリオ,ヒューマン/幻影,グレード 2,パワー 10000,クリティカル 1,シールド 5000,インターセプト,-,スタンダード,SR,がり,【自】：このユニットが(R)に登場した時、あなたの自己改修ゲージがあるなら、【コスト】[【カウンターブラスト】(1)]することで、あなたの山札を上から７枚見て、１枚まで選び、公開し、あなたのヴァンガードのグレード以下の「X-CeeDaNCe」を含むカードなら(R)にコールし、赫月カードなら手札に加える。山札をシャッフルする。あなたのヴァンガードがグレード３以上なら、そのターン中、このユニットのパワー＋5000。【自】：このユニットが(G)に置かれた時、あなたの自己改修ゲージが２枚以上なら、そのバトル中、このユニットのシールド＋5000。４枚以上なら、【コスト】[【ソウルブラスト】(1)]することで、さらにシールド＋5000。,-,"X-CeeDaNCe, Lapi Grossa","https://cardfight.fandom.com/wiki/X-CeeDaNCe,_Lapi_Grossa",VGE-DZ-BT14,DZ-BT14/042,220,,true
ブースターパック 【DZ-BT14】「赫月ノ使者」 2026/04/10(金) 発売 収録国家：ドラゴンエンパイア、ダークステイツ、ブラントゲート、ケテルサンクチュアリ、ストイケイア、リリカルモナステリオ,294,DZ-BT14/SR43,EuphoricReverb ソフィア,（ユーフォリック・リバーブ ソフィア）,https://cf-vanguard.com/cardlist/?cardno=DZ-BT14/SR43&expansion=294&view=image,https://cf-vanguard.com/wordpress/wp-content/images/cardlist/DZ-BT14/dzbt14_326.png,ノーマルユニット,リリカルモナステリオ,ヒューマン,グレード 2,パワー 10000,クリティカル 1,シールド 5000,インターセプト,-,スタンダード,SR,Lucio,【自】：このユニットが手札から(R)に登場した時、あなたの山札を上から５枚見て、「アルティサリア」を含むカードか、楽装カードを１枚まで選び、公開して手札に加え、山札をシャッフルする。公開したなら、あなたの手札から１枚選び、ソウルに置くか、捨てる。【自】【(R)】：このユニットがアタックした時、あなたのオーダーゾーンの楽装カード１枚につき、そのターン中、このユニットのパワー＋5000。,-,"EuphoricReverb, Sophia","https://cardfight.fandom.com/wiki/EuphoricReverb,_Sophia",VGE-DZ-BT14,DZ-BT14/043,220,,true
ブースターパック 【DZ-BT14】「赫月ノ使者」 2026/04/10(金) 発売 収録国家：ドラゴンエンパイア、ダークステイツ、ブラントゲート、ケテルサンクチュアリ、ストイケイア、リリカルモナステリオ,294,DZ-BT14/SR44,シュレッド・プレイヤー ティモニエ,（シュレッド・プレイヤー ティモニエ）,https://cf-vanguard.com/cardlist/?cardno=DZ-BT14/SR44&expansion=294&view=image,https://cf-vanguard.com/wordpress/wp-content/images/cardlist/DZ-BT14/dzbt14_327.png,ノーマルユニット,リリカルモナステリオ,デーモン,グレード 1,パワー 8000,クリティカル 1,シールド 5000,ブースト,-,スタンダード,SR,ぱとり,【起】【(R)】：あなたのヴァンガードが「FL∀MMe-G」を含むグレード３以上なら、【コスト】[【カウンターブラスト】(1)，このユニットをダメージゾーンに置く]ことで、１枚引き、そのターン中、あなたのダメージゾーンでの敗北は７枚になり、あなたは『「FL∀MMe-G」を含むあなたのユニットすべてのパワー＋5000。』を得る。そのターン終了時、このカードと同名のあなたの表のダメージゾーンから１枚選び、バインドする。,-,"Shred Player, Timonie","https://cardfight.fandom.com/wiki/Shred_Player,_Timonie",VGE-DZ-BT14,DZ-BT14/044,180,220,true
ブースターパック 【DZ-BT14】「赫月ノ使者」 2026/04/10(金) 発売 収録国家：ドラゴンエンパイア、ダークステイツ、ブラントゲート、ケテルサンクチュアリ、ストイケイア、リリカルモナステリオ,294,DZ-BT14/SR45,LettiaMateS アンシゼーラ,（レティアメイツ アンシゼーラ）,https://cf-vanguard.com/cardlist/?cardno=DZ-BT14/SR45&expansion=294&view=image,https://cf-vanguard.com/wordpress/wp-content/images/cardlist/DZ-BT14/dzbt14_328.png,ノーマルユニット,リリカルモナステリオ,ワービースト/幻影,グレード 1,パワー 8000,クリティカル 1,シールド 5000,ブースト,-,スタンダード,SR,おおたけおかゆ,【自】【ドロップ】：あなたのライドフェイズに「マグノリア」を含むグレード３以上のあなたのヴァンガードが登場した時、あなたのリアガードすべてがこのカードと別名なら、このカードを(R)にコールしてよい。【自】【中央後列の(R)】：このユニットが「マグノリア」を含むユニットをブーストしたバトル終了時、【コスト】[このユニットをソウルに置く]ことで、あなたのヴァンガードのグレードにより以下を１つ行う。・グレード３-【エネルギーチャージ】(1)し、「LettiaMateS」を含むあなたのリアガードを１枚選び、そのターン中、パワー＋5000。・グレード４-【エネルギーチャージ】(2)し、「LettiaMateS」を含むあなたのリアガードを１枚選び、そのターン中、パワー＋10000。,-,"LettiaMateS, Ancisera","https://cardfight.fandom.com/wiki/LettiaMateS,_Ancisera",VGE-DZ-BT14,DZ-BT14/045,220,,false
ブースターパック 【DZ-BT14】「赫月ノ使者」 2026/04/10(金) 発売 収録国家：ドラゴンエンパイア、ダークステイツ、ブラントゲート、ケテルサンクチュアリ、ストイケイア、リリカルモナステリオ,294,DZ-BT14/T01,エネルギー,（エネルギー）,https://cf-vanguard.com/cardlist/?cardno=DZ-BT14/T01&expansion=294&view=image,https://cf-vanguard.com/wordpress/wp-content/images/cardlist/DZ-BT14/dzbt14_329.png,その他,-,-,グレード -,パワー -,クリティカル -,シールド -,-,-,スタンダード,T,ウスダヒロ,-,-,,,,,120,,true
ブースターパック 【DZ-BT14】「赫月ノ使者」 2026/04/10(金) 発売 収録国家：ドラゴンエンパイア、ダークステイツ、ブラントゲート、ケテルサンクチュアリ、ストイケイア、リリカルモナステリオ,294,DZ-BT14/T02,SYSTEM CODE:X-ceed,（システムコード:イクシード）,https://cf-vanguard.com/cardlist/?cardno=DZ-BT14/T02&expansion=294&view=image,https://cf-vanguard.com/wordpress/wp-content/images/cardlist/DZ-BT14/dzbt14_330.png,その他,-,トークンセットオーダー,グレード 1,パワー -,クリティカル -,シールド -,-,-,スタンダード,T,saikoro,（これはSYSTEM CODE:X-ceed・トークンを表すカードであり、デッキには入れられない）【永】【オーダーゾーン】：あなたは「インバルディオ」を含まないグレード３以上にライドできず、あなたは自己改修ゲージを持てる。【自】【オーダーゾーン】：相手のターンにあなたのダメージゾーンにカードが置かれた時、あなたのドロップから１枚選び、あなたの自己改修ゲージとして表で置く。その後、あなたの自己改修ゲージが３枚以下で、あなたのトリガーユニット以外がこのダメージチェックで出ているなら、あなたのヴァンガードを１枚選び、そのターン中、パワー＋5000。あなたの自己改修ゲージが４枚以上なら、あなたのヴァンガードを１枚選び、そのターン中、パワー＋5000。,-,SYSTEM CODE: X-ceed Token,https://cardfight.fandom.com/wiki/SYSTEM_CODE:_X-ceed_Token,VGE-DZ-BT14,DZ-BT14/T02,50,,true
ブースターパック 【DZ-BT14】「赫月ノ使者」 2026/04/10(金) 発売 収録国家：ドラゴンエンパイア、ダークステイツ、ブラントゲート、ケテルサンクチュアリ、ストイケイア、リリカルモナステリオ,294,DZ-BT14/T03,清逸なる高貴の庭園,（ブロデイウェズ・ガーデン）,https://cf-vanguard.com/cardlist/?cardno=DZ-BT14/T03&expansion=294&view=image,https://cf-vanguard.com/wordpress/wp-content/images/cardlist/DZ-BT14/dzbt14_331.png,その他,-,トークンセットオーダー/庭園,グレード 0,パワー -,クリティカル -,シールド -,-,-,スタンダード,T,ひじ,（これは清逸なる高貴の庭園トークンを表すカードであり、デッキには入れられない）【起】【オーダーゾーン】【ターン1回】：【コスト】[このカードを【レスト】させる]ことで、あなたの山札を上から７枚見て、「Bel-Fiore」を含むカードを２枚まで選び、あなたの庭園にエンゲージし、山札をシャッフルする。【自】【オーダーゾーン】：あなたのライドフェイズ開始時、あなたのヴァンガードが「Bel-Fiore」を含むグレード３以上なら、【コスト】[手札から１枚捨てる]ことで、あなたのヴァンガードと同名の、エンゲージされているあなたのカードを１枚選び、【スタンド】でライドする。ライドしたなら、ペルソナライドを発動させ、そのターン中、あなたはライドできない。,-,Blodeuwedd Garden Token,https://cardfight.fandom.com/wiki/Blodeuwedd_Garden_Token,VGE-DZ-BT14,DZ-BT14/T03,50,,true
ブースターパック 【DZ-BT14】「赫月ノ使者」 2026/04/10(金) 発売 収録国家：ドラゴンエンパイア、ダークステイツ、ブラントゲート、ケテルサンクチュアリ、ストイケイア、リリカルモナステリオ,294,DZ-BT14/T04,X-ceed NET,（イクシード・ネット）,https://cf-vanguard.com/cardlist/?cardno=DZ-BT14/T04&expansion=294&view=image,https://cf-vanguard.com/wordpress/wp-content/images/cardlist/DZ-BT14/dzbt14_332.png,その他,-,マーカー,グレード -,パワー -,クリティカル -,シールド -,-,-,スタンダード,T,小澤彩音,（これはX-ceed NETマーカーを表すためのものであり、デッキには入れられない）あなたのヴァンガードが「インバルディオ」を含むなら、このマーカーのある(R)にいるユニットは以下すべてを得る。・【永】【(R)】：あなたのターン中、あなたの自己改修ゲージ２枚につき、このユニットのパワー＋5000。・【自】【(R)】：あなたのターン終了時、このユニットが「X-CeeDaNCe」を含むなら、【コスト】[【エネルギーブラスト】(2)]することで、このユニットを手札に戻す。,-,X-ceed NET,https://cardfight.fandom.com/wiki/X-ceed_NET,VGE-DZ-BT14,DZ-BT14/T04,50,,true
