Handle,Title,Body (HTML),Vendor,Type,Tags,Published,Option1 Name,Option1 Value,Option2 Name,Option2 Value,Option3 Name,Option3 Value,Variant SKU,Variant Grams,Variant Inventory Tracker,Variant Inventory Qty,Variant Inventory Policy,Variant Fulfillment Service,Variant Price,Variant Requires Shipping,Variant Taxable,Image Src,Image Position,Gift Card,Variant Weight Unit,Included / Singapore,Included / Australia,Included / Eurozone,Included / India,Included / International,Included / Japan,Included / United Kingdom,Included / United States,Status
dz-bt14-001,"DZ-BT14/001 Youthberk ""Drægforce Arms: Fantôme"" [RRR]","<p><strong>Youthberk ""Drægforce Arms: Fantôme""</strong></p>
<p>Card Number: DZ-BT14/001</p>
<p>Rarity: RRR</p>
<p>Grade: グレード 3</p>
<p>Nation: ドラゴンエンパイア</p>",Cardboard Collectible,Vanguard Singles,"Vanguard, Vanguard Singles, Singles, DZ-BT, DZ-BT14",true,Title,Default Title,,,,,DZ-BT14/001,0.002,shopify,1,deny,manual,3.8,true,true,https://cf-vanguard.com/wordpress/wp-content/images/cardlist/DZ-BT14/dzbt14_001.png,1,false,kg,true,true,true,true,true,true,true,true,active
dz-bt14-002,"DZ-BT14/002 Youthberk ""DrægForm: Dynast"" [RRR]","<p><strong>Youthberk ""DrægForm: Dynast""</strong></p>
<p>Card Number: DZ-BT14/002</p>
<p>Rarity: RRR</p>
<p>Grade: グレード 3</p>
<p>Nation: ドラゴンエンパイア</p>",Cardboard Collectible,Vanguard Singles,"Vanguard, Vanguard Singles, Singles, DZ-BT, DZ-BT14",true,Title,Default Title,,,,,DZ-BT14/002,0.002,shopify,1,deny,manual,3.8,true,true,https://cf-vanguard.com/wordpress/wp-content/images/cardlist/DZ-BT14/dzbt14_002.png,1,false,kg,true,true,true,true,true,true,true,true,active
dz-bt14-003,"DZ-BT14/003 Mythisch of Unparalleled, Zalva Dragnia [RRR]","<p><strong>Mythisch of Unparalleled, Zalva Dragnia</strong></p>
<p>Card Number: DZ-BT14/003</p>
<p>Rarity: RRR</p>
<p>Grade: グレード 2</p>
<p>Nation: ドラゴンエンパイア</p>",Cardboard Collectible,Vanguard Singles,"Vanguard, Vanguard Singles, Singles, DZ-BT, DZ-BT14",true,Title,Default Title,,,,,DZ-BT14/003,0.002,shopify,1,deny,manual,4.5,true,true,https://cf-vanguard.com/wordpress/wp-content/images/cardlist/DZ-BT14/dzbt14_003.png,1,false,kg,true,true,true,true,true,true,true,true,active
dz-bt14-004,"DZ-BT14/004 Dragritter, Uathaach [RRR]","<p><strong>Dragritter, Uathaach</strong></p>
<p>Card Number: DZ-BT14/004</p>
<p>Rarity: RRR</p>
<p>Grade: グレード 1</p>
<p>Nation: ドラゴンエンパイア</p>",Cardboard Collectible,Vanguard Singles,"Vanguard, Vanguard Singles, Singles, DZ-BT, DZ-BT14",true,Title,Default Title,,,,,DZ-BT14/004,0.002,shopify,1,deny,manual,3.8,true,true,https://cf-vanguard.com/wordpress/wp-content/images/cardlist/DZ-BT14/dzbt14_004.png,1,false,kg,true,true,true,true,true,true,true,true,active
dz-bt14-005,"DZ-BT14/005 Demonic Lord Dragon, Gabwelius ""Fantôme"" [RRR]","<p><strong>Demonic Lord Dragon, Gabwelius ""Fantôme""</strong></p>
<p>Card Number: DZ-BT14/005</p>
<p>Rarity: RRR</p>
<p>Grade: グレード 3</p>
<p>Nation: ダークステイツ</p>",Cardboard Collectible,Vanguard Singles,"Vanguard, Vanguard Singles, Singles, DZ-BT, DZ-BT14",true,Title,Default Title,,,,,DZ-BT14/005,0.002,shopify,1,deny,manual,2.0,true,true,https://cf-vanguard.com/wordpress/wp-content/images/cardlist/DZ-BT14/dzbt14_005.png,1,false,kg,true,true,true,true,true,true,true,true,active
dz-bt14-006,"DZ-BT14/006 Steam Maiden, Spiral Cutie [RRR]","<p><strong>Steam Maiden, Spiral Cutie</strong></p>
<p>Card Number: DZ-BT14/006</p>
<p>Rarity: RRR</p>
<p>Grade: グレード 2</p>
<p>Nation: ダークステイツ</p>",Cardboard Collectible,Vanguard Singles,"Vanguard, Vanguard Singles, Singles, DZ-BT, DZ-BT14",true,Title,Default Title,,,,,DZ-BT14/006,0.002,shopify,1,deny,manual,22.5,true,true,https://cf-vanguard.com/wordpress/wp-content/images/cardlist/DZ-BT14/dzbt14_006.png,1,false,kg,true,true,true,true,true,true,true,true,active
dz-bt14-007,"DZ-BT14/007 Mythisch of Zero, Grivardhy [RRR]","<p><strong>Mythisch of Zero, Grivardhy</strong></p>
<p>Card Number: DZ-BT14/007</p>
<p>Rarity: RRR</p>
<p>Grade: グレード 2</p>
<p>Nation: ダークステイツ</p>",Cardboard Collectible,Vanguard Singles,"Vanguard, Vanguard Singles, Singles, DZ-BT, DZ-BT14",true,Title,Default Title,,,,,DZ-BT14/007,0.002,shopify,1,deny,manual,7.1,true,true,https://cf-vanguard.com/wordpress/wp-content/images/cardlist/DZ-BT14/dzbt14_007.png,1,false,kg,true,true,true,true,true,true,true,true,active
dz-bt14-008,DZ-BT14/008 Reverent Dagger Dragon [RRR],"<p><strong>Reverent Dagger Dragon</strong></p>
<p>Card Number: DZ-BT14/008</p>
<p>Rarity: RRR</p>
<p>Grade: グレード 2</p>
<p>Nation: ダークステイツ</p>",Cardboard Collectible,Vanguard Singles,"Vanguard, Vanguard Singles, Singles, DZ-BT, DZ-BT14",true,Title,Default Title,,,,,DZ-BT14/008,0.002,shopify,1,deny,manual,2.0,true,true,https://cf-vanguard.com/wordpress/wp-content/images/cardlist/DZ-BT14/dzbt14_008.png,1,false,kg,true,true,true,true,true,true,true,true,active
dz-bt14-009,"DZ-BT14/009 Mythisch Machine Deity, ""Mondgestirn"" Angrbold [RRR]","<p><strong>Mythisch Machine Deity, ""Mondgestirn"" Angrbold</strong></p>
<p>Card Number: DZ-BT14/009</p>
<p>Rarity: RRR</p>
<p>Grade: グレード 3</p>
<p>Nation: ブラントゲート</p>",Cardboard Collectible,Vanguard Singles,"Vanguard, Vanguard Singles, Singles, DZ-BT, DZ-BT14",true,Title,Default Title,,,,,DZ-BT14/009,0.002,shopify,1,deny,manual,2.9,true,true,https://cf-vanguard.com/wordpress/wp-content/images/cardlist/DZ-BT14/dzbt14_009.png,1,false,kg,true,true,true,true,true,true,true,true,active
dz-bt14-010,"DZ-BT14/010 Leibrecht Commander, Aelquilibra ""Fantôme"" [RRR]","<p><strong>Leibrecht Commander, Aelquilibra ""Fantôme""</strong></p>
<p>Card Number: DZ-BT14/010</p>
<p>Rarity: RRR</p>
<p>Grade: グレード 3</p>
<p>Nation: ブラントゲート</p>",Cardboard Collectible,Vanguard Singles,"Vanguard, Vanguard Singles, Singles, DZ-BT, DZ-BT14",true,Title,Default Title,,,,,DZ-BT14/010,0.002,shopify,1,deny,manual,2.9,true,true,https://cf-vanguard.com/wordpress/wp-content/images/cardlist/DZ-BT14/dzbt14_010.png,1,false,kg,true,true,true,true,true,true,true,true,active
dz-bt14-011,DZ-BT14/011 Sporadic Cerro Dragon [RRR],"<p><strong>Sporadic Cerro Dragon</strong></p>
<p>Card Number: DZ-BT14/011</p>
<p>Rarity: RRR</p>
<p>Grade: グレード 1</p>
<p>Nation: ブラントゲート</p>",Cardboard Collectible,Vanguard Singles,"Vanguard, Vanguard Singles, Singles, DZ-BT, DZ-BT14",true,Title,Default Title,,,,,DZ-BT14/011,0.002,shopify,0,deny,manual,13.5,true,true,https://cf-vanguard.com/wordpress/wp-content/images/cardlist/DZ-BT14/dzbt14_011.png,1,false,kg,true,true,true,true,true,true,true,true,active
dz-bt14-012,"DZ-BT14/012 Librate Battalion, Firvesius Dragon [RRR]","<p><strong>Librate Battalion, Firvesius Dragon</strong></p>
<p>Card Number: DZ-BT14/012</p>
<p>Rarity: RRR</p>
<p>Grade: グレード 1</p>
<p>Nation: ブラントゲート</p>",Cardboard Collectible,Vanguard Singles,"Vanguard, Vanguard Singles, Singles, DZ-BT, DZ-BT14",true,Title,Default Title,,,,,DZ-BT14/012,0.002,shopify,1,deny,manual,2.9,true,true,https://cf-vanguard.com/wordpress/wp-content/images/cardlist/DZ-BT14/dzbt14_012.png,1,false,kg,true,true,true,true,true,true,true,true,active
dz-bt14-013,"DZ-BT14/013 Bel-Fiore, Maia [RRR]","<p><strong>Bel-Fiore, Maia</strong></p>
<p>Card Number: DZ-BT14/013</p>
<p>Rarity: RRR</p>
<p>Grade: グレード 3</p>
<p>Nation: ケテルサンクチュアリ</p>",Cardboard Collectible,Vanguard Singles,"Vanguard, Vanguard Singles, Singles, DZ-BT, DZ-BT14",true,Title,Default Title,,,,,DZ-BT14/013,0.002,shopify,1,deny,manual,8.9,true,true,https://cf-vanguard.com/wordpress/wp-content/images/cardlist/DZ-BT14/dzbt14_013.png,1,false,kg,true,true,true,true,true,true,true,true,active
dz-bt14-014,"DZ-BT14/014 Knight of Great Favor, Orcades [RRR]","<p><strong>Knight of Great Favor, Orcades</strong></p>
<p>Card Number: DZ-BT14/014</p>
<p>Rarity: RRR</p>
<p>Grade: グレード 2</p>
<p>Nation: ケテルサンクチュアリ</p>",Cardboard Collectible,Vanguard Singles,"Vanguard, Vanguard Singles, Singles, DZ-BT, DZ-BT14",true,Title,Default Title,,,,,DZ-BT14/014,0.002,shopify,1,deny,manual,5.3,true,true,https://cf-vanguard.com/wordpress/wp-content/images/cardlist/DZ-BT14/dzbt14_014.png,1,false,kg,true,true,true,true,true,true,true,true,active
dz-bt14-015,"DZ-BT14/015 Bel-Fiore, Suera [RRR]","<p><strong>Bel-Fiore, Suera</strong></p>
<p>Card Number: DZ-BT14/015</p>
<p>Rarity: RRR</p>
<p>Grade: グレード 2</p>
<p>Nation: ケテルサンクチュアリ</p>",Cardboard Collectible,Vanguard Singles,"Vanguard, Vanguard Singles, Singles, DZ-BT, DZ-BT14",true,Title,Default Title,,,,,DZ-BT14/015,0.002,shopify,1,deny,manual,7.1,true,true,https://cf-vanguard.com/wordpress/wp-content/images/cardlist/DZ-BT14/dzbt14_015.png,1,false,kg,true,true,true,true,true,true,true,true,active
dz-bt14-016,"DZ-BT14/016 Great Magick Caster of Transitory, Zerith ""Fantôme"" [RRR]","<p><strong>Great Magick Caster of Transitory, Zerith ""Fantôme""</strong></p>
<p>Card Number: DZ-BT14/016</p>
<p>Rarity: RRR</p>
<p>Grade: グレード 3</p>
<p>Nation: ストイケイア</p>",Cardboard Collectible,Vanguard Singles,"Vanguard, Vanguard Singles, Singles, DZ-BT, DZ-BT14",true,Title,Default Title,,,,,DZ-BT14/016,0.002,shopify,1,deny,manual,8.9,true,true,https://cf-vanguard.com/wordpress/wp-content/images/cardlist/DZ-BT14/dzbt14_016.png,1,false,kg,true,true,true,true,true,true,true,true,active
dz-bt14-017,"DZ-BT14/017 Marine General of the Black Sky, Leimina [RRR]","<p><strong>Marine General of the Black Sky, Leimina</strong></p>
<p>Card Number: DZ-BT14/017</p>
<p>Rarity: RRR</p>
<p>Grade: グレード 2</p>
<p>Nation: ストイケイア</p>",Cardboard Collectible,Vanguard Singles,"Vanguard, Vanguard Singles, Singles, DZ-BT, DZ-BT14",true,Title,Default Title,,,,,DZ-BT14/017,0.002,shopify,1,deny,manual,22.5,true,true,https://cf-vanguard.com/wordpress/wp-content/images/cardlist/DZ-BT14/dzbt14_017.png,1,false,kg,true,true,true,true,true,true,true,true,active
dz-bt14-018,"DZ-BT14/018 Scholar of Lake Heart, Fontijn [RRR]","<p><strong>Scholar of Lake Heart, Fontijn</strong></p>
<p>Card Number: DZ-BT14/018</p>
<p>Rarity: RRR</p>
<p>Grade: グレード 2</p>
<p>Nation: ストイケイア</p>",Cardboard Collectible,Vanguard Singles,"Vanguard, Vanguard Singles, Singles, DZ-BT, DZ-BT14",true,Title,Default Title,,,,,DZ-BT14/018,0.002,shopify,1,deny,manual,11.6,true,true,https://cf-vanguard.com/wordpress/wp-content/images/cardlist/DZ-BT14/dzbt14_018.png,1,false,kg,true,true,true,true,true,true,true,true,active
dz-bt14-019,"DZ-BT14/019 X-CeeDaNCe, Impauldio ""Fantôme"" [RRR]","<p><strong>X-CeeDaNCe, Impauldio ""Fantôme""</strong></p>
<p>Card Number: DZ-BT14/019</p>
<p>Rarity: RRR</p>
<p>Grade: グレード 3</p>
<p>Nation: リリカルモナステリオ</p>",Cardboard Collectible,Vanguard Singles,"Vanguard, Vanguard Singles, Singles, DZ-BT, DZ-BT14",true,Title,Default Title,,,,,DZ-BT14/019,0.002,shopify,1,deny,manual,2.9,true,true,https://cf-vanguard.com/wordpress/wp-content/images/cardlist/DZ-BT14/dzbt14_019.png,1,false,kg,true,true,true,true,true,true,true,true,active
dz-bt14-020,"DZ-BT14/020 Eyes of Miracle, Aimantine [RRR]","<p><strong>Eyes of Miracle, Aimantine</strong></p>
<p>Card Number: DZ-BT14/020</p>
<p>Rarity: RRR</p>
<p>Grade: グレード 2</p>
<p>Nation: リリカルモナステリオ</p>",Cardboard Collectible,Vanguard Singles,"Vanguard, Vanguard Singles, Singles, DZ-BT, DZ-BT14",true,Title,Default Title,,,,,DZ-BT14/020,0.002,shopify,1,deny,manual,2.0,true,true,https://cf-vanguard.com/wordpress/wp-content/images/cardlist/DZ-BT14/dzbt14_020.png,1,false,kg,true,true,true,true,true,true,true,true,active
dz-bt14-021,"DZ-BT14/021 X-CeeDaNCe, Preshy Forewatt [RRR]","<p><strong>X-CeeDaNCe, Preshy Forewatt</strong></p>
<p>Card Number: DZ-BT14/021</p>
<p>Rarity: RRR</p>
<p>Grade: グレード 2</p>
<p>Nation: リリカルモナステリオ</p>",Cardboard Collectible,Vanguard Singles,"Vanguard, Vanguard Singles, Singles, DZ-BT, DZ-BT14",true,Title,Default Title,,,,,DZ-BT14/021,0.002,shopify,1,deny,manual,2.0,true,true,https://cf-vanguard.com/wordpress/wp-content/images/cardlist/DZ-BT14/dzbt14_021.png,1,false,kg,true,true,true,true,true,true,true,true,active
dz-bt14-022,"DZ-BT14/022 Venatiol, Marield [RR]","<p><strong>Venatiol, Marield</strong></p>
<p>Card Number: DZ-BT14/022</p>
<p>Rarity: RR</p>
<p>Grade: グレード 2</p>
<p>Nation: ドラゴンエンパイア</p>",Cardboard Collectible,Vanguard Singles,"Vanguard, Vanguard Singles, Singles, DZ-BT, DZ-BT14",true,Title,Default Title,,,,,DZ-BT14/022,0.002,shopify,1,deny,manual,0.7,true,true,https://cf-vanguard.com/wordpress/wp-content/images/cardlist/DZ-BT14/dzbt14_022.png,1,false,kg,true,true,true,true,true,true,true,true,active
dz-bt14-023,DZ-BT14/023 Obliterate Dragon [RR],"<p><strong>Obliterate Dragon</strong></p>
<p>Card Number: DZ-BT14/023</p>
<p>Rarity: RR</p>
<p>Grade: グレード 2</p>
<p>Nation: ドラゴンエンパイア</p>",Cardboard Collectible,Vanguard Singles,"Vanguard, Vanguard Singles, Singles, DZ-BT, DZ-BT14",true,Title,Default Title,,,,,DZ-BT14/023,0.002,shopify,1,deny,manual,1.6,true,true,https://cf-vanguard.com/wordpress/wp-content/images/cardlist/DZ-BT14/dzbt14_023.png,1,false,kg,true,true,true,true,true,true,true,true,active
dz-bt14-024,DZ-BT14/024 Forlorn Hope Dragon [RR],"<p><strong>Forlorn Hope Dragon</strong></p>
<p>Card Number: DZ-BT14/024</p>
<p>Rarity: RR</p>
<p>Grade: グレード 2</p>
<p>Nation: ドラゴンエンパイア</p>",Cardboard Collectible,Vanguard Singles,"Vanguard, Vanguard Singles, Singles, DZ-BT, DZ-BT14",true,Title,Default Title,,,,,DZ-BT14/024,0.002,shopify,1,deny,manual,1.1,true,true,https://cf-vanguard.com/wordpress/wp-content/images/cardlist/DZ-BT14/dzbt14_024.png,1,false,kg,true,true,true,true,true,true,true,true,active
dz-bt14-025,DZ-BT14/025 Outburst Dragon [RR],"<p><strong>Outburst Dragon</strong></p>
<p>Card Number: DZ-BT14/025</p>
<p>Rarity: RR</p>
<p>Grade: グレード 1</p>
<p>Nation: ドラゴンエンパイア</p>",Cardboard Collectible,Vanguard Singles,"Vanguard, Vanguard Singles, Singles, DZ-BT, DZ-BT14",true,Title,Default Title,,,,,DZ-BT14/025,0.002,shopify,1,deny,manual,0.7,true,true,https://cf-vanguard.com/wordpress/wp-content/images/cardlist/DZ-BT14/dzbt14_025.png,1,false,kg,true,true,true,true,true,true,true,true,active
dz-bt14-026,DZ-BT14/026 Fluid Suffocator [RR],"<p><strong>Fluid Suffocator</strong></p>
<p>Card Number: DZ-BT14/026</p>
<p>Rarity: RR</p>
<p>Grade: グレード 2</p>
<p>Nation: ダークステイツ</p>",Cardboard Collectible,Vanguard Singles,"Vanguard, Vanguard Singles, Singles, DZ-BT, DZ-BT14",true,Title,Default Title,,,,,DZ-BT14/026,0.002,shopify,1,deny,manual,0.7,true,true,https://cf-vanguard.com/wordpress/wp-content/images/cardlist/DZ-BT14/dzbt14_026.png,1,false,kg,true,true,true,true,true,true,true,true,active
dz-bt14-027,"DZ-BT14/027 Direful Doll, Concetta [RR]","<p><strong>Direful Doll, Concetta</strong></p>
<p>Card Number: DZ-BT14/027</p>
<p>Rarity: RR</p>
<p>Grade: グレード 1</p>
<p>Nation: ダークステイツ</p>",Cardboard Collectible,Vanguard Singles,"Vanguard, Vanguard Singles, Singles, DZ-BT, DZ-BT14",true,Title,Default Title,,,,,DZ-BT14/027,0.002,shopify,1,deny,manual,2.0,true,true,https://cf-vanguard.com/wordpress/wp-content/images/cardlist/DZ-BT14/dzbt14_027.png,1,false,kg,true,true,true,true,true,true,true,true,active
dz-bt14-028,DZ-BT14/028 Pious Breath Dragon [RR],"<p><strong>Pious Breath Dragon</strong></p>
<p>Card Number: DZ-BT14/028</p>
<p>Rarity: RR</p>
<p>Grade: グレード 1</p>
<p>Nation: ダークステイツ</p>",Cardboard Collectible,Vanguard Singles,"Vanguard, Vanguard Singles, Singles, DZ-BT, DZ-BT14",true,Title,Default Title,,,,,DZ-BT14/028,0.002,shopify,1,deny,manual,0.7,true,true,https://cf-vanguard.com/wordpress/wp-content/images/cardlist/DZ-BT14/dzbt14_028.png,1,false,kg,true,true,true,true,true,true,true,true,active
dz-bt14-029,DZ-BT14/029 Montmegantique Chimaera [RR],"<p><strong>Montmegantique Chimaera</strong></p>
<p>Card Number: DZ-BT14/029</p>
<p>Rarity: RR</p>
<p>Grade: グレード 1</p>
<p>Nation: ダークステイツ</p>",Cardboard Collectible,Vanguard Singles,"Vanguard, Vanguard Singles, Singles, DZ-BT, DZ-BT14",true,Title,Default Title,,,,,DZ-BT14/029,0.002,shopify,1,deny,manual,1.1,true,true,https://cf-vanguard.com/wordpress/wp-content/images/cardlist/DZ-BT14/dzbt14_029.png,1,false,kg,true,true,true,true,true,true,true,true,active
dz-bt14-030,DZ-BT14/030 Evenfortz Rotovisor [RR],"<p><strong>Evenfortz Rotovisor</strong></p>
<p>Card Number: DZ-BT14/030</p>
<p>Rarity: RR</p>
<p>Grade: グレード 2</p>
<p>Nation: ブラントゲート</p>",Cardboard Collectible,Vanguard Singles,"Vanguard, Vanguard Singles, Singles, DZ-BT, DZ-BT14",true,Title,Default Title,,,,,DZ-BT14/030,0.002,shopify,1,deny,manual,0.7,true,true,https://cf-vanguard.com/wordpress/wp-content/images/cardlist/DZ-BT14/dzbt14_030.png,1,false,kg,true,true,true,true,true,true,true,true,active
dz-bt14-031,"DZ-BT14/031 Creation Demonic Beast, Uproarious Scream [RR]","<p><strong>Creation Demonic Beast, Uproarious Scream</strong></p>
<p>Card Number: DZ-BT14/031</p>
<p>Rarity: RR</p>
<p>Grade: グレード 2</p>
<p>Nation: ブラントゲート</p>",Cardboard Collectible,Vanguard Singles,"Vanguard, Vanguard Singles, Singles, DZ-BT, DZ-BT14",true,Title,Default Title,,,,,DZ-BT14/031,0.002,shopify,1,deny,manual,1.1,true,true,https://cf-vanguard.com/wordpress/wp-content/images/cardlist/DZ-BT14/dzbt14_031.png,1,false,kg,true,true,true,true,true,true,true,true,active
dz-bt14-032,"DZ-BT14/032 Regrain Researcher, Deep Depths Expose [RR]","<p><strong>Regrain Researcher, Deep Depths Expose</strong></p>
<p>Card Number: DZ-BT14/032</p>
<p>Rarity: RR</p>
<p>Grade: グレード 1</p>
<p>Nation: ブラントゲート</p>",Cardboard Collectible,Vanguard Singles,"Vanguard, Vanguard Singles, Singles, DZ-BT, DZ-BT14",true,Title,Default Title,,,,,DZ-BT14/032,0.002,shopify,1,deny,manual,1.1,true,true,https://cf-vanguard.com/wordpress/wp-content/images/cardlist/DZ-BT14/dzbt14_032.png,1,false,kg,true,true,true,true,true,true,true,true,active
dz-bt14-033,"DZ-BT14/033 Leibreiter, Weibaris [RR]","<p><strong>Leibreiter, Weibaris</strong></p>
<p>Card Number: DZ-BT14/033</p>
<p>Rarity: RR</p>
<p>Grade: グレード 2</p>
<p>Nation: ブラントゲート</p>",Cardboard Collectible,Vanguard Singles,"Vanguard, Vanguard Singles, Singles, DZ-BT, DZ-BT14",true,Title,Default Title,,,,,DZ-BT14/033,0.002,shopify,1,deny,manual,1.1,true,true,https://cf-vanguard.com/wordpress/wp-content/images/cardlist/DZ-BT14/dzbt14_033.png,1,false,kg,true,true,true,true,true,true,true,true,active
dz-bt14-034,"DZ-BT14/034 Bel-Fiore, Meek [RR]","<p><strong>Bel-Fiore, Meek</strong></p>
<p>Card Number: DZ-BT14/034</p>
<p>Rarity: RR</p>
<p>Grade: グレード 3</p>
<p>Nation: ケテルサンクチュアリ</p>",Cardboard Collectible,Vanguard Singles,"Vanguard, Vanguard Singles, Singles, DZ-BT, DZ-BT14",true,Title,Default Title,,,,,DZ-BT14/034,0.002,shopify,1,deny,manual,2.9,true,true,https://cf-vanguard.com/wordpress/wp-content/images/cardlist/DZ-BT14/dzbt14_034.png,1,false,kg,true,true,true,true,true,true,true,true,active
dz-bt14-035,DZ-BT14/035 Inexpiable Dragon [RR],"<p><strong>Inexpiable Dragon</strong></p>
<p>Card Number: DZ-BT14/035</p>
<p>Rarity: RR</p>
<p>Grade: グレード 2</p>
<p>Nation: ケテルサンクチュアリ</p>",Cardboard Collectible,Vanguard Singles,"Vanguard, Vanguard Singles, Singles, DZ-BT, DZ-BT14",true,Title,Default Title,,,,,DZ-BT14/035,0.002,shopify,1,deny,manual,1.1,true,true,https://cf-vanguard.com/wordpress/wp-content/images/cardlist/DZ-BT14/dzbt14_035.png,1,false,kg,true,true,true,true,true,true,true,true,active
dz-bt14-036,DZ-BT14/036 Star-select Sorceress [RR],"<p><strong>Star-select Sorceress</strong></p>
<p>Card Number: DZ-BT14/036</p>
<p>Rarity: RR</p>
<p>Grade: グレード 2</p>
<p>Nation: ケテルサンクチュアリ</p>",Cardboard Collectible,Vanguard Singles,"Vanguard, Vanguard Singles, Singles, DZ-BT, DZ-BT14",true,Title,Default Title,,,,,DZ-BT14/036,0.002,shopify,1,deny,manual,0.7,true,true,https://cf-vanguard.com/wordpress/wp-content/images/cardlist/DZ-BT14/dzbt14_036.png,1,false,kg,true,true,true,true,true,true,true,true,active
dz-bt14-037,"DZ-BT14/037 Knight of Graceful Virtue, Andrivet [RR]","<p><strong>Knight of Graceful Virtue, Andrivet</strong></p>
<p>Card Number: DZ-BT14/037</p>
<p>Rarity: RR</p>
<p>Grade: グレード 1</p>
<p>Nation: ケテルサンクチュアリ</p>",Cardboard Collectible,Vanguard Singles,"Vanguard, Vanguard Singles, Singles, DZ-BT, DZ-BT14",true,Title,Default Title,,,,,DZ-BT14/037,0.002,shopify,1,deny,manual,0.7,true,true,https://cf-vanguard.com/wordpress/wp-content/images/cardlist/DZ-BT14/dzbt14_037.png,1,false,kg,true,true,true,true,true,true,true,true,active
dz-bt14-038,"DZ-BT14/038 Veleno Soldato, Vespino [RR]","<p><strong>Veleno Soldato, Vespino</strong></p>
<p>Card Number: DZ-BT14/038</p>
<p>Rarity: RR</p>
<p>Grade: グレード 2</p>
<p>Nation: ストイケイア</p>",Cardboard Collectible,Vanguard Singles,"Vanguard, Vanguard Singles, Singles, DZ-BT, DZ-BT14",true,Title,Default Title,,,,,DZ-BT14/038,0.002,shopify,1,deny,manual,1.1,true,true,https://cf-vanguard.com/wordpress/wp-content/images/cardlist/DZ-BT14/dzbt14_038.png,1,false,kg,true,true,true,true,true,true,true,true,active
dz-bt14-039,"DZ-BT14/039 Affinity Hunter, Syllbiose [RR]","<p><strong>Affinity Hunter, Syllbiose</strong></p>
<p>Card Number: DZ-BT14/039</p>
<p>Rarity: RR</p>
<p>Grade: グレード 2</p>
<p>Nation: ストイケイア</p>",Cardboard Collectible,Vanguard Singles,"Vanguard, Vanguard Singles, Singles, DZ-BT, DZ-BT14",true,Title,Default Title,,,,,DZ-BT14/039,0.002,shopify,1,deny,manual,1.6,true,true,https://cf-vanguard.com/wordpress/wp-content/images/cardlist/DZ-BT14/dzbt14_039.png,1,false,kg,true,true,true,true,true,true,true,true,active
dz-bt14-040,"DZ-BT14/040 Scholar of the Waterlands, Rituera [RR]","<p><strong>Scholar of the Waterlands, Rituera</strong></p>
<p>Card Number: DZ-BT14/040</p>
<p>Rarity: RR</p>
<p>Grade: グレード 2</p>
<p>Nation: ストイケイア</p>",Cardboard Collectible,Vanguard Singles,"Vanguard, Vanguard Singles, Singles, DZ-BT, DZ-BT14",true,Title,Default Title,,,,,DZ-BT14/040,0.002,shopify,1,deny,manual,2.0,true,true,https://cf-vanguard.com/wordpress/wp-content/images/cardlist/DZ-BT14/dzbt14_040.png,1,false,kg,true,true,true,true,true,true,true,true,active
dz-bt14-041,"DZ-BT14/041 One Who Arrived at Paradise, Phildeia [RR]","<p><strong>One Who Arrived at Paradise, Phildeia</strong></p>
<p>Card Number: DZ-BT14/041</p>
<p>Rarity: RR</p>
<p>Grade: グレード 2</p>
<p>Nation: ストイケイア</p>",Cardboard Collectible,Vanguard Singles,"Vanguard, Vanguard Singles, Singles, DZ-BT, DZ-BT14",true,Title,Default Title,,,,,DZ-BT14/041,0.002,shopify,1,deny,manual,1.1,true,true,https://cf-vanguard.com/wordpress/wp-content/images/cardlist/DZ-BT14/dzbt14_041.png,1,false,kg,true,true,true,true,true,true,true,true,active
dz-bt14-042,"DZ-BT14/042 X-CeeDaNCe, Lapi Grossa [RR]","<p><strong>X-CeeDaNCe, Lapi Grossa</strong></p>
<p>Card Number: DZ-BT14/042</p>
<p>Rarity: RR</p>
<p>Grade: グレード 2</p>
<p>Nation: リリカルモナステリオ</p>",Cardboard Collectible,Vanguard Singles,"Vanguard, Vanguard Singles, Singles, DZ-BT, DZ-BT14",true,Title,Default Title,,,,,DZ-BT14/042,0.002,shopify,1,deny,manual,2.0,true,true,https://cf-vanguard.com/wordpress/wp-content/images/cardlist/DZ-BT14/dzbt14_042.png,1,false,kg,true,true,true,true,true,true,true,true,active
dz-bt14-043,"DZ-BT14/043 EuphoricReverb, Sophia [RR]","<p><strong>EuphoricReverb, Sophia</strong></p>
<p>Card Number: DZ-BT14/043</p>
<p>Rarity: RR</p>
<p>Grade: グレード 2</p>
<p>Nation: リリカルモナステリオ</p>",Cardboard Collectible,Vanguard Singles,"Vanguard, Vanguard Singles, Singles, DZ-BT, DZ-BT14",true,Title,Default Title,,,,,DZ-BT14/043,0.002,shopify,1,deny,manual,1.1,true,true,https://cf-vanguard.com/wordpress/wp-content/images/cardlist/DZ-BT14/dzbt14_043.png,1,false,kg,true,true,true,true,true,true,true,true,active
dz-bt14-044,"DZ-BT14/044 Shred Player, Timonie [RR]","<p><strong>Shred Player, Timonie</strong></p>
<p>Card Number: DZ-BT14/044</p>
<p>Rarity: RR</p>
<p>Grade: グレード 1</p>
<p>Nation: リリカルモナステリオ</p>",Cardboard Collectible,Vanguard Singles,"Vanguard, Vanguard Singles, Singles, DZ-BT, DZ-BT14",true,Title,Default Title,,,,,DZ-BT14/044,0.002,shopify,1,deny,manual,1.1,true,true,https://cf-vanguard.com/wordpress/wp-content/images/cardlist/DZ-BT14/dzbt14_044.png,1,false,kg,true,true,true,true,true,true,true,true,active
dz-bt14-045,"DZ-BT14/045 LettiaMateS, Ancisera [RR]","<p><strong>LettiaMateS, Ancisera</strong></p>
<p>Card Number: DZ-BT14/045</p>
<p>Rarity: RR</p>
<p>Grade: グレード 1</p>
<p>Nation: リリカルモナステリオ</p>",Cardboard Collectible,Vanguard Singles,"Vanguard, Vanguard Singles, Singles, DZ-BT, DZ-BT14",true,Title,Default Title,,,,,DZ-BT14/045,0.002,shopify,1,deny,manual,2.0,true,true,https://cf-vanguard.com/wordpress/wp-content/images/cardlist/DZ-BT14/dzbt14_045.png,1,false,kg,true,true,true,true,true,true,true,true,active
dz-bt14-046,DZ-BT14/046 Crimson Moonlight [RR],"<p><strong>Crimson Moonlight</strong></p>
<p>Card Number: DZ-BT14/046</p>
<p>Rarity: RR</p>
<p>Grade: グレード 1</p>
<p>Nation: -</p>",Cardboard Collectible,Vanguard Singles,"Vanguard, Vanguard Singles, Singles, DZ-BT, DZ-BT14",true,Title,Default Title,,,,,DZ-BT14/046,0.002,shopify,1,deny,manual,22.5,true,true,https://cf-vanguard.com/wordpress/wp-content/images/cardlist/DZ-BT14/dzbt14_046.png,1,false,kg,true,true,true,true,true,true,true,true,active
dz-bt14-047,DZ-BT14/047 Chondrule Dragon [R],"<p><strong>Chondrule Dragon</strong></p>
<p>Card Number: DZ-BT14/047</p>
<p>Rarity: R</p>
<p>Grade: グレード 2</p>
<p>Nation: ドラゴンエンパイア</p>",Cardboard Collectible,Vanguard Singles,"Vanguard, Vanguard Singles, Singles, DZ-BT, DZ-BT14",true,Title,Default Title,,,,,DZ-BT14/047,0.002,shopify,1,deny,manual,0.7,true,true,https://cf-vanguard.com/wordpress/wp-content/images/cardlist/DZ-BT14/dzbt14_047.png,1,false,kg,true,true,true,true,true,true,true,true,active
dz-bt14-048,"DZ-BT14/048 Venatiol, Uhel [R]","<p><strong>Venatiol, Uhel</strong></p>
<p>Card Number: DZ-BT14/048</p>
<p>Rarity: R</p>
<p>Grade: グレード 1</p>
<p>Nation: ドラゴンエンパイア</p>",Cardboard Collectible,Vanguard Singles,"Vanguard, Vanguard Singles, Singles, DZ-BT, DZ-BT14",true,Title,Default Title,,,,,DZ-BT14/048,0.002,shopify,1,deny,manual,0.7,true,true,https://cf-vanguard.com/wordpress/wp-content/images/cardlist/DZ-BT14/dzbt14_048.png,1,false,kg,true,true,true,true,true,true,true,true,active
dz-bt14-049,DZ-BT14/049 Vanishing Claw Dragon [R],"<p><strong>Vanishing Claw Dragon</strong></p>
<p>Card Number: DZ-BT14/049</p>
<p>Rarity: R</p>
<p>Grade: グレード 1</p>
<p>Nation: ドラゴンエンパイア</p>",Cardboard Collectible,Vanguard Singles,"Vanguard, Vanguard Singles, Singles, DZ-BT, DZ-BT14",true,Title,Default Title,,,,,DZ-BT14/049,0.002,shopify,1,deny,manual,0.7,true,true,https://cf-vanguard.com/wordpress/wp-content/images/cardlist/DZ-BT14/dzbt14_049.png,1,false,kg,true,true,true,true,true,true,true,true,active
dz-bt14-050,DZ-BT14/050 Parching Axe Dragon [R],"<p><strong>Parching Axe Dragon</strong></p>
<p>Card Number: DZ-BT14/050</p>
<p>Rarity: R</p>
<p>Grade: グレード 1</p>
<p>Nation: ドラゴンエンパイア</p>",Cardboard Collectible,Vanguard Singles,"Vanguard, Vanguard Singles, Singles, DZ-BT, DZ-BT14",true,Title,Default Title,,,,,DZ-BT14/050,0.002,shopify,1,deny,manual,0.7,true,true,https://cf-vanguard.com/wordpress/wp-content/images/cardlist/DZ-BT14/dzbt14_050.png,1,false,kg,true,true,true,true,true,true,true,true,active
dz-bt14-051,DZ-BT14/051 Febrile Dragon [R],"<p><strong>Febrile Dragon</strong></p>
<p>Card Number: DZ-BT14/051</p>
<p>Rarity: R</p>
<p>Grade: グレード 3</p>
<p>Nation: ダークステイツ</p>",Cardboard Collectible,Vanguard Singles,"Vanguard, Vanguard Singles, Singles, DZ-BT, DZ-BT14",true,Title,Default Title,,,,,DZ-BT14/051,0.002,shopify,1,deny,manual,0.7,true,true,https://cf-vanguard.com/wordpress/wp-content/images/cardlist/DZ-BT14/dzbt14_051.png,1,false,kg,true,true,true,true,true,true,true,true,active
dz-bt14-052,"DZ-BT14/052 Direful Doll, Gigliola [R]","<p><strong>Direful Doll, Gigliola</strong></p>
<p>Card Number: DZ-BT14/052</p>
<p>Rarity: R</p>
<p>Grade: グレード 2</p>
<p>Nation: ダークステイツ</p>",Cardboard Collectible,Vanguard Singles,"Vanguard, Vanguard Singles, Singles, DZ-BT, DZ-BT14",true,Title,Default Title,,,,,DZ-BT14/052,0.002,shopify,1,deny,manual,0.7,true,true,https://cf-vanguard.com/wordpress/wp-content/images/cardlist/DZ-BT14/dzbt14_052.png,1,false,kg,true,true,true,true,true,true,true,true,active
dz-bt14-053,"DZ-BT14/053 Mad Bone of Abominable Eyes, Zolneylon [R]","<p><strong>Mad Bone of Abominable Eyes, Zolneylon</strong></p>
<p>Card Number: DZ-BT14/053</p>
<p>Rarity: R</p>
<p>Grade: グレード 1</p>
<p>Nation: ダークステイツ</p>",Cardboard Collectible,Vanguard Singles,"Vanguard, Vanguard Singles, Singles, DZ-BT, DZ-BT14",true,Title,Default Title,,,,,DZ-BT14/053,0.002,shopify,1,deny,manual,0.7,true,true,https://cf-vanguard.com/wordpress/wp-content/images/cardlist/DZ-BT14/dzbt14_053.png,1,false,kg,true,true,true,true,true,true,true,true,active
dz-bt14-054,"DZ-BT14/054 Steam Fighter, Daduusha [R]","<p><strong>Steam Fighter, Daduusha</strong></p>
<p>Card Number: DZ-BT14/054</p>
<p>Rarity: R</p>
<p>Grade: グレード 1</p>
<p>Nation: ダークステイツ</p>",Cardboard Collectible,Vanguard Singles,"Vanguard, Vanguard Singles, Singles, DZ-BT, DZ-BT14",true,Title,Default Title,,,,,DZ-BT14/054,0.002,shopify,1,deny,manual,0.7,true,true,https://cf-vanguard.com/wordpress/wp-content/images/cardlist/DZ-BT14/dzbt14_054.png,1,false,kg,true,true,true,true,true,true,true,true,active
dz-bt14-055,DZ-BT14/055 Fille Brande [R],"<p><strong>Fille Brande</strong></p>
<p>Card Number: DZ-BT14/055</p>
<p>Rarity: R</p>
<p>Grade: グレード 1</p>
<p>Nation: ブラントゲート</p>",Cardboard Collectible,Vanguard Singles,"Vanguard, Vanguard Singles, Singles, DZ-BT, DZ-BT14",true,Title,Default Title,,,,,DZ-BT14/055,0.002,shopify,1,deny,manual,0.7,true,true,https://cf-vanguard.com/wordpress/wp-content/images/cardlist/DZ-BT14/dzbt14_055.png,1,false,kg,true,true,true,true,true,true,true,true,active
dz-bt14-056,"DZ-BT14/056 Blitz Designer, Razent [R]","<p><strong>Blitz Designer, Razent</strong></p>
<p>Card Number: DZ-BT14/056</p>
<p>Rarity: R</p>
<p>Grade: グレード 1</p>
<p>Nation: ブラントゲート</p>",Cardboard Collectible,Vanguard Singles,"Vanguard, Vanguard Singles, Singles, DZ-BT, DZ-BT14",true,Title,Default Title,,,,,DZ-BT14/056,0.002,shopify,1,deny,manual,0.7,true,true,https://cf-vanguard.com/wordpress/wp-content/images/cardlist/DZ-BT14/dzbt14_056.png,1,false,kg,true,true,true,true,true,true,true,true,active
dz-bt14-057,"DZ-BT14/057 Leibreiter, Trisdia [R]","<p><strong>Leibreiter, Trisdia</strong></p>
<p>Card Number: DZ-BT14/057</p>
<p>Rarity: R</p>
<p>Grade: グレード 3</p>
<p>Nation: ブラントゲート</p>",Cardboard Collectible,Vanguard Singles,"Vanguard, Vanguard Singles, Singles, DZ-BT, DZ-BT14",true,Title,Default Title,,,,,DZ-BT14/057,0.002,shopify,1,deny,manual,0.7,true,true,https://cf-vanguard.com/wordpress/wp-content/images/cardlist/DZ-BT14/dzbt14_057.png,1,false,kg,true,true,true,true,true,true,true,true,active
dz-bt14-058,"DZ-BT14/058 Leibreiter, Rovroi [R]","<p><strong>Leibreiter, Rovroi</strong></p>
<p>Card Number: DZ-BT14/058</p>
<p>Rarity: R</p>
<p>Grade: グレード 1</p>
<p>Nation: ブラントゲート</p>",Cardboard Collectible,Vanguard Singles,"Vanguard, Vanguard Singles, Singles, DZ-BT, DZ-BT14",true,Title,Default Title,,,,,DZ-BT14/058,0.002,shopify,1,deny,manual,0.7,true,true,https://cf-vanguard.com/wordpress/wp-content/images/cardlist/DZ-BT14/dzbt14_058.png,1,false,kg,true,true,true,true,true,true,true,true,active
dz-bt14-059,"DZ-BT14/059 Bel-Fiore, Pinesse [R]","<p><strong>Bel-Fiore, Pinesse</strong></p>
<p>Card Number: DZ-BT14/059</p>
<p>Rarity: R</p>
<p>Grade: グレード 2</p>
<p>Nation: ケテルサンクチュアリ</p>",Cardboard Collectible,Vanguard Singles,"Vanguard, Vanguard Singles, Singles, DZ-BT, DZ-BT14",true,Title,Default Title,,,,,DZ-BT14/059,0.002,shopify,1,deny,manual,0.7,true,true,https://cf-vanguard.com/wordpress/wp-content/images/cardlist/DZ-BT14/dzbt14_059.png,1,false,kg,true,true,true,true,true,true,true,true,active
dz-bt14-060,DZ-BT14/060 Glisten Upashiciry [R],"<p><strong>Glisten Upashiciry</strong></p>
<p>Card Number: DZ-BT14/060</p>
<p>Rarity: R</p>
<p>Grade: グレード 1</p>
<p>Nation: ケテルサンクチュアリ</p>",Cardboard Collectible,Vanguard Singles,"Vanguard, Vanguard Singles, Singles, DZ-BT, DZ-BT14",true,Title,Default Title,,,,,DZ-BT14/060,0.002,shopify,1,deny,manual,0.7,true,true,https://cf-vanguard.com/wordpress/wp-content/images/cardlist/DZ-BT14/dzbt14_060.png,1,false,kg,true,true,true,true,true,true,true,true,active
dz-bt14-061,DZ-BT14/061 Patefaction Angel [R],"<p><strong>Patefaction Angel</strong></p>
<p>Card Number: DZ-BT14/061</p>
<p>Rarity: R</p>
<p>Grade: グレード 1</p>
<p>Nation: ケテルサンクチュアリ</p>",Cardboard Collectible,Vanguard Singles,"Vanguard, Vanguard Singles, Singles, DZ-BT, DZ-BT14",true,Title,Default Title,,,,,DZ-BT14/061,0.002,shopify,1,deny,manual,0.7,true,true,https://cf-vanguard.com/wordpress/wp-content/images/cardlist/DZ-BT14/dzbt14_061.png,1,false,kg,true,true,true,true,true,true,true,true,active
dz-bt14-062,"DZ-BT14/062 Bel-Fiore, Aprena [R]","<p><strong>Bel-Fiore, Aprena</strong></p>
<p>Card Number: DZ-BT14/062</p>
<p>Rarity: R</p>
<p>Grade: グレード 1</p>
<p>Nation: ケテルサンクチュアリ</p>",Cardboard Collectible,Vanguard Singles,"Vanguard, Vanguard Singles, Singles, DZ-BT, DZ-BT14",true,Title,Default Title,,,,,DZ-BT14/062,0.002,shopify,1,deny,manual,0.7,true,true,https://cf-vanguard.com/wordpress/wp-content/images/cardlist/DZ-BT14/dzbt14_062.png,1,false,kg,true,true,true,true,true,true,true,true,active
dz-bt14-063,"DZ-BT14/063 Sylvan Horned Beast, Skrele [R]","<p><strong>Sylvan Horned Beast, Skrele</strong></p>
<p>Card Number: DZ-BT14/063</p>
<p>Rarity: R</p>
<p>Grade: グレード 2</p>
<p>Nation: ストイケイア</p>",Cardboard Collectible,Vanguard Singles,"Vanguard, Vanguard Singles, Singles, DZ-BT, DZ-BT14",true,Title,Default Title,,,,,DZ-BT14/063,0.002,shopify,1,deny,manual,0.7,true,true,https://cf-vanguard.com/wordpress/wp-content/images/cardlist/DZ-BT14/dzbt14_063.png,1,false,kg,true,true,true,true,true,true,true,true,active
dz-bt14-064,"DZ-BT14/064 Student of Illumination, Ciygna [R]","<p><strong>Student of Illumination, Ciygna</strong></p>
<p>Card Number: DZ-BT14/064</p>
<p>Rarity: R</p>
<p>Grade: グレード 1</p>
<p>Nation: ストイケイア</p>",Cardboard Collectible,Vanguard Singles,"Vanguard, Vanguard Singles, Singles, DZ-BT, DZ-BT14",true,Title,Default Title,,,,,DZ-BT14/064,0.002,shopify,1,deny,manual,0.7,true,true,https://cf-vanguard.com/wordpress/wp-content/images/cardlist/DZ-BT14/dzbt14_064.png,1,false,kg,true,true,true,true,true,true,true,true,active
dz-bt14-065,DZ-BT14/065 Nin-Nin Zingy [R],"<p><strong>Nin-Nin Zingy</strong></p>
<p>Card Number: DZ-BT14/065</p>
<p>Rarity: R</p>
<p>Grade: グレード 1</p>
<p>Nation: ストイケイア</p>",Cardboard Collectible,Vanguard Singles,"Vanguard, Vanguard Singles, Singles, DZ-BT, DZ-BT14",true,Title,Default Title,,,,,DZ-BT14/065,0.002,shopify,1,deny,manual,0.7,true,true,https://cf-vanguard.com/wordpress/wp-content/images/cardlist/DZ-BT14/dzbt14_065.png,1,false,kg,true,true,true,true,true,true,true,true,active
dz-bt14-066,"DZ-BT14/066 Fantum Gran Magick, Glid Radeaur [R]","<p><strong>Fantum Gran Magick, Glid Radeaur</strong></p>
<p>Card Number: DZ-BT14/066</p>
<p>Rarity: R</p>
<p>Grade: グレード 3</p>
<p>Nation: ストイケイア</p>",Cardboard Collectible,Vanguard Singles,"Vanguard, Vanguard Singles, Singles, DZ-BT, DZ-BT14",true,Title,Default Title,,,,,DZ-BT14/066,0.002,shopify,1,deny,manual,0.7,true,true,https://cf-vanguard.com/wordpress/wp-content/images/cardlist/DZ-BT14/dzbt14_066.png,1,false,kg,true,true,true,true,true,true,true,true,active
dz-bt14-067,"DZ-BT14/067 X-CeeDaNCe, Nyui Eiras [R]","<p><strong>X-CeeDaNCe, Nyui Eiras</strong></p>
<p>Card Number: DZ-BT14/067</p>
<p>Rarity: R</p>
<p>Grade: グレード 1</p>
<p>Nation: リリカルモナステリオ</p>",Cardboard Collectible,Vanguard Singles,"Vanguard, Vanguard Singles, Singles, DZ-BT, DZ-BT14",true,Title,Default Title,,,,,DZ-BT14/067,0.002,shopify,1,deny,manual,0.7,true,true,https://cf-vanguard.com/wordpress/wp-content/images/cardlist/DZ-BT14/dzbt14_067.png,1,false,kg,true,true,true,true,true,true,true,true,active
dz-bt14-068,"DZ-BT14/068 X-CeeDaNCe, Leda Tisple [R]","<p><strong>X-CeeDaNCe, Leda Tisple</strong></p>
<p>Card Number: DZ-BT14/068</p>
<p>Rarity: R</p>
<p>Grade: グレード 1</p>
<p>Nation: リリカルモナステリオ</p>",Cardboard Collectible,Vanguard Singles,"Vanguard, Vanguard Singles, Singles, DZ-BT, DZ-BT14",true,Title,Default Title,,,,,DZ-BT14/068,0.002,shopify,1,deny,manual,0.7,true,true,https://cf-vanguard.com/wordpress/wp-content/images/cardlist/DZ-BT14/dzbt14_068.png,1,false,kg,true,true,true,true,true,true,true,true,active
dz-bt14-069,"DZ-BT14/069 Tender Push, Appuil [R]","<p><strong>Tender Push, Appuil</strong></p>
<p>Card Number: DZ-BT14/069</p>
<p>Rarity: R</p>
<p>Grade: グレード 1</p>
<p>Nation: リリカルモナステリオ</p>",Cardboard Collectible,Vanguard Singles,"Vanguard, Vanguard Singles, Singles, DZ-BT, DZ-BT14",true,Title,Default Title,,,,,DZ-BT14/069,0.002,shopify,1,deny,manual,0.7,true,true,https://cf-vanguard.com/wordpress/wp-content/images/cardlist/DZ-BT14/dzbt14_069.png,1,false,kg,true,true,true,true,true,true,true,true,active
dz-bt14-070,"DZ-BT14/070 LettiaMateS, Marfer [R]","<p><strong>LettiaMateS, Marfer</strong></p>
<p>Card Number: DZ-BT14/070</p>
<p>Rarity: R</p>
<p>Grade: グレード 1</p>
<p>Nation: リリカルモナステリオ</p>",Cardboard Collectible,Vanguard Singles,"Vanguard, Vanguard Singles, Singles, DZ-BT, DZ-BT14",true,Title,Default Title,,,,,DZ-BT14/070,0.002,shopify,1,deny,manual,0.7,true,true,https://cf-vanguard.com/wordpress/wp-content/images/cardlist/DZ-BT14/dzbt14_070.png,1,false,kg,true,true,true,true,true,true,true,true,active
dz-bt14-071,DZ-BT14/071 Enveloping the Planet is a Crimson Disease [R],"<p><strong>Enveloping the Planet is a Crimson Disease</strong></p>
<p>Card Number: DZ-BT14/071</p>
<p>Rarity: R</p>
<p>Grade: グレード 1</p>
<p>Nation: -</p>",Cardboard Collectible,Vanguard Singles,"Vanguard, Vanguard Singles, Singles, DZ-BT, DZ-BT14",true,Title,Default Title,,,,,DZ-BT14/071,0.002,shopify,1,deny,manual,2.0,true,true,https://cf-vanguard.com/wordpress/wp-content/images/cardlist/DZ-BT14/dzbt14_071.png,1,false,kg,true,true,true,true,true,true,true,true,active
dz-bt14-072,DZ-BT14/072 Enfold Bellow Dragon [C],"<p><strong>Enfold Bellow Dragon</strong></p>
<p>Card Number: DZ-BT14/072</p>
<p>Rarity: C</p>
<p>Grade: グレード 3</p>
<p>Nation: ドラゴンエンパイア</p>",Cardboard Collectible,Vanguard Singles,"Vanguard, Vanguard Singles, Singles, DZ-BT, DZ-BT14",true,Title,Default Title,,,,,DZ-BT14/072,0.002,shopify,1,deny,manual,0.5,true,true,https://cf-vanguard.com/wordpress/wp-content/images/cardlist/DZ-BT14/dzbt14_072.png,1,false,kg,true,true,true,true,true,true,true,true,active
dz-bt14-073,DZ-BT14/073 Vandalism Dragon [C],"<p><strong>Vandalism Dragon</strong></p>
<p>Card Number: DZ-BT14/073</p>
<p>Rarity: C</p>
<p>Grade: グレード 2</p>
<p>Nation: ドラゴンエンパイア</p>",Cardboard Collectible,Vanguard Singles,"Vanguard, Vanguard Singles, Singles, DZ-BT, DZ-BT14",true,Title,Default Title,,,,,DZ-BT14/073,0.002,shopify,1,deny,manual,0.5,true,true,https://cf-vanguard.com/wordpress/wp-content/images/cardlist/DZ-BT14/dzbt14_073.png,1,false,kg,true,true,true,true,true,true,true,true,active
dz-bt14-074,"DZ-BT14/074 Crimson Wrath Dragslayer, Youth [C]","<p><strong>Crimson Wrath Dragslayer, Youth</strong></p>
<p>Card Number: DZ-BT14/074</p>
<p>Rarity: C</p>
<p>Grade: グレード 2</p>
<p>Nation: ドラゴンエンパイア</p>",Cardboard Collectible,Vanguard Singles,"Vanguard, Vanguard Singles, Singles, DZ-BT, DZ-BT14",true,Title,Default Title,,,,,DZ-BT14/074,0.002,shopify,1,deny,manual,0.5,true,true,https://cf-vanguard.com/wordpress/wp-content/images/cardlist/DZ-BT14/dzbt14_074.png,1,false,kg,true,true,true,true,true,true,true,true,active
dz-bt14-075,DZ-BT14/075 Trusscythe Dragon [C],"<p><strong>Trusscythe Dragon</strong></p>
<p>Card Number: DZ-BT14/075</p>
<p>Rarity: C</p>
<p>Grade: グレード 2</p>
<p>Nation: ドラゴンエンパイア</p>",Cardboard Collectible,Vanguard Singles,"Vanguard, Vanguard Singles, Singles, DZ-BT, DZ-BT14",true,Title,Default Title,,,,,DZ-BT14/075,0.002,shopify,1,deny,manual,0.5,true,true,https://cf-vanguard.com/wordpress/wp-content/images/cardlist/DZ-BT14/dzbt14_075.png,1,false,kg,true,true,true,true,true,true,true,true,active
dz-bt14-076,"DZ-BT14/076 Eruption Fire Dragon, Spinodinas [C]","<p><strong>Eruption Fire Dragon, Spinodinas</strong></p>
<p>Card Number: DZ-BT14/076</p>
<p>Rarity: C</p>
<p>Grade: グレード 2</p>
<p>Nation: ドラゴンエンパイア</p>",Cardboard Collectible,Vanguard Singles,"Vanguard, Vanguard Singles, Singles, DZ-BT, DZ-BT14",true,Title,Default Title,,,,,DZ-BT14/076,0.002,shopify,1,deny,manual,0.5,true,true,https://cf-vanguard.com/wordpress/wp-content/images/cardlist/DZ-BT14/dzbt14_076.png,1,false,kg,true,true,true,true,true,true,true,true,active
dz-bt14-077,"DZ-BT14/077 Inferno Blade of Blazing Scales, Farbid [C]","<p><strong>Inferno Blade of Blazing Scales, Farbid</strong></p>
<p>Card Number: DZ-BT14/077</p>
<p>Rarity: C</p>
<p>Grade: グレード 2</p>
<p>Nation: ドラゴンエンパイア</p>",Cardboard Collectible,Vanguard Singles,"Vanguard, Vanguard Singles, Singles, DZ-BT, DZ-BT14",true,Title,Default Title,,,,,DZ-BT14/077,0.002,shopify,1,deny,manual,0.5,true,true,https://cf-vanguard.com/wordpress/wp-content/images/cardlist/DZ-BT14/dzbt14_077.png,1,false,kg,true,true,true,true,true,true,true,true,active
dz-bt14-078,"DZ-BT14/078 Stealth Fiend, Kawaitachi [C]","<p><strong>Stealth Fiend, Kawaitachi</strong></p>
<p>Card Number: DZ-BT14/078</p>
<p>Rarity: C</p>
<p>Grade: グレード 1</p>
<p>Nation: ドラゴンエンパイア</p>",Cardboard Collectible,Vanguard Singles,"Vanguard, Vanguard Singles, Singles, DZ-BT, DZ-BT14",true,Title,Default Title,,,,,DZ-BT14/078,0.002,shopify,1,deny,manual,0.5,true,true,https://cf-vanguard.com/wordpress/wp-content/images/cardlist/DZ-BT14/dzbt14_078.png,1,false,kg,true,true,true,true,true,true,true,true,active
dz-bt14-079,"DZ-BT14/079 Will of the Destruction Dragon, Youth [C]","<p><strong>Will of the Destruction Dragon, Youth</strong></p>
<p>Card Number: DZ-BT14/079</p>
<p>Rarity: C</p>
<p>Grade: グレード 1</p>
<p>Nation: ドラゴンエンパイア</p>",Cardboard Collectible,Vanguard Singles,"Vanguard, Vanguard Singles, Singles, DZ-BT, DZ-BT14",true,Title,Default Title,,,,,DZ-BT14/079,0.002,shopify,1,deny,manual,0.5,true,true,https://cf-vanguard.com/wordpress/wp-content/images/cardlist/DZ-BT14/dzbt14_079.png,1,false,kg,true,true,true,true,true,true,true,true,active
dz-bt14-080,"DZ-BT14/080 Desolation of Loneliness, Youth [C]","<p><strong>Desolation of Loneliness, Youth</strong></p>
<p>Card Number: DZ-BT14/080</p>
<p>Rarity: C</p>
<p>Grade: グレード 0</p>
<p>Nation: ドラゴンエンパイア</p>",Cardboard Collectible,Vanguard Singles,"Vanguard, Vanguard Singles, Singles, DZ-BT, DZ-BT14",true,Title,Default Title,,,,,DZ-BT14/080,0.002,shopify,1,deny,manual,0.5,true,true,https://cf-vanguard.com/wordpress/wp-content/images/cardlist/DZ-BT14/dzbt14_080.png,1,false,kg,true,true,true,true,true,true,true,true,active
dz-bt14-081,DZ-BT14/081 Suffer Devourer [C],"<p><strong>Suffer Devourer</strong></p>
<p>Card Number: DZ-BT14/081</p>
<p>Rarity: C</p>
<p>Grade: グレード 3</p>
<p>Nation: ダークステイツ</p>",Cardboard Collectible,Vanguard Singles,"Vanguard, Vanguard Singles, Singles, DZ-BT, DZ-BT14",true,Title,Default Title,,,,,DZ-BT14/081,0.002,shopify,1,deny,manual,0.5,true,true,https://cf-vanguard.com/wordpress/wp-content/images/cardlist/DZ-BT14/dzbt14_081.png,1,false,kg,true,true,true,true,true,true,true,true,active
dz-bt14-082,DZ-BT14/082 Attainment Dragon [C],"<p><strong>Attainment Dragon</strong></p>
<p>Card Number: DZ-BT14/082</p>
<p>Rarity: C</p>
<p>Grade: グレード 2</p>
<p>Nation: ダークステイツ</p>",Cardboard Collectible,Vanguard Singles,"Vanguard, Vanguard Singles, Singles, DZ-BT, DZ-BT14",true,Title,Default Title,,,,,DZ-BT14/082,0.002,shopify,1,deny,manual,0.5,true,true,https://cf-vanguard.com/wordpress/wp-content/images/cardlist/DZ-BT14/dzbt14_082.png,1,false,kg,true,true,true,true,true,true,true,true,active
dz-bt14-083,DZ-BT14/083 Skewered Virtuoso [C],"<p><strong>Skewered Virtuoso</strong></p>
<p>Card Number: DZ-BT14/083</p>
<p>Rarity: C</p>
<p>Grade: グレード 2</p>
<p>Nation: ダークステイツ</p>",Cardboard Collectible,Vanguard Singles,"Vanguard, Vanguard Singles, Singles, DZ-BT, DZ-BT14",true,Title,Default Title,,,,,DZ-BT14/083,0.002,shopify,1,deny,manual,0.5,true,true,https://cf-vanguard.com/wordpress/wp-content/images/cardlist/DZ-BT14/dzbt14_083.png,1,false,kg,true,true,true,true,true,true,true,true,active
dz-bt14-084,DZ-BT14/084 Devotion Dragon [C],"<p><strong>Devotion Dragon</strong></p>
<p>Card Number: DZ-BT14/084</p>
<p>Rarity: C</p>
<p>Grade: グレード 2</p>
<p>Nation: ダークステイツ</p>",Cardboard Collectible,Vanguard Singles,"Vanguard, Vanguard Singles, Singles, DZ-BT, DZ-BT14",true,Title,Default Title,,,,,DZ-BT14/084,0.002,shopify,1,deny,manual,0.5,true,true,https://cf-vanguard.com/wordpress/wp-content/images/cardlist/DZ-BT14/dzbt14_084.png,1,false,kg,true,true,true,true,true,true,true,true,active
dz-bt14-085,DZ-BT14/085 Adoring Dragon [C],"<p><strong>Adoring Dragon</strong></p>
<p>Card Number: DZ-BT14/085</p>
<p>Rarity: C</p>
<p>Grade: グレード 1</p>
<p>Nation: ダークステイツ</p>",Cardboard Collectible,Vanguard Singles,"Vanguard, Vanguard Singles, Singles, DZ-BT, DZ-BT14",true,Title,Default Title,,,,,DZ-BT14/085,0.002,shopify,1,deny,manual,0.5,true,true,https://cf-vanguard.com/wordpress/wp-content/images/cardlist/DZ-BT14/dzbt14_085.png,1,false,kg,true,true,true,true,true,true,true,true,active
dz-bt14-086,DZ-BT14/086 Surround Schuberias [C],"<p><strong>Surround Schuberias</strong></p>
<p>Card Number: DZ-BT14/086</p>
<p>Rarity: C</p>
<p>Grade: グレード 1</p>
<p>Nation: ダークステイツ</p>",Cardboard Collectible,Vanguard Singles,"Vanguard, Vanguard Singles, Singles, DZ-BT, DZ-BT14",true,Title,Default Title,,,,,DZ-BT14/086,0.002,shopify,1,deny,manual,0.5,true,true,https://cf-vanguard.com/wordpress/wp-content/images/cardlist/DZ-BT14/dzbt14_086.png,1,false,kg,true,true,true,true,true,true,true,true,active
dz-bt14-087,"DZ-BT14/087 Mage of Floating, Levitte [C]","<p><strong>Mage of Floating, Levitte</strong></p>
<p>Card Number: DZ-BT14/087</p>
<p>Rarity: C</p>
<p>Grade: グレード 1</p>
<p>Nation: ダークステイツ</p>",Cardboard Collectible,Vanguard Singles,"Vanguard, Vanguard Singles, Singles, DZ-BT, DZ-BT14",true,Title,Default Title,,,,,DZ-BT14/087,0.002,shopify,1,deny,manual,0.5,true,true,https://cf-vanguard.com/wordpress/wp-content/images/cardlist/DZ-BT14/dzbt14_087.png,1,false,kg,true,true,true,true,true,true,true,true,active
dz-bt14-088,DZ-BT14/088 Fruition Dragon [C],"<p><strong>Fruition Dragon</strong></p>
<p>Card Number: DZ-BT14/088</p>
<p>Rarity: C</p>
<p>Grade: グレード 1</p>
<p>Nation: ダークステイツ</p>",Cardboard Collectible,Vanguard Singles,"Vanguard, Vanguard Singles, Singles, DZ-BT, DZ-BT14",true,Title,Default Title,,,,,DZ-BT14/088,0.002,shopify,1,deny,manual,0.5,true,true,https://cf-vanguard.com/wordpress/wp-content/images/cardlist/DZ-BT14/dzbt14_088.png,1,false,kg,true,true,true,true,true,true,true,true,active
dz-bt14-089,DZ-BT14/089 Aspiring Dracokid [C],"<p><strong>Aspiring Dracokid</strong></p>
<p>Card Number: DZ-BT14/089</p>
<p>Rarity: C</p>
<p>Grade: グレード 0</p>
<p>Nation: ダークステイツ</p>",Cardboard Collectible,Vanguard Singles,"Vanguard, Vanguard Singles, Singles, DZ-BT, DZ-BT14",true,Title,Default Title,,,,,DZ-BT14/089,0.002,shopify,1,deny,manual,0.5,true,true,https://cf-vanguard.com/wordpress/wp-content/images/cardlist/DZ-BT14/dzbt14_089.png,1,false,kg,true,true,true,true,true,true,true,true,active
dz-bt14-090,"DZ-BT14/090 Linked Chains of Disturbance, Radialperigee [C]","<p><strong>Linked Chains of Disturbance, Radialperigee</strong></p>
<p>Card Number: DZ-BT14/090</p>
<p>Rarity: C</p>
<p>Grade: グレード 2</p>
<p>Nation: ブラントゲート</p>",Cardboard Collectible,Vanguard Singles,"Vanguard, Vanguard Singles, Singles, DZ-BT, DZ-BT14",true,Title,Default Title,,,,,DZ-BT14/090,0.002,shopify,1,deny,manual,0.5,true,true,https://cf-vanguard.com/wordpress/wp-content/images/cardlist/DZ-BT14/dzbt14_090.png,1,false,kg,true,true,true,true,true,true,true,true,active
dz-bt14-091,"DZ-BT14/091 Blitz Carrier, Turagen [C]","<p><strong>Blitz Carrier, Turagen</strong></p>
<p>Card Number: DZ-BT14/091</p>
<p>Rarity: C</p>
<p>Grade: グレード 2</p>
<p>Nation: ブラントゲート</p>",Cardboard Collectible,Vanguard Singles,"Vanguard, Vanguard Singles, Singles, DZ-BT, DZ-BT14",true,Title,Default Title,,,,,DZ-BT14/091,0.002,shopify,1,deny,manual,0.5,true,true,https://cf-vanguard.com/wordpress/wp-content/images/cardlist/DZ-BT14/dzbt14_091.png,1,false,kg,true,true,true,true,true,true,true,true,active
dz-bt14-092,"DZ-BT14/092 Librate Battalion, Gatling Kanone Dragon [C]","<p><strong>Librate Battalion, Gatling Kanone Dragon</strong></p>
<p>Card Number: DZ-BT14/092</p>
<p>Rarity: C</p>
<p>Grade: グレード 2</p>
<p>Nation: ブラントゲート</p>",Cardboard Collectible,Vanguard Singles,"Vanguard, Vanguard Singles, Singles, DZ-BT, DZ-BT14",true,Title,Default Title,,,,,DZ-BT14/092,0.002,shopify,1,deny,manual,0.5,true,true,https://cf-vanguard.com/wordpress/wp-content/images/cardlist/DZ-BT14/dzbt14_092.png,1,false,kg,true,true,true,true,true,true,true,true,active
dz-bt14-093,"DZ-BT14/093 Librate Battalion, Diffusion Dragon [C]","<p><strong>Librate Battalion, Diffusion Dragon</strong></p>
<p>Card Number: DZ-BT14/093</p>
<p>Rarity: C</p>
<p>Grade: グレード 2</p>
<p>Nation: ブラントゲート</p>",Cardboard Collectible,Vanguard Singles,"Vanguard, Vanguard Singles, Singles, DZ-BT, DZ-BT14",true,Title,Default Title,,,,,DZ-BT14/093,0.002,shopify,1,deny,manual,0.5,true,true,https://cf-vanguard.com/wordpress/wp-content/images/cardlist/DZ-BT14/dzbt14_093.png,1,false,kg,true,true,true,true,true,true,true,true,active
dz-bt14-094,DZ-BT14/094 Puffy Emanator [C],"<p><strong>Puffy Emanator</strong></p>
<p>Card Number: DZ-BT14/094</p>
<p>Rarity: C</p>
<p>Grade: グレード 1</p>
<p>Nation: ブラントゲート</p>",Cardboard Collectible,Vanguard Singles,"Vanguard, Vanguard Singles, Singles, DZ-BT, DZ-BT14",true,Title,Default Title,,,,,DZ-BT14/094,0.002,shopify,1,deny,manual,0.5,true,true,https://cf-vanguard.com/wordpress/wp-content/images/cardlist/DZ-BT14/dzbt14_094.png,1,false,kg,true,true,true,true,true,true,true,true,active
dz-bt14-095,DZ-BT14/095 Mobility Flagger [C],"<p><strong>Mobility Flagger</strong></p>
<p>Card Number: DZ-BT14/095</p>
<p>Rarity: C</p>
<p>Grade: グレード 1</p>
<p>Nation: ブラントゲート</p>",Cardboard Collectible,Vanguard Singles,"Vanguard, Vanguard Singles, Singles, DZ-BT, DZ-BT14",true,Title,Default Title,,,,,DZ-BT14/095,0.002,shopify,1,deny,manual,0.5,true,true,https://cf-vanguard.com/wordpress/wp-content/images/cardlist/DZ-BT14/dzbt14_095.png,1,false,kg,true,true,true,true,true,true,true,true,active
dz-bt14-096,"DZ-BT14/096 Librate Battalion, Augenblick Dragon [C]","<p><strong>Librate Battalion, Augenblick Dragon</strong></p>
<p>Card Number: DZ-BT14/096</p>
<p>Rarity: C</p>
<p>Grade: グレード 1</p>
<p>Nation: ブラントゲート</p>",Cardboard Collectible,Vanguard Singles,"Vanguard, Vanguard Singles, Singles, DZ-BT, DZ-BT14",true,Title,Default Title,,,,,DZ-BT14/096,0.002,shopify,1,deny,manual,0.5,true,true,https://cf-vanguard.com/wordpress/wp-content/images/cardlist/DZ-BT14/dzbt14_096.png,1,false,kg,true,true,true,true,true,true,true,true,active
dz-bt14-097,"DZ-BT14/097 Librate Battalion, Raketenwerfer Dragon [C]","<p><strong>Librate Battalion, Raketenwerfer Dragon</strong></p>
<p>Card Number: DZ-BT14/097</p>
<p>Rarity: C</p>
<p>Grade: グレード 1</p>
<p>Nation: ブラントゲート</p>",Cardboard Collectible,Vanguard Singles,"Vanguard, Vanguard Singles, Singles, DZ-BT, DZ-BT14",true,Title,Default Title,,,,,DZ-BT14/097,0.002,shopify,1,deny,manual,0.5,true,true,https://cf-vanguard.com/wordpress/wp-content/images/cardlist/DZ-BT14/dzbt14_097.png,1,false,kg,true,true,true,true,true,true,true,true,active
dz-bt14-098,"DZ-BT14/098 Librate Battalion, Gewehral Dragon [C]","<p><strong>Librate Battalion, Gewehral Dragon</strong></p>
<p>Card Number: DZ-BT14/098</p>
<p>Rarity: C</p>
<p>Grade: グレード 0</p>
<p>Nation: ブラントゲート</p>",Cardboard Collectible,Vanguard Singles,"Vanguard, Vanguard Singles, Singles, DZ-BT, DZ-BT14",true,Title,Default Title,,,,,DZ-BT14/098,0.002,shopify,1,deny,manual,0.5,true,true,https://cf-vanguard.com/wordpress/wp-content/images/cardlist/DZ-BT14/dzbt14_098.png,1,false,kg,true,true,true,true,true,true,true,true,active
dz-bt14-099,DZ-BT14/099 Satisfies Dragon [C],"<p><strong>Satisfies Dragon</strong></p>
<p>Card Number: DZ-BT14/099</p>
<p>Rarity: C</p>
<p>Grade: グレード 2</p>
<p>Nation: ケテルサンクチュアリ</p>",Cardboard Collectible,Vanguard Singles,"Vanguard, Vanguard Singles, Singles, DZ-BT, DZ-BT14",true,Title,Default Title,,,,,DZ-BT14/099,0.002,shopify,1,deny,manual,0.5,true,true,https://cf-vanguard.com/wordpress/wp-content/images/cardlist/DZ-BT14/dzbt14_099.png,1,false,kg,true,true,true,true,true,true,true,true,active
dz-bt14-100,"DZ-BT14/100 Bel-Fiore, Muvie [C]","<p><strong>Bel-Fiore, Muvie</strong></p>
<p>Card Number: DZ-BT14/100</p>
<p>Rarity: C</p>
<p>Grade: グレード 2</p>
<p>Nation: ケテルサンクチュアリ</p>",Cardboard Collectible,Vanguard Singles,"Vanguard, Vanguard Singles, Singles, DZ-BT, DZ-BT14",true,Title,Default Title,,,,,DZ-BT14/100,0.002,shopify,1,deny,manual,0.5,true,true,https://cf-vanguard.com/wordpress/wp-content/images/cardlist/DZ-BT14/dzbt14_100.png,1,false,kg,true,true,true,true,true,true,true,true,active
dz-bt14-101,DZ-BT14/101 Ill-omened Dragon [C],"<p><strong>Ill-omened Dragon</strong></p>
<p>Card Number: DZ-BT14/101</p>
<p>Rarity: C</p>
<p>Grade: グレード 1</p>
<p>Nation: ケテルサンクチュアリ</p>",Cardboard Collectible,Vanguard Singles,"Vanguard, Vanguard Singles, Singles, DZ-BT, DZ-BT14",true,Title,Default Title,,,,,DZ-BT14/101,0.002,shopify,1,deny,manual,0.5,true,true,https://cf-vanguard.com/wordpress/wp-content/images/cardlist/DZ-BT14/dzbt14_101.png,1,false,kg,true,true,true,true,true,true,true,true,active
dz-bt14-102,"DZ-BT14/102 Bel-Fiore, Shione [C]","<p><strong>Bel-Fiore, Shione</strong></p>
<p>Card Number: DZ-BT14/102</p>
<p>Rarity: C</p>
<p>Grade: グレード 1</p>
<p>Nation: ケテルサンクチュアリ</p>",Cardboard Collectible,Vanguard Singles,"Vanguard, Vanguard Singles, Singles, DZ-BT, DZ-BT14",true,Title,Default Title,,,,,DZ-BT14/102,0.002,shopify,0,deny,manual,0.5,true,true,https://cf-vanguard.com/wordpress/wp-content/images/cardlist/DZ-BT14/dzbt14_102.png,1,false,kg,true,true,true,true,true,true,true,true,active
dz-bt14-103,"DZ-BT14/103 Bel-Fiore, Chika [C]","<p><strong>Bel-Fiore, Chika</strong></p>
<p>Card Number: DZ-BT14/103</p>
<p>Rarity: C</p>
<p>Grade: グレード 1</p>
<p>Nation: ケテルサンクチュアリ</p>",Cardboard Collectible,Vanguard Singles,"Vanguard, Vanguard Singles, Singles, DZ-BT, DZ-BT14",true,Title,Default Title,,,,,DZ-BT14/103,0.002,shopify,1,deny,manual,0.5,true,true,https://cf-vanguard.com/wordpress/wp-content/images/cardlist/DZ-BT14/dzbt14_103.png,1,false,kg,true,true,true,true,true,true,true,true,active
dz-bt14-104,"DZ-BT14/104 Bel-Fiore, Noze [C]","<p><strong>Bel-Fiore, Noze</strong></p>
<p>Card Number: DZ-BT14/104</p>
<p>Rarity: C</p>
<p>Grade: グレード 1</p>
<p>Nation: ケテルサンクチュアリ</p>",Cardboard Collectible,Vanguard Singles,"Vanguard, Vanguard Singles, Singles, DZ-BT, DZ-BT14",true,Title,Default Title,,,,,DZ-BT14/104,0.002,shopify,1,deny,manual,0.5,true,true,https://cf-vanguard.com/wordpress/wp-content/images/cardlist/DZ-BT14/dzbt14_104.png,1,false,kg,true,true,true,true,true,true,true,true,active
dz-bt14-105,DZ-BT14/105 Merciful Serum Angel [C],"<p><strong>Merciful Serum Angel</strong></p>
<p>Card Number: DZ-BT14/105</p>
<p>Rarity: C</p>
<p>Grade: グレード 1</p>
<p>Nation: ケテルサンクチュアリ</p>",Cardboard Collectible,Vanguard Singles,"Vanguard, Vanguard Singles, Singles, DZ-BT, DZ-BT14",true,Title,Default Title,,,,,DZ-BT14/105,0.002,shopify,1,deny,manual,0.5,true,true,https://cf-vanguard.com/wordpress/wp-content/images/cardlist/DZ-BT14/dzbt14_105.png,1,false,kg,true,true,true,true,true,true,true,true,active
dz-bt14-106,DZ-BT14/106 Mofugaon [C],"<p><strong>Mofugaon</strong></p>
<p>Card Number: DZ-BT14/106</p>
<p>Rarity: C</p>
<p>Grade: グレード 1</p>
<p>Nation: ケテルサンクチュアリ</p>",Cardboard Collectible,Vanguard Singles,"Vanguard, Vanguard Singles, Singles, DZ-BT, DZ-BT14",true,Title,Default Title,,,,,DZ-BT14/106,0.002,shopify,1,deny,manual,0.5,true,true,https://cf-vanguard.com/wordpress/wp-content/images/cardlist/DZ-BT14/dzbt14_106.png,1,false,kg,true,true,true,true,true,true,true,true,active
dz-bt14-107,"DZ-BT14/107 Bel-Fiore, Proa [C]","<p><strong>Bel-Fiore, Proa</strong></p>
<p>Card Number: DZ-BT14/107</p>
<p>Rarity: C</p>
<p>Grade: グレード 0</p>
<p>Nation: ケテルサンクチュアリ</p>",Cardboard Collectible,Vanguard Singles,"Vanguard, Vanguard Singles, Singles, DZ-BT, DZ-BT14",true,Title,Default Title,,,,,DZ-BT14/107,0.002,shopify,1,deny,manual,0.5,true,true,https://cf-vanguard.com/wordpress/wp-content/images/cardlist/DZ-BT14/dzbt14_107.png,1,false,kg,true,true,true,true,true,true,true,true,active
dz-bt14-108,"DZ-BT14/108 Crushing Wave Dragon, Bentos Flipper Dragon [C]","<p><strong>Crushing Wave Dragon, Bentos Flipper Dragon</strong></p>
<p>Card Number: DZ-BT14/108</p>
<p>Rarity: C</p>
<p>Grade: グレード 3</p>
<p>Nation: ストイケイア</p>",Cardboard Collectible,Vanguard Singles,"Vanguard, Vanguard Singles, Singles, DZ-BT, DZ-BT14",true,Title,Default Title,,,,,DZ-BT14/108,0.002,shopify,1,deny,manual,0.5,true,true,https://cf-vanguard.com/wordpress/wp-content/images/cardlist/DZ-BT14/dzbt14_108.png,1,false,kg,true,true,true,true,true,true,true,true,active
dz-bt14-109,"DZ-BT14/109 Student of Pleasure, Ralphie [C]","<p><strong>Student of Pleasure, Ralphie</strong></p>
<p>Card Number: DZ-BT14/109</p>
<p>Rarity: C</p>
<p>Grade: グレード 3</p>
<p>Nation: ストイケイア</p>",Cardboard Collectible,Vanguard Singles,"Vanguard, Vanguard Singles, Singles, DZ-BT, DZ-BT14",true,Title,Default Title,,,,,DZ-BT14/109,0.002,shopify,1,deny,manual,0.5,true,true,https://cf-vanguard.com/wordpress/wp-content/images/cardlist/DZ-BT14/dzbt14_109.png,1,false,kg,true,true,true,true,true,true,true,true,active
dz-bt14-110,"DZ-BT14/110 Peerless Magick Caster, Zerith [C]","<p><strong>Peerless Magick Caster, Zerith</strong></p>
<p>Card Number: DZ-BT14/110</p>
<p>Rarity: C</p>
<p>Grade: グレード 2</p>
<p>Nation: ストイケイア</p>",Cardboard Collectible,Vanguard Singles,"Vanguard, Vanguard Singles, Singles, DZ-BT, DZ-BT14",true,Title,Default Title,,,,,DZ-BT14/110,0.002,shopify,1,deny,manual,0.5,true,true,https://cf-vanguard.com/wordpress/wp-content/images/cardlist/DZ-BT14/dzbt14_110.png,1,false,kg,true,true,true,true,true,true,true,true,active
dz-bt14-111,"DZ-BT14/111 Student of the Stream, Haruto [C]","<p><strong>Student of the Stream, Haruto</strong></p>
<p>Card Number: DZ-BT14/111</p>
<p>Rarity: C</p>
<p>Grade: グレード 1</p>
<p>Nation: ストイケイア</p>",Cardboard Collectible,Vanguard Singles,"Vanguard, Vanguard Singles, Singles, DZ-BT, DZ-BT14",true,Title,Default Title,,,,,DZ-BT14/111,0.002,shopify,1,deny,manual,0.5,true,true,https://cf-vanguard.com/wordpress/wp-content/images/cardlist/DZ-BT14/dzbt14_111.png,1,false,kg,true,true,true,true,true,true,true,true,active
dz-bt14-112,"DZ-BT14/112 Apprentice Magick Caster, Zerith [C]","<p><strong>Apprentice Magick Caster, Zerith</strong></p>
<p>Card Number: DZ-BT14/112</p>
<p>Rarity: C</p>
<p>Grade: グレード 1</p>
<p>Nation: ストイケイア</p>",Cardboard Collectible,Vanguard Singles,"Vanguard, Vanguard Singles, Singles, DZ-BT, DZ-BT14",true,Title,Default Title,,,,,DZ-BT14/112,0.002,shopify,1,deny,manual,0.5,true,true,https://cf-vanguard.com/wordpress/wp-content/images/cardlist/DZ-BT14/dzbt14_112.png,1,false,kg,true,true,true,true,true,true,true,true,active
dz-bt14-113,"DZ-BT14/113 Future Magick Caster, Zerith [C]","<p><strong>Future Magick Caster, Zerith</strong></p>
<p>Card Number: DZ-BT14/113</p>
<p>Rarity: C</p>
<p>Grade: グレード 0</p>
<p>Nation: ストイケイア</p>",Cardboard Collectible,Vanguard Singles,"Vanguard, Vanguard Singles, Singles, DZ-BT, DZ-BT14",true,Title,Default Title,,,,,DZ-BT14/113,0.002,shopify,1,deny,manual,0.5,true,true,https://cf-vanguard.com/wordpress/wp-content/images/cardlist/DZ-BT14/dzbt14_113.png,1,false,kg,true,true,true,true,true,true,true,true,active
dz-bt14-114,"DZ-BT14/114 Healing Magick, Aexlunus [C]","<p><strong>Healing Magick, Aexlunus</strong></p>
<p>Card Number: DZ-BT14/114</p>
<p>Rarity: C</p>
<p>Grade: グレード 3</p>
<p>Nation: ストイケイア</p>",Cardboard Collectible,Vanguard Singles,"Vanguard, Vanguard Singles, Singles, DZ-BT, DZ-BT14",true,Title,Default Title,,,,,DZ-BT14/114,0.002,shopify,1,deny,manual,0.5,true,true,https://cf-vanguard.com/wordpress/wp-content/images/cardlist/DZ-BT14/dzbt14_114.png,1,false,kg,true,true,true,true,true,true,true,true,active
dz-bt14-115,"DZ-BT14/115 Growth Magick, Voxtol [C]","<p><strong>Growth Magick, Voxtol</strong></p>
<p>Card Number: DZ-BT14/115</p>
<p>Rarity: C</p>
<p>Grade: グレード 2</p>
<p>Nation: ストイケイア</p>",Cardboard Collectible,Vanguard Singles,"Vanguard, Vanguard Singles, Singles, DZ-BT, DZ-BT14",true,Title,Default Title,,,,,DZ-BT14/115,0.002,shopify,1,deny,manual,0.5,true,true,https://cf-vanguard.com/wordpress/wp-content/images/cardlist/DZ-BT14/dzbt14_115.png,1,false,kg,true,true,true,true,true,true,true,true,active
dz-bt14-116,"DZ-BT14/116 Enhance Magick, Starylking [C]","<p><strong>Enhance Magick, Starylking</strong></p>
<p>Card Number: DZ-BT14/116</p>
<p>Rarity: C</p>
<p>Grade: グレード 1</p>
<p>Nation: ストイケイア</p>",Cardboard Collectible,Vanguard Singles,"Vanguard, Vanguard Singles, Singles, DZ-BT, DZ-BT14",true,Title,Default Title,,,,,DZ-BT14/116,0.002,shopify,1,deny,manual,0.5,true,true,https://cf-vanguard.com/wordpress/wp-content/images/cardlist/DZ-BT14/dzbt14_116.png,1,false,kg,true,true,true,true,true,true,true,true,active
dz-bt14-117,"DZ-BT14/117 X-CeeDaNCe, Mery Cracia [C]","<p><strong>X-CeeDaNCe, Mery Cracia</strong></p>
<p>Card Number: DZ-BT14/117</p>
<p>Rarity: C</p>
<p>Grade: グレード 3</p>
<p>Nation: リリカルモナステリオ</p>",Cardboard Collectible,Vanguard Singles,"Vanguard, Vanguard Singles, Singles, DZ-BT, DZ-BT14",true,Title,Default Title,,,,,DZ-BT14/117,0.002,shopify,1,deny,manual,0.5,true,true,https://cf-vanguard.com/wordpress/wp-content/images/cardlist/DZ-BT14/dzbt14_117.png,1,false,kg,true,true,true,true,true,true,true,true,active
dz-bt14-118,"DZ-BT14/118 After School Training, Abilita [C]","<p><strong>After School Training, Abilita</strong></p>
<p>Card Number: DZ-BT14/118</p>
<p>Rarity: C</p>
<p>Grade: グレード 3</p>
<p>Nation: リリカルモナステリオ</p>",Cardboard Collectible,Vanguard Singles,"Vanguard, Vanguard Singles, Singles, DZ-BT, DZ-BT14",true,Title,Default Title,,,,,DZ-BT14/118,0.002,shopify,1,deny,manual,0.5,true,true,https://cf-vanguard.com/wordpress/wp-content/images/cardlist/DZ-BT14/dzbt14_118.png,1,false,kg,true,true,true,true,true,true,true,true,active
dz-bt14-119,"DZ-BT14/119 X-CeeDaNCe, Dras Evolia [C]","<p><strong>X-CeeDaNCe, Dras Evolia</strong></p>
<p>Card Number: DZ-BT14/119</p>
<p>Rarity: C</p>
<p>Grade: グレード 2</p>
<p>Nation: リリカルモナステリオ</p>",Cardboard Collectible,Vanguard Singles,"Vanguard, Vanguard Singles, Singles, DZ-BT, DZ-BT14",true,Title,Default Title,,,,,DZ-BT14/119,0.002,shopify,1,deny,manual,0.5,true,true,https://cf-vanguard.com/wordpress/wp-content/images/cardlist/DZ-BT14/dzbt14_119.png,1,false,kg,true,true,true,true,true,true,true,true,active
dz-bt14-120,"DZ-BT14/120 Mixed Feelings, Willery [C]","<p><strong>Mixed Feelings, Willery</strong></p>
<p>Card Number: DZ-BT14/120</p>
<p>Rarity: C</p>
<p>Grade: グレード 2</p>
<p>Nation: リリカルモナステリオ</p>",Cardboard Collectible,Vanguard Singles,"Vanguard, Vanguard Singles, Singles, DZ-BT, DZ-BT14",true,Title,Default Title,,,,,DZ-BT14/120,0.002,shopify,1,deny,manual,0.5,true,true,https://cf-vanguard.com/wordpress/wp-content/images/cardlist/DZ-BT14/dzbt14_120.png,1,false,kg,true,true,true,true,true,true,true,true,active
dz-bt14-121,DZ-BT14/121 I'll Make it Look Sharp! Sariture [C],"<p><strong>I'll Make it Look Sharp! Sariture</strong></p>
<p>Card Number: DZ-BT14/121</p>
<p>Rarity: C</p>
<p>Grade: グレード 2</p>
<p>Nation: リリカルモナステリオ</p>",Cardboard Collectible,Vanguard Singles,"Vanguard, Vanguard Singles, Singles, DZ-BT, DZ-BT14",true,Title,Default Title,,,,,DZ-BT14/121,0.002,shopify,1,deny,manual,0.5,true,true,https://cf-vanguard.com/wordpress/wp-content/images/cardlist/DZ-BT14/dzbt14_121.png,1,false,kg,true,true,true,true,true,true,true,true,active
dz-bt14-122,"DZ-BT14/122 X-CeeDaNCe, Ino Progrette [C]","<p><strong>X-CeeDaNCe, Ino Progrette</strong></p>
<p>Card Number: DZ-BT14/122</p>
<p>Rarity: C</p>
<p>Grade: グレード 1</p>
<p>Nation: リリカルモナステリオ</p>",Cardboard Collectible,Vanguard Singles,"Vanguard, Vanguard Singles, Singles, DZ-BT, DZ-BT14",true,Title,Default Title,,,,,DZ-BT14/122,0.002,shopify,1,deny,manual,0.5,true,true,https://cf-vanguard.com/wordpress/wp-content/images/cardlist/DZ-BT14/dzbt14_122.png,1,false,kg,true,true,true,true,true,true,true,true,active
dz-bt14-123,"DZ-BT14/123 X-CeeDaNCe, Tran Dibe [C]","<p><strong>X-CeeDaNCe, Tran Dibe</strong></p>
<p>Card Number: DZ-BT14/123</p>
<p>Rarity: C</p>
<p>Grade: グレード 1</p>
<p>Nation: リリカルモナステリオ</p>",Cardboard Collectible,Vanguard Singles,"Vanguard, Vanguard Singles, Singles, DZ-BT, DZ-BT14",true,Title,Default Title,,,,,DZ-BT14/123,0.002,shopify,1,deny,manual,0.5,true,true,https://cf-vanguard.com/wordpress/wp-content/images/cardlist/DZ-BT14/dzbt14_123.png,1,false,kg,true,true,true,true,true,true,true,true,active
dz-bt14-124,"DZ-BT14/124 Relaxation Time Starts at Midnight, Pershte [C]","<p><strong>Relaxation Time Starts at Midnight, Pershte</strong></p>
<p>Card Number: DZ-BT14/124</p>
<p>Rarity: C</p>
<p>Grade: グレード 1</p>
<p>Nation: リリカルモナステリオ</p>",Cardboard Collectible,Vanguard Singles,"Vanguard, Vanguard Singles, Singles, DZ-BT, DZ-BT14",true,Title,Default Title,,,,,DZ-BT14/124,0.002,shopify,1,deny,manual,0.5,true,true,https://cf-vanguard.com/wordpress/wp-content/images/cardlist/DZ-BT14/dzbt14_124.png,1,false,kg,true,true,true,true,true,true,true,true,active
dz-bt14-125,"DZ-BT14/125 X-CeeDaNCe, Falstater [C]","<p><strong>X-CeeDaNCe, Falstater</strong></p>
<p>Card Number: DZ-BT14/125</p>
<p>Rarity: C</p>
<p>Grade: グレード 0</p>
<p>Nation: リリカルモナステリオ</p>",Cardboard Collectible,Vanguard Singles,"Vanguard, Vanguard Singles, Singles, DZ-BT, DZ-BT14",true,Title,Default Title,,,,,DZ-BT14/125,0.002,shopify,1,deny,manual,0.5,true,true,https://cf-vanguard.com/wordpress/wp-content/images/cardlist/DZ-BT14/dzbt14_125.png,1,false,kg,true,true,true,true,true,true,true,true,active
dz-bt14-dsr01,"DZ-BT14/DSR01 Great Magick Caster of Transitory, Zerith ""Fantôme"" [DSR]","<p><strong>Great Magick Caster of Transitory, Zerith ""Fantôme""</strong></p>
<p>Card Number: DZ-BT14/DSR01</p>
<p>Rarity: DSR</p>
<p>Grade: グレード 3</p>
<p>Nation: ストイケイア</p>",Cardboard Collectible,Vanguard Singles,"Vanguard, Vanguard Singles, Singles, DZ-BT, DZ-BT14",true,Title,Default Title,,,,,DZ-BT14/DSR01,0.002,shopify,0,deny,manual,361.8,true,true,https://cf-vanguard.com/wordpress/wp-content/images/cardlist/DZ-BT14/dzbt14_126.png,1,false,kg,true,true,true,true,true,true,true,true,active
dz-bt14-ex01,DZ-BT14/EX01 Kazuma Kiryu [EXRRR],"<p><strong>Kazuma Kiryu</strong></p>
<p>Card Number: DZ-BT14/EX01</p>
<p>Rarity: EXRRR</p>
<p>Grade: グレード 3</p>
<p>Nation: ドラゴンエンパイア</p>",Cardboard Collectible,Vanguard Singles,"Vanguard, Vanguard Singles, Singles, DZ-BT, DZ-BT14",true,Title,Default Title,,,,,DZ-BT14/EX01,0.002,shopify,1,deny,manual,2.9,true,true,https://cf-vanguard.com/wordpress/wp-content/images/cardlist/DZ-BT14/dzbt14_127.png,1,false,kg,true,true,true,true,true,true,true,true,active
dz-bt14-ex02,DZ-BT14/EX02 Akira Nishikiyama [EXRRR],"<p><strong>Akira Nishikiyama</strong></p>
<p>Card Number: DZ-BT14/EX02</p>
<p>Rarity: EXRRR</p>
<p>Grade: グレード 2</p>
<p>Nation: ドラゴンエンパイア</p>",Cardboard Collectible,Vanguard Singles,"Vanguard, Vanguard Singles, Singles, DZ-BT, DZ-BT14",true,Title,Default Title,,,,,DZ-BT14/EX02,0.002,shopify,1,deny,manual,0.7,true,true,https://cf-vanguard.com/wordpress/wp-content/images/cardlist/DZ-BT14/dzbt14_128.png,1,false,kg,true,true,true,true,true,true,true,true,active
dz-bt14-ex03,DZ-BT14/EX03 Makoto Date [EXRRR],"<p><strong>Makoto Date</strong></p>
<p>Card Number: DZ-BT14/EX03</p>
<p>Rarity: EXRRR</p>
<p>Grade: グレード 2</p>
<p>Nation: ドラゴンエンパイア</p>",Cardboard Collectible,Vanguard Singles,"Vanguard, Vanguard Singles, Singles, DZ-BT, DZ-BT14",true,Title,Default Title,,,,,DZ-BT14/EX03,0.002,shopify,1,deny,manual,0.7,true,true,https://cf-vanguard.com/wordpress/wp-content/images/cardlist/DZ-BT14/dzbt14_129.png,1,false,kg,true,true,true,true,true,true,true,true,active
dz-bt14-ex04,DZ-BT14/EX04 Goro Majima [EXRRR],"<p><strong>Goro Majima</strong></p>
<p>Card Number: DZ-BT14/EX04</p>
<p>Rarity: EXRRR</p>
<p>Grade: グレード 2</p>
<p>Nation: ドラゴンエンパイア</p>",Cardboard Collectible,Vanguard Singles,"Vanguard, Vanguard Singles, Singles, DZ-BT, DZ-BT14",true,Title,Default Title,,,,,DZ-BT14/EX04,0.002,shopify,1,deny,manual,2.9,true,true,https://cf-vanguard.com/wordpress/wp-content/images/cardlist/DZ-BT14/dzbt14_130.png,1,false,kg,true,true,true,true,true,true,true,true,active
dz-bt14-ex05,DZ-BT14/EX05 Kaoru Sayama [EXRRR],"<p><strong>Kaoru Sayama</strong></p>
<p>Card Number: DZ-BT14/EX05</p>
<p>Rarity: EXRRR</p>
<p>Grade: グレード 2</p>
<p>Nation: ドラゴンエンパイア</p>",Cardboard Collectible,Vanguard Singles,"Vanguard, Vanguard Singles, Singles, DZ-BT, DZ-BT14",true,Title,Default Title,,,,,DZ-BT14/EX05,0.002,shopify,1,deny,manual,0.7,true,true,https://cf-vanguard.com/wordpress/wp-content/images/cardlist/DZ-BT14/dzbt14_131.png,1,false,kg,true,true,true,true,true,true,true,true,active
dz-bt14-ex06,DZ-BT14/EX06 Ryuji Goda [EXRRR],"<p><strong>Ryuji Goda</strong></p>
<p>Card Number: DZ-BT14/EX06</p>
<p>Rarity: EXRRR</p>
<p>Grade: グレード 2</p>
<p>Nation: ドラゴンエンパイア</p>",Cardboard Collectible,Vanguard Singles,"Vanguard, Vanguard Singles, Singles, DZ-BT, DZ-BT14",true,Title,Default Title,,,,,DZ-BT14/EX06,0.002,shopify,1,deny,manual,0.7,true,true,https://cf-vanguard.com/wordpress/wp-content/images/cardlist/DZ-BT14/dzbt14_132.png,1,false,kg,true,true,true,true,true,true,true,true,active
dz-bt14-ex07,DZ-BT14/EX07 Yoshitaka Mine [EXRRR],"<p><strong>Yoshitaka Mine</strong></p>
<p>Card Number: DZ-BT14/EX07</p>
<p>Rarity: EXRRR</p>
<p>Grade: グレード 2</p>
<p>Nation: ドラゴンエンパイア</p>",Cardboard Collectible,Vanguard Singles,"Vanguard, Vanguard Singles, Singles, DZ-BT, DZ-BT14",true,Title,Default Title,,,,,DZ-BT14/EX07,0.002,shopify,1,deny,manual,2.0,true,true,https://cf-vanguard.com/wordpress/wp-content/images/cardlist/DZ-BT14/dzbt14_133.png,1,false,kg,true,true,true,true,true,true,true,true,active
dz-bt14-ex08,DZ-BT14/EX08 Daigo Dojima [EXRRR],"<p><strong>Daigo Dojima</strong></p>
<p>Card Number: DZ-BT14/EX08</p>
<p>Rarity: EXRRR</p>
<p>Grade: グレード 2</p>
<p>Nation: ドラゴンエンパイア</p>",Cardboard Collectible,Vanguard Singles,"Vanguard, Vanguard Singles, Singles, DZ-BT, DZ-BT14",true,Title,Default Title,,,,,DZ-BT14/EX08,0.002,shopify,1,deny,manual,1.1,true,true,https://cf-vanguard.com/wordpress/wp-content/images/cardlist/DZ-BT14/dzbt14_134.png,1,false,kg,true,true,true,true,true,true,true,true,active
dz-bt14-ex09,DZ-BT14/EX09 Shintaro Kazama [EXC],"<p><strong>Shintaro Kazama</strong></p>
<p>Card Number: DZ-BT14/EX09</p>
<p>Rarity: EXC</p>
<p>Grade: グレード 3</p>
<p>Nation: ドラゴンエンパイア</p>",Cardboard Collectible,Vanguard Singles,"Vanguard, Vanguard Singles, Singles, DZ-BT, DZ-BT14",true,Title,Default Title,,,,,DZ-BT14/EX09,0.002,shopify,1,deny,manual,0.5,true,true,https://cf-vanguard.com/wordpress/wp-content/images/cardlist/DZ-BT14/dzbt14_135.png,1,false,kg,true,true,true,true,true,true,true,true,active
dz-bt14-ex10,DZ-BT14/EX10 Reina [EXC],"<p><strong>Reina</strong></p>
<p>Card Number: DZ-BT14/EX10</p>
<p>Rarity: EXC</p>
<p>Grade: グレード 3</p>
<p>Nation: ドラゴンエンパイア</p>",Cardboard Collectible,Vanguard Singles,"Vanguard, Vanguard Singles, Singles, DZ-BT, DZ-BT14",true,Title,Default Title,,,,,DZ-BT14/EX10,0.002,shopify,1,deny,manual,0.5,true,true,https://cf-vanguard.com/wordpress/wp-content/images/cardlist/DZ-BT14/dzbt14_136.png,1,false,kg,true,true,true,true,true,true,true,true,active
dz-bt14-ex11,DZ-BT14/EX11 Jo Amon [EXC],"<p><strong>Jo Amon</strong></p>
<p>Card Number: DZ-BT14/EX11</p>
<p>Rarity: EXC</p>
<p>Grade: グレード 2</p>
<p>Nation: ドラゴンエンパイア</p>",Cardboard Collectible,Vanguard Singles,"Vanguard, Vanguard Singles, Singles, DZ-BT, DZ-BT14",true,Title,Default Title,,,,,DZ-BT14/EX11,0.002,shopify,1,deny,manual,0.5,true,true,https://cf-vanguard.com/wordpress/wp-content/images/cardlist/DZ-BT14/dzbt14_137.png,1,false,kg,true,true,true,true,true,true,true,true,active
dz-bt14-ex12,DZ-BT14/EX12 Kazuto Arase [EXC],"<p><strong>Kazuto Arase</strong></p>
<p>Card Number: DZ-BT14/EX12</p>
<p>Rarity: EXC</p>
<p>Grade: グレード 2</p>
<p>Nation: ドラゴンエンパイア</p>",Cardboard Collectible,Vanguard Singles,"Vanguard, Vanguard Singles, Singles, DZ-BT, DZ-BT14",true,Title,Default Title,,,,,DZ-BT14/EX12,0.002,shopify,1,deny,manual,0.5,true,true,https://cf-vanguard.com/wordpress/wp-content/images/cardlist/DZ-BT14/dzbt14_138.png,1,false,kg,true,true,true,true,true,true,true,true,active
dz-bt14-ex13,DZ-BT14/EX13 Kazuki [EXC],"<p><strong>Kazuki</strong></p>
<p>Card Number: DZ-BT14/EX13</p>
<p>Rarity: EXC</p>
<p>Grade: グレード 2</p>
<p>Nation: ドラゴンエンパイア</p>",Cardboard Collectible,Vanguard Singles,"Vanguard, Vanguard Singles, Singles, DZ-BT, DZ-BT14",true,Title,Default Title,,,,,DZ-BT14/EX13,0.002,shopify,1,deny,manual,0.5,true,true,https://cf-vanguard.com/wordpress/wp-content/images/cardlist/DZ-BT14/dzbt14_139.png,1,false,kg,true,true,true,true,true,true,true,true,active
dz-bt14-ex14,DZ-BT14/EX14 Lau Ka Long [EXC],"<p><strong>Lau Ka Long</strong></p>
<p>Card Number: DZ-BT14/EX14</p>
<p>Rarity: EXC</p>
<p>Grade: グレード 2</p>
<p>Nation: ドラゴンエンパイア</p>",Cardboard Collectible,Vanguard Singles,"Vanguard, Vanguard Singles, Singles, DZ-BT, DZ-BT14",true,Title,Default Title,,,,,DZ-BT14/EX14,0.002,shopify,1,deny,manual,0.5,true,true,https://cf-vanguard.com/wordpress/wp-content/images/cardlist/DZ-BT14/dzbt14_140.png,1,false,kg,true,true,true,true,true,true,true,true,active
dz-bt14-ex15,"DZ-BT14/EX15 Morning Glory Orphanage's Eldest Daughter, Haruka Sawamura [EXC]","<p><strong>Morning Glory Orphanage's Eldest Daughter, Haruka Sawamura</strong></p>
<p>Card Number: DZ-BT14/EX15</p>
<p>Rarity: EXC</p>
<p>Grade: グレード 2</p>
<p>Nation: ドラゴンエンパイア</p>",Cardboard Collectible,Vanguard Singles,"Vanguard, Vanguard Singles, Singles, DZ-BT, DZ-BT14",true,Title,Default Title,,,,,DZ-BT14/EX15,0.002,shopify,1,deny,manual,0.5,true,true,https://cf-vanguard.com/wordpress/wp-content/images/cardlist/DZ-BT14/dzbt14_141.png,1,false,kg,true,true,true,true,true,true,true,true,active
dz-bt14-ex16,DZ-BT14/EX16 Osamu Kashiwagi [EXC],"<p><strong>Osamu Kashiwagi</strong></p>
<p>Card Number: DZ-BT14/EX16</p>
<p>Rarity: EXC</p>
<p>Grade: グレード 1</p>
<p>Nation: ドラゴンエンパイア</p>",Cardboard Collectible,Vanguard Singles,"Vanguard, Vanguard Singles, Singles, DZ-BT, DZ-BT14",true,Title,Default Title,,,,,DZ-BT14/EX16,0.002,shopify,1,deny,manual,0.5,true,true,https://cf-vanguard.com/wordpress/wp-content/images/cardlist/DZ-BT14/dzbt14_142.png,1,false,kg,true,true,true,true,true,true,true,true,active
dz-bt14-ex17,DZ-BT14/EX17 Gary Buster Holmes [EXC],"<p><strong>Gary Buster Holmes</strong></p>
<p>Card Number: DZ-BT14/EX17</p>
<p>Rarity: EXC</p>
<p>Grade: グレード 1</p>
<p>Nation: ドラゴンエンパイア</p>",Cardboard Collectible,Vanguard Singles,"Vanguard, Vanguard Singles, Singles, DZ-BT, DZ-BT14",true,Title,Default Title,,,,,DZ-BT14/EX17,0.002,shopify,1,deny,manual,0.5,true,true,https://cf-vanguard.com/wordpress/wp-content/images/cardlist/DZ-BT14/dzbt14_143.png,1,false,kg,true,true,true,true,true,true,true,true,active
dz-bt14-ex18,DZ-BT14/EX18 Sotaro Komaki [EXC],"<p><strong>Sotaro Komaki</strong></p>
<p>Card Number: DZ-BT14/EX18</p>
<p>Rarity: EXC</p>
<p>Grade: グレード 1</p>
<p>Nation: ドラゴンエンパイア</p>",Cardboard Collectible,Vanguard Singles,"Vanguard, Vanguard Singles, Singles, DZ-BT, DZ-BT14",true,Title,Default Title,,,,,DZ-BT14/EX18,0.002,shopify,1,deny,manual,0.5,true,true,https://cf-vanguard.com/wordpress/wp-content/images/cardlist/DZ-BT14/dzbt14_144.png,1,false,kg,true,true,true,true,true,true,true,true,active
dz-bt14-ex19,DZ-BT14/EX19 The Florist of Sai [EXC],"<p><strong>The Florist of Sai</strong></p>
<p>Card Number: DZ-BT14/EX19</p>
<p>Rarity: EXC</p>
<p>Grade: グレード 1</p>
<p>Nation: ドラゴンエンパイア</p>",Cardboard Collectible,Vanguard Singles,"Vanguard, Vanguard Singles, Singles, DZ-BT, DZ-BT14",true,Title,Default Title,,,,,DZ-BT14/EX19,0.002,shopify,1,deny,manual,0.5,true,true,https://cf-vanguard.com/wordpress/wp-content/images/cardlist/DZ-BT14/dzbt14_145.png,1,false,kg,true,true,true,true,true,true,true,true,active
dz-bt14-ex20,DZ-BT14/EX20 Junichi Sudo [EXC],"<p><strong>Junichi Sudo</strong></p>
<p>Card Number: DZ-BT14/EX20</p>
<p>Rarity: EXC</p>
<p>Grade: グレード 1</p>
<p>Nation: ドラゴンエンパイア</p>",Cardboard Collectible,Vanguard Singles,"Vanguard, Vanguard Singles, Singles, DZ-BT, DZ-BT14",true,Title,Default Title,,,,,DZ-BT14/EX20,0.002,shopify,1,deny,manual,0.5,true,true,https://cf-vanguard.com/wordpress/wp-content/images/cardlist/DZ-BT14/dzbt14_146.png,1,false,kg,true,true,true,true,true,true,true,true,active
dz-bt14-ex21,DZ-BT14/EX21 Shinji Tanaka [EXC],"<p><strong>Shinji Tanaka</strong></p>
<p>Card Number: DZ-BT14/EX21</p>
<p>Rarity: EXC</p>
<p>Grade: グレード 1</p>
<p>Nation: ドラゴンエンパイア</p>",Cardboard Collectible,Vanguard Singles,"Vanguard, Vanguard Singles, Singles, DZ-BT, DZ-BT14",true,Title,Default Title,,,,,DZ-BT14/EX21,0.002,shopify,0,deny,manual,1.1,true,true,https://cf-vanguard.com/wordpress/wp-content/images/cardlist/DZ-BT14/dzbt14_147.png,1,false,kg,true,true,true,true,true,true,true,true,active
dz-bt14-ex22,DZ-BT14/EX22 Pocket Circuit Fighter [EXC],"<p><strong>Pocket Circuit Fighter</strong></p>
<p>Card Number: DZ-BT14/EX22</p>
<p>Rarity: EXC</p>
<p>Grade: グレード 1</p>
<p>Nation: ドラゴンエンパイア</p>",Cardboard Collectible,Vanguard Singles,"Vanguard, Vanguard Singles, Singles, DZ-BT, DZ-BT14",true,Title,Default Title,,,,,DZ-BT14/EX22,0.002,shopify,1,deny,manual,0.5,true,true,https://cf-vanguard.com/wordpress/wp-content/images/cardlist/DZ-BT14/dzbt14_148.png,1,false,kg,true,true,true,true,true,true,true,true,active
dz-bt14-ex23,DZ-BT14/EX23 松重 [EXC],"<p><strong>松重</strong></p>
<p>Card Number: DZ-BT14/EX23</p>
<p>Rarity: EXC</p>
<p>Grade: グレード 1</p>
<p>Nation: ドラゴンエンパイア</p>",Cardboard Collectible,Vanguard Singles,"Vanguard, Vanguard Singles, Singles, DZ-BT, DZ-BT14",true,Title,Default Title,,,,,DZ-BT14/EX23,0.002,shopify,1,deny,manual,0.5,true,true,https://cf-vanguard.com/wordpress/wp-content/images/cardlist/DZ-BT14/dzbt14_149.png,1,false,kg,true,true,true,true,true,true,true,true,active
dz-bt14-ex24,DZ-BT14/EX24 Yuya [EXC],"<p><strong>Yuya</strong></p>
<p>Card Number: DZ-BT14/EX24</p>
<p>Rarity: EXC</p>
<p>Grade: グレード 1</p>
<p>Nation: ドラゴンエンパイア</p>",Cardboard Collectible,Vanguard Singles,"Vanguard, Vanguard Singles, Singles, DZ-BT, DZ-BT14",true,Title,Default Title,,,,,DZ-BT14/EX24,0.002,shopify,1,deny,manual,1.1,true,true,https://cf-vanguard.com/wordpress/wp-content/images/cardlist/DZ-BT14/dzbt14_150.png,1,false,kg,true,true,true,true,true,true,true,true,active
dz-bt14-ex25,DZ-BT14/EX25 Yumi Sawamura [EXC],"<p><strong>Yumi Sawamura</strong></p>
<p>Card Number: DZ-BT14/EX25</p>
<p>Rarity: EXC</p>
<p>Grade: グレード 1</p>
<p>Nation: ドラゴンエンパイア</p>",Cardboard Collectible,Vanguard Singles,"Vanguard, Vanguard Singles, Singles, DZ-BT, DZ-BT14",true,Title,Default Title,,,,,DZ-BT14/EX25,0.002,shopify,1,deny,manual,0.5,true,true,https://cf-vanguard.com/wordpress/wp-content/images/cardlist/DZ-BT14/dzbt14_151.png,1,false,kg,true,true,true,true,true,true,true,true,active
dz-bt14-ex26,DZ-BT14/EX26 Susumu Gondawara [EXC],"<p><strong>Susumu Gondawara</strong></p>
<p>Card Number: DZ-BT14/EX26</p>
<p>Rarity: EXC</p>
<p>Grade: グレード 3</p>
<p>Nation: ドラゴンエンパイア</p>",Cardboard Collectible,Vanguard Singles,"Vanguard, Vanguard Singles, Singles, DZ-BT, DZ-BT14",true,Title,Default Title,,,,,DZ-BT14/EX26,0.002,shopify,1,deny,manual,0.5,true,true,https://cf-vanguard.com/wordpress/wp-content/images/cardlist/DZ-BT14/dzbt14_152.png,1,false,kg,true,true,true,true,true,true,true,true,active
dz-bt14-ex27,DZ-BT14/EX27 Jin Goda [EXC],"<p><strong>Jin Goda</strong></p>
<p>Card Number: DZ-BT14/EX27</p>
<p>Rarity: EXC</p>
<p>Grade: グレード 3</p>
<p>Nation: ドラゴンエンパイア</p>",Cardboard Collectible,Vanguard Singles,"Vanguard, Vanguard Singles, Singles, DZ-BT, DZ-BT14",true,Title,Default Title,,,,,DZ-BT14/EX27,0.002,shopify,1,deny,manual,0.5,true,true,https://cf-vanguard.com/wordpress/wp-content/images/cardlist/DZ-BT14/dzbt14_153.png,1,false,kg,true,true,true,true,true,true,true,true,active
dz-bt14-ex28,DZ-BT14/EX28 Yukio Terada [EXC],"<p><strong>Yukio Terada</strong></p>
<p>Card Number: DZ-BT14/EX28</p>
<p>Rarity: EXC</p>
<p>Grade: グレード 2</p>
<p>Nation: ドラゴンエンパイア</p>",Cardboard Collectible,Vanguard Singles,"Vanguard, Vanguard Singles, Singles, DZ-BT, DZ-BT14",true,Title,Default Title,,,,,DZ-BT14/EX28,0.002,shopify,1,deny,manual,0.5,true,true,https://cf-vanguard.com/wordpress/wp-content/images/cardlist/DZ-BT14/dzbt14_154.png,1,false,kg,true,true,true,true,true,true,true,true,active
dz-bt14-ex29,DZ-BT14/EX29 Yayoi Dojima [EXC],"<p><strong>Yayoi Dojima</strong></p>
<p>Card Number: DZ-BT14/EX29</p>
<p>Rarity: EXC</p>
<p>Grade: グレード 2</p>
<p>Nation: ドラゴンエンパイア</p>",Cardboard Collectible,Vanguard Singles,"Vanguard, Vanguard Singles, Singles, DZ-BT, DZ-BT14",true,Title,Default Title,,,,,DZ-BT14/EX29,0.002,shopify,1,deny,manual,0.5,true,true,https://cf-vanguard.com/wordpress/wp-content/images/cardlist/DZ-BT14/dzbt14_155.png,1,false,kg,true,true,true,true,true,true,true,true,active
dz-bt14-ex30,DZ-BT14/EX30 Il Yu-Jin [EXC],"<p><strong>Il Yu-Jin</strong></p>
<p>Card Number: DZ-BT14/EX30</p>
<p>Rarity: EXC</p>
<p>Grade: グレード 1</p>
<p>Nation: ドラゴンエンパイア</p>",Cardboard Collectible,Vanguard Singles,"Vanguard, Vanguard Singles, Singles, DZ-BT, DZ-BT14",true,Title,Default Title,,,,,DZ-BT14/EX30,0.002,shopify,1,deny,manual,0.5,true,true,https://cf-vanguard.com/wordpress/wp-content/images/cardlist/DZ-BT14/dzbt14_156.png,1,false,kg,true,true,true,true,true,true,true,true,active
dz-bt14-ex31,DZ-BT14/EX31 Tamiyo Sayama [EXC],"<p><strong>Tamiyo Sayama</strong></p>
<p>Card Number: DZ-BT14/EX31</p>
<p>Rarity: EXC</p>
<p>Grade: グレード 1</p>
<p>Nation: ドラゴンエンパイア</p>",Cardboard Collectible,Vanguard Singles,"Vanguard, Vanguard Singles, Singles, DZ-BT, DZ-BT14",true,Title,Default Title,,,,,DZ-BT14/EX31,0.002,shopify,1,deny,manual,0.5,true,true,https://cf-vanguard.com/wordpress/wp-content/images/cardlist/DZ-BT14/dzbt14_157.png,1,false,kg,true,true,true,true,true,true,true,true,active
dz-bt14-ex32,"DZ-BT14/EX32 Morning Glory Orphanage's Eldest Daughter, Haruka Sawamura [EXC]","<p><strong>Morning Glory Orphanage's Eldest Daughter, Haruka Sawamura</strong></p>
<p>Card Number: DZ-BT14/EX32</p>
<p>Rarity: EXC</p>
<p>Grade: グレード 3</p>
<p>Nation: ドラゴンエンパイア</p>",Cardboard Collectible,Vanguard Singles,"Vanguard, Vanguard Singles, Singles, DZ-BT, DZ-BT14",true,Title,Default Title,,,,,DZ-BT14/EX32,0.002,shopify,1,deny,manual,0.5,true,true,https://cf-vanguard.com/wordpress/wp-content/images/cardlist/DZ-BT14/dzbt14_158.png,1,false,kg,true,true,true,true,true,true,true,true,active
dz-bt14-ex33,DZ-BT14/EX33 Tsuyoshi Kanda [EXC],"<p><strong>Tsuyoshi Kanda</strong></p>
<p>Card Number: DZ-BT14/EX33</p>
<p>Rarity: EXC</p>
<p>Grade: グレード 2</p>
<p>Nation: ドラゴンエンパイア</p>",Cardboard Collectible,Vanguard Singles,"Vanguard, Vanguard Singles, Singles, DZ-BT, DZ-BT14",true,Title,Default Title,,,,,DZ-BT14/EX33,0.002,shopify,0,deny,manual,1.1,true,true,https://cf-vanguard.com/wordpress/wp-content/images/cardlist/DZ-BT14/dzbt14_159.png,1,false,kg,true,true,true,true,true,true,true,true,active
dz-bt14-ex34,DZ-BT14/EX34 Miya-san [EXC],"<p><strong>Miya-san</strong></p>
<p>Card Number: DZ-BT14/EX34</p>
<p>Rarity: EXC</p>
<p>Grade: グレード 1</p>
<p>Nation: ドラゴンエンパイア</p>",Cardboard Collectible,Vanguard Singles,"Vanguard, Vanguard Singles, Singles, DZ-BT, DZ-BT14",true,Title,Default Title,,,,,DZ-BT14/EX34,0.002,shopify,1,deny,manual,0.5,true,true,https://cf-vanguard.com/wordpress/wp-content/images/cardlist/DZ-BT14/dzbt14_160.png,1,false,kg,true,true,true,true,true,true,true,true,active
dz-bt14-ex35,DZ-BT14/EX35 アサガオ：大切な場所 [EXC],"<p><strong>アサガオ：大切な場所</strong></p>
<p>Card Number: DZ-BT14/EX35</p>
<p>Rarity: EXC</p>
<p>Grade: グレード 1</p>
<p>Nation: ドラゴンエンパイア</p>",Cardboard Collectible,Vanguard Singles,"Vanguard, Vanguard Singles, Singles, DZ-BT, DZ-BT14",true,Title,Default Title,,,,,DZ-BT14/EX35,0.002,shopify,1,deny,manual,0.5,true,true,https://cf-vanguard.com/wordpress/wp-content/images/cardlist/DZ-BT14/dzbt14_161.png,1,false,kg,true,true,true,true,true,true,true,true,active
dz-bt14-ex36,DZ-BT14/EX36 Komaki Style: Unarmed Parry [EXC],"<p><strong>Komaki Style: Unarmed Parry</strong></p>
<p>Card Number: DZ-BT14/EX36</p>
<p>Rarity: EXC</p>
<p>Grade: グレード 1</p>
<p>Nation: ドラゴンエンパイア</p>",Cardboard Collectible,Vanguard Singles,"Vanguard, Vanguard Singles, Singles, DZ-BT, DZ-BT14",true,Title,Default Title,,,,,DZ-BT14/EX36,0.002,shopify,1,deny,manual,2.0,true,true,https://cf-vanguard.com/wordpress/wp-content/images/cardlist/DZ-BT14/dzbt14_162.png,1,false,kg,true,true,true,true,true,true,true,true,active
dz-bt14-ex37,"DZ-BT14/EX37 Dragon of Dojima, Kazuma Kiryu [EXC]","<p><strong>Dragon of Dojima, Kazuma Kiryu</strong></p>
<p>Card Number: DZ-BT14/EX37</p>
<p>Rarity: EXC</p>
<p>Grade: グレード 0</p>
<p>Nation: ドラゴンエンパイア</p>",Cardboard Collectible,Vanguard Singles,"Vanguard, Vanguard Singles, Singles, DZ-BT, DZ-BT14",true,Title,Default Title,,,,,DZ-BT14/EX37,0.002,shopify,1,deny,manual,0.5,true,true,https://cf-vanguard.com/wordpress/wp-content/images/cardlist/DZ-BT14/dzbt14_163.png,1,false,kg,true,true,true,true,true,true,true,true,active
dz-bt14-ex38,DZ-BT14/EX38 Dragon of Dojima Style: Unrivaled Strength [EXC],"<p><strong>Dragon of Dojima Style: Unrivaled Strength</strong></p>
<p>Card Number: DZ-BT14/EX38</p>
<p>Rarity: EXC</p>
<p>Grade: グレード 0</p>
<p>Nation: ドラゴンエンパイア</p>",Cardboard Collectible,Vanguard Singles,"Vanguard, Vanguard Singles, Singles, DZ-BT, DZ-BT14",true,Title,Default Title,,,,,DZ-BT14/EX38,0.002,shopify,1,deny,manual,0.5,true,true,https://cf-vanguard.com/wordpress/wp-content/images/cardlist/DZ-BT14/dzbt14_164.png,1,false,kg,true,true,true,true,true,true,true,true,active
dz-bt14-ex39,DZ-BT14/EX39 Brawler Style: Suppression of Might [EXC],"<p><strong>Brawler Style: Suppression of Might</strong></p>
<p>Card Number: DZ-BT14/EX39</p>
<p>Rarity: EXC</p>
<p>Grade: グレード 0</p>
<p>Nation: ドラゴンエンパイア</p>",Cardboard Collectible,Vanguard Singles,"Vanguard, Vanguard Singles, Singles, DZ-BT, DZ-BT14",true,Title,Default Title,,,,,DZ-BT14/EX39,0.002,shopify,1,deny,manual,2.0,true,true,https://cf-vanguard.com/wordpress/wp-content/images/cardlist/DZ-BT14/dzbt14_165.png,1,false,kg,true,true,true,true,true,true,true,true,active
dz-bt14-ex40,DZ-BT14/EX40 Rush Style: Elegant Footwork [EXC],"<p><strong>Rush Style: Elegant Footwork</strong></p>
<p>Card Number: DZ-BT14/EX40</p>
<p>Rarity: EXC</p>
<p>Grade: グレード 0</p>
<p>Nation: ドラゴンエンパイア</p>",Cardboard Collectible,Vanguard Singles,"Vanguard, Vanguard Singles, Singles, DZ-BT, DZ-BT14",true,Title,Default Title,,,,,DZ-BT14/EX40,0.002,shopify,1,deny,manual,2.0,true,true,https://cf-vanguard.com/wordpress/wp-content/images/cardlist/DZ-BT14/dzbt14_166.png,1,false,kg,true,true,true,true,true,true,true,true,active
dz-bt14-ex41,DZ-BT14/EX41 Bob Utsunomiya [EXC],"<p><strong>Bob Utsunomiya</strong></p>
<p>Card Number: DZ-BT14/EX41</p>
<p>Rarity: EXC</p>
<p>Grade: グレード 0</p>
<p>Nation: ドラゴンエンパイア</p>",Cardboard Collectible,Vanguard Singles,"Vanguard, Vanguard Singles, Singles, DZ-BT, DZ-BT14",true,Title,Default Title,,,,,DZ-BT14/EX41,0.002,shopify,1,deny,manual,0.5,true,true,https://cf-vanguard.com/wordpress/wp-content/images/cardlist/DZ-BT14/dzbt14_167.png,1,false,kg,true,true,true,true,true,true,true,true,active
dz-bt14-ex42,DZ-BT14/EX42 Thug Style: Resolute Counter [EXC],"<p><strong>Thug Style: Resolute Counter</strong></p>
<p>Card Number: DZ-BT14/EX42</p>
<p>Rarity: EXC</p>
<p>Grade: グレード 0</p>
<p>Nation: ドラゴンエンパイア</p>",Cardboard Collectible,Vanguard Singles,"Vanguard, Vanguard Singles, Singles, DZ-BT, DZ-BT14",true,Title,Default Title,,,,,DZ-BT14/EX42,0.002,shopify,1,deny,manual,0.5,true,true,https://cf-vanguard.com/wordpress/wp-content/images/cardlist/DZ-BT14/dzbt14_168.png,1,false,kg,true,true,true,true,true,true,true,true,active
dz-bt14-ex43,DZ-BT14/EX43 Kamurocho Gourmet [EXC],"<p><strong>Kamurocho Gourmet</strong></p>
<p>Card Number: DZ-BT14/EX43</p>
<p>Rarity: EXC</p>
<p>Grade: グレード 0</p>
<p>Nation: ドラゴンエンパイア</p>",Cardboard Collectible,Vanguard Singles,"Vanguard, Vanguard Singles, Singles, DZ-BT, DZ-BT14",true,Title,Default Title,,,,,DZ-BT14/EX43,0.002,shopify,1,deny,manual,1.1,true,true,https://cf-vanguard.com/wordpress/wp-content/images/cardlist/DZ-BT14/dzbt14_169.png,1,false,kg,true,true,true,true,true,true,true,true,active
dz-bt14-exs01,DZ-BT14/EXS01 Kazuma Kiryu [EXS],"<p><strong>Kazuma Kiryu</strong></p>
<p>Card Number: DZ-BT14/EXS01</p>
<p>Rarity: EXS</p>
<p>Grade: グレード 3</p>
<p>Nation: ドラゴンエンパイア</p>",Cardboard Collectible,Vanguard Singles,"Vanguard, Vanguard Singles, Singles, DZ-BT, DZ-BT14",true,Title,Default Title,,,,,DZ-BT14/EXS01,0.002,shopify,1,deny,manual,134.5,true,true,https://cf-vanguard.com/wordpress/wp-content/images/cardlist/DZ-BT14/dzbt14_170.png,1,false,kg,true,true,true,true,true,true,true,true,active
dz-bt14-exs02,DZ-BT14/EXS02 Akira Nishikiyama [EXS],"<p><strong>Akira Nishikiyama</strong></p>
<p>Card Number: DZ-BT14/EXS02</p>
<p>Rarity: EXS</p>
<p>Grade: グレード 2</p>
<p>Nation: ドラゴンエンパイア</p>",Cardboard Collectible,Vanguard Singles,"Vanguard, Vanguard Singles, Singles, DZ-BT, DZ-BT14",true,Title,Default Title,,,,,DZ-BT14/EXS02,0.002,shopify,1,deny,manual,27.1,true,true,https://cf-vanguard.com/wordpress/wp-content/images/cardlist/DZ-BT14/dzbt14_171.png,1,false,kg,true,true,true,true,true,true,true,true,active
dz-bt14-exs03,DZ-BT14/EXS03 Makoto Date [EXS],"<p><strong>Makoto Date</strong></p>
<p>Card Number: DZ-BT14/EXS03</p>
<p>Rarity: EXS</p>
<p>Grade: グレード 2</p>
<p>Nation: ドラゴンエンパイア</p>",Cardboard Collectible,Vanguard Singles,"Vanguard, Vanguard Singles, Singles, DZ-BT, DZ-BT14",true,Title,Default Title,,,,,DZ-BT14/EXS03,0.002,shopify,1,deny,manual,8.9,true,true,https://cf-vanguard.com/wordpress/wp-content/images/cardlist/DZ-BT14/dzbt14_172.png,1,false,kg,true,true,true,true,true,true,true,true,active
dz-bt14-exs04,DZ-BT14/EXS04 Goro Majima [EXS],"<p><strong>Goro Majima</strong></p>
<p>Card Number: DZ-BT14/EXS04</p>
<p>Rarity: EXS</p>
<p>Grade: グレード 2</p>
<p>Nation: ドラゴンエンパイア</p>",Cardboard Collectible,Vanguard Singles,"Vanguard, Vanguard Singles, Singles, DZ-BT, DZ-BT14",true,Title,Default Title,,,,,DZ-BT14/EXS04,0.002,shopify,1,deny,manual,90.7,true,true,https://cf-vanguard.com/wordpress/wp-content/images/cardlist/DZ-BT14/dzbt14_173.png,1,false,kg,true,true,true,true,true,true,true,true,active
dz-bt14-exs05,DZ-BT14/EXS05 Kaoru Sayama [EXS],"<p><strong>Kaoru Sayama</strong></p>
<p>Card Number: DZ-BT14/EXS05</p>
<p>Rarity: EXS</p>
<p>Grade: グレード 2</p>
<p>Nation: ドラゴンエンパイア</p>",Cardboard Collectible,Vanguard Singles,"Vanguard, Vanguard Singles, Singles, DZ-BT, DZ-BT14",true,Title,Default Title,,,,,DZ-BT14/EXS05,0.002,shopify,1,deny,manual,8.9,true,true,https://cf-vanguard.com/wordpress/wp-content/images/cardlist/DZ-BT14/dzbt14_174.png,1,false,kg,true,true,true,true,true,true,true,true,active
dz-bt14-exs06,DZ-BT14/EXS06 Ryuji Goda [EXS],"<p><strong>Ryuji Goda</strong></p>
<p>Card Number: DZ-BT14/EXS06</p>
<p>Rarity: EXS</p>
<p>Grade: グレード 2</p>
<p>Nation: ドラゴンエンパイア</p>",Cardboard Collectible,Vanguard Singles,"Vanguard, Vanguard Singles, Singles, DZ-BT, DZ-BT14",true,Title,Default Title,,,,,DZ-BT14/EXS06,0.002,shopify,0,deny,manual,13.5,true,true,https://cf-vanguard.com/wordpress/wp-content/images/cardlist/DZ-BT14/dzbt14_175.png,1,false,kg,true,true,true,true,true,true,true,true,active
dz-bt14-exs07,DZ-BT14/EXS07 Yoshitaka Mine [EXS],"<p><strong>Yoshitaka Mine</strong></p>
<p>Card Number: DZ-BT14/EXS07</p>
<p>Rarity: EXS</p>
<p>Grade: グレード 2</p>
<p>Nation: ドラゴンエンパイア</p>",Cardboard Collectible,Vanguard Singles,"Vanguard, Vanguard Singles, Singles, DZ-BT, DZ-BT14",true,Title,Default Title,,,,,DZ-BT14/EXS07,0.002,shopify,0,deny,manual,36.2,true,true,https://cf-vanguard.com/wordpress/wp-content/images/cardlist/DZ-BT14/dzbt14_176.png,1,false,kg,true,true,true,true,true,true,true,true,active
dz-bt14-exs08,DZ-BT14/EXS08 Daigo Dojima [EXS],"<p><strong>Daigo Dojima</strong></p>
<p>Card Number: DZ-BT14/EXS08</p>
<p>Rarity: EXS</p>
<p>Grade: グレード 2</p>
<p>Nation: ドラゴンエンパイア</p>",Cardboard Collectible,Vanguard Singles,"Vanguard, Vanguard Singles, Singles, DZ-BT, DZ-BT14",true,Title,Default Title,,,,,DZ-BT14/EXS08,0.002,shopify,1,deny,manual,27.1,true,true,https://cf-vanguard.com/wordpress/wp-content/images/cardlist/DZ-BT14/dzbt14_177.png,1,false,kg,true,true,true,true,true,true,true,true,active
dz-bt14-ffr01,"DZ-BT14/FFR01 Youthberk ""Drægforce Arms: Fantôme"" [FFR]","<p><strong>Youthberk ""Drægforce Arms: Fantôme""</strong></p>
<p>Card Number: DZ-BT14/FFR01</p>
<p>Rarity: FFR</p>
<p>Grade: グレード 3</p>
<p>Nation: ドラゴンエンパイア</p>",Cardboard Collectible,Vanguard Singles,"Vanguard, Vanguard Singles, Singles, DZ-BT, DZ-BT14",true,Title,Default Title,,,,,DZ-BT14/FFR01,0.002,shopify,1,deny,manual,54.4,true,true,https://cf-vanguard.com/wordpress/wp-content/images/cardlist/DZ-BT14/dzbt14_178.png,1,false,kg,true,true,true,true,true,true,true,true,active
dz-bt14-ffr02,"DZ-BT14/FFR02 Youthberk ""DrægForm: Dynast"" [FFR]","<p><strong>Youthberk ""DrægForm: Dynast""</strong></p>
<p>Card Number: DZ-BT14/FFR02</p>
<p>Rarity: FFR</p>
<p>Grade: グレード 3</p>
<p>Nation: ドラゴンエンパイア</p>",Cardboard Collectible,Vanguard Singles,"Vanguard, Vanguard Singles, Singles, DZ-BT, DZ-BT14",true,Title,Default Title,,,,,DZ-BT14/FFR02,0.002,shopify,1,deny,manual,54.4,true,true,https://cf-vanguard.com/wordpress/wp-content/images/cardlist/DZ-BT14/dzbt14_179.png,1,false,kg,true,true,true,true,true,true,true,true,active
dz-bt14-ffr03,"DZ-BT14/FFR03 Mythisch of Unparalleled, Zalva Dragnia [FFR]","<p><strong>Mythisch of Unparalleled, Zalva Dragnia</strong></p>
<p>Card Number: DZ-BT14/FFR03</p>
<p>Rarity: FFR</p>
<p>Grade: グレード 2</p>
<p>Nation: ドラゴンエンパイア</p>",Cardboard Collectible,Vanguard Singles,"Vanguard, Vanguard Singles, Singles, DZ-BT, DZ-BT14",true,Title,Default Title,,,,,DZ-BT14/FFR03,0.002,shopify,1,deny,manual,45.3,true,true,https://cf-vanguard.com/wordpress/wp-content/images/cardlist/DZ-BT14/dzbt14_180.png,1,false,kg,true,true,true,true,true,true,true,true,active
dz-bt14-ffr04,"DZ-BT14/FFR04 Dragritter, Uathaach [FFR]","<p><strong>Dragritter, Uathaach</strong></p>
<p>Card Number: DZ-BT14/FFR04</p>
<p>Rarity: FFR</p>
<p>Grade: グレード 1</p>
<p>Nation: ドラゴンエンパイア</p>",Cardboard Collectible,Vanguard Singles,"Vanguard, Vanguard Singles, Singles, DZ-BT, DZ-BT14",true,Title,Default Title,,,,,DZ-BT14/FFR04,0.002,shopify,1,deny,manual,18.0,true,true,https://cf-vanguard.com/wordpress/wp-content/images/cardlist/DZ-BT14/dzbt14_181.png,1,false,kg,true,true,true,true,true,true,true,true,active
dz-bt14-ffr05,"DZ-BT14/FFR05 Demonic Lord Dragon, Gabwelius ""Fantôme"" [FFR]","<p><strong>Demonic Lord Dragon, Gabwelius ""Fantôme""</strong></p>
<p>Card Number: DZ-BT14/FFR05</p>
<p>Rarity: FFR</p>
<p>Grade: グレード 3</p>
<p>Nation: ダークステイツ</p>",Cardboard Collectible,Vanguard Singles,"Vanguard, Vanguard Singles, Singles, DZ-BT, DZ-BT14",true,Title,Default Title,,,,,DZ-BT14/FFR05,0.002,shopify,1,deny,manual,27.1,true,true,https://cf-vanguard.com/wordpress/wp-content/images/cardlist/DZ-BT14/dzbt14_182.png,1,false,kg,true,true,true,true,true,true,true,true,active
dz-bt14-ffr06,"DZ-BT14/FFR06 Steam Maiden, Spiral Cutie [FFR]","<p><strong>Steam Maiden, Spiral Cutie</strong></p>
<p>Card Number: DZ-BT14/FFR06</p>
<p>Rarity: FFR</p>
<p>Grade: グレード 2</p>
<p>Nation: ダークステイツ</p>",Cardboard Collectible,Vanguard Singles,"Vanguard, Vanguard Singles, Singles, DZ-BT, DZ-BT14",true,Title,Default Title,,,,,DZ-BT14/FFR06,0.002,shopify,1,deny,manual,54.4,true,true,https://cf-vanguard.com/wordpress/wp-content/images/cardlist/DZ-BT14/dzbt14_183.png,1,false,kg,true,true,true,true,true,true,true,true,active
dz-bt14-ffr07,"DZ-BT14/FFR07 Mythisch of Zero, Grivardhy [FFR]","<p><strong>Mythisch of Zero, Grivardhy</strong></p>
<p>Card Number: DZ-BT14/FFR07</p>
<p>Rarity: FFR</p>
<p>Grade: グレード 2</p>
<p>Nation: ダークステイツ</p>",Cardboard Collectible,Vanguard Singles,"Vanguard, Vanguard Singles, Singles, DZ-BT, DZ-BT14",true,Title,Default Title,,,,,DZ-BT14/FFR07,0.002,shopify,1,deny,manual,36.2,true,true,https://cf-vanguard.com/wordpress/wp-content/images/cardlist/DZ-BT14/dzbt14_184.png,1,false,kg,true,true,true,true,true,true,true,true,active
dz-bt14-ffr08,DZ-BT14/FFR08 Reverent Dagger Dragon [FFR],"<p><strong>Reverent Dagger Dragon</strong></p>
<p>Card Number: DZ-BT14/FFR08</p>
<p>Rarity: FFR</p>
<p>Grade: グレード 2</p>
<p>Nation: ダークステイツ</p>",Cardboard Collectible,Vanguard Singles,"Vanguard, Vanguard Singles, Singles, DZ-BT, DZ-BT14",true,Title,Default Title,,,,,DZ-BT14/FFR08,0.002,shopify,1,deny,manual,13.5,true,true,https://cf-vanguard.com/wordpress/wp-content/images/cardlist/DZ-BT14/dzbt14_185.png,1,false,kg,true,true,true,true,true,true,true,true,active
dz-bt14-ffr09,"DZ-BT14/FFR09 Mythisch Machine Deity, ""Mondgestirn"" Angrbold [FFR]","<p><strong>Mythisch Machine Deity, ""Mondgestirn"" Angrbold</strong></p>
<p>Card Number: DZ-BT14/FFR09</p>
<p>Rarity: FFR</p>
<p>Grade: グレード 3</p>
<p>Nation: ブラントゲート</p>",Cardboard Collectible,Vanguard Singles,"Vanguard, Vanguard Singles, Singles, DZ-BT, DZ-BT14",true,Title,Default Title,,,,,DZ-BT14/FFR09,0.002,shopify,1,deny,manual,22.5,true,true,https://cf-vanguard.com/wordpress/wp-content/images/cardlist/DZ-BT14/dzbt14_186.png,1,false,kg,true,true,true,true,true,true,true,true,active
dz-bt14-ffr10,"DZ-BT14/FFR10 Leibrecht Commander, Aelquilibra ""Fantôme"" [FFR]","<p><strong>Leibrecht Commander, Aelquilibra ""Fantôme""</strong></p>
<p>Card Number: DZ-BT14/FFR10</p>
<p>Rarity: FFR</p>
<p>Grade: グレード 3</p>
<p>Nation: ブラントゲート</p>",Cardboard Collectible,Vanguard Singles,"Vanguard, Vanguard Singles, Singles, DZ-BT, DZ-BT14",true,Title,Default Title,,,,,DZ-BT14/FFR10,0.002,shopify,1,deny,manual,22.5,true,true,https://cf-vanguard.com/wordpress/wp-content/images/cardlist/DZ-BT14/dzbt14_187.png,1,false,kg,true,true,true,true,true,true,true,true,active
dz-bt14-ffr11,DZ-BT14/FFR11 Sporadic Cerro Dragon [FFR],"<p><strong>Sporadic Cerro Dragon</strong></p>
<p>Card Number: DZ-BT14/FFR11</p>
<p>Rarity: FFR</p>
<p>Grade: グレード 1</p>
<p>Nation: ブラントゲート</p>",Cardboard Collectible,Vanguard Singles,"Vanguard, Vanguard Singles, Singles, DZ-BT, DZ-BT14",true,Title,Default Title,,,,,DZ-BT14/FFR11,0.002,shopify,0,deny,manual,45.3,true,true,https://cf-vanguard.com/wordpress/wp-content/images/cardlist/DZ-BT14/dzbt14_188.png,1,false,kg,true,true,true,true,true,true,true,true,active
dz-bt14-ffr12,"DZ-BT14/FFR12 Librate Battalion, Firvesius Dragon [FFR]","<p><strong>Librate Battalion, Firvesius Dragon</strong></p>
<p>Card Number: DZ-BT14/FFR12</p>
<p>Rarity: FFR</p>
<p>Grade: グレード 1</p>
<p>Nation: ブラントゲート</p>",Cardboard Collectible,Vanguard Singles,"Vanguard, Vanguard Singles, Singles, DZ-BT, DZ-BT14",true,Title,Default Title,,,,,DZ-BT14/FFR12,0.002,shopify,1,deny,manual,18.0,true,true,https://cf-vanguard.com/wordpress/wp-content/images/cardlist/DZ-BT14/dzbt14_189.png,1,false,kg,true,true,true,true,true,true,true,true,active
dz-bt14-ffr13,"DZ-BT14/FFR13 Bel-Fiore, Maia [FFR]","<p><strong>Bel-Fiore, Maia</strong></p>
<p>Card Number: DZ-BT14/FFR13</p>
<p>Rarity: FFR</p>
<p>Grade: グレード 3</p>
<p>Nation: ケテルサンクチュアリ</p>",Cardboard Collectible,Vanguard Singles,"Vanguard, Vanguard Singles, Singles, DZ-BT, DZ-BT14",true,Title,Default Title,,,,,DZ-BT14/FFR13,0.002,shopify,1,deny,manual,90.7,true,true,https://cf-vanguard.com/wordpress/wp-content/images/cardlist/DZ-BT14/dzbt14_190.png,1,false,kg,true,true,true,true,true,true,true,true,active
dz-bt14-ffr14,"DZ-BT14/FFR14 Knight of Great Favor, Orcades [FFR]","<p><strong>Knight of Great Favor, Orcades</strong></p>
<p>Card Number: DZ-BT14/FFR14</p>
<p>Rarity: FFR</p>
<p>Grade: グレード 2</p>
<p>Nation: ケテルサンクチュアリ</p>",Cardboard Collectible,Vanguard Singles,"Vanguard, Vanguard Singles, Singles, DZ-BT, DZ-BT14",true,Title,Default Title,,,,,DZ-BT14/FFR14,0.002,shopify,1,deny,manual,63.5,true,true,https://cf-vanguard.com/wordpress/wp-content/images/cardlist/DZ-BT14/dzbt14_191.png,1,false,kg,true,true,true,true,true,true,true,true,active
dz-bt14-ffr15,"DZ-BT14/FFR15 Bel-Fiore, Suera [FFR]","<p><strong>Bel-Fiore, Suera</strong></p>
<p>Card Number: DZ-BT14/FFR15</p>
<p>Rarity: FFR</p>
<p>Grade: グレード 2</p>
<p>Nation: ケテルサンクチュアリ</p>",Cardboard Collectible,Vanguard Singles,"Vanguard, Vanguard Singles, Singles, DZ-BT, DZ-BT14",true,Title,Default Title,,,,,DZ-BT14/FFR15,0.002,shopify,0,deny,manual,90.7,true,true,https://cf-vanguard.com/wordpress/wp-content/images/cardlist/DZ-BT14/dzbt14_192.png,1,false,kg,true,true,true,true,true,true,true,true,active
dz-bt14-ffr16,"DZ-BT14/FFR16 Great Magick Caster of Transitory, Zerith ""Fantôme"" [FFR]","<p><strong>Great Magick Caster of Transitory, Zerith ""Fantôme""</strong></p>
<p>Card Number: DZ-BT14/FFR16</p>
<p>Rarity: FFR</p>
<p>Grade: グレード 3</p>
<p>Nation: ストイケイア</p>",Cardboard Collectible,Vanguard Singles,"Vanguard, Vanguard Singles, Singles, DZ-BT, DZ-BT14",true,Title,Default Title,,,,,DZ-BT14/FFR16,0.002,shopify,1,deny,manual,54.4,true,true,https://cf-vanguard.com/wordpress/wp-content/images/cardlist/DZ-BT14/dzbt14_193.png,1,false,kg,true,true,true,true,true,true,true,true,active
dz-bt14-ffr17,"DZ-BT14/FFR17 Marine General of the Black Sky, Leimina [FFR]","<p><strong>Marine General of the Black Sky, Leimina</strong></p>
<p>Card Number: DZ-BT14/FFR17</p>
<p>Rarity: FFR</p>
<p>Grade: グレード 2</p>
<p>Nation: ストイケイア</p>",Cardboard Collectible,Vanguard Singles,"Vanguard, Vanguard Singles, Singles, DZ-BT, DZ-BT14",true,Title,Default Title,,,,,DZ-BT14/FFR17,0.002,shopify,1,deny,manual,116.4,true,true,https://cf-vanguard.com/wordpress/wp-content/images/cardlist/DZ-BT14/dzbt14_194.png,1,false,kg,true,true,true,true,true,true,true,true,active
dz-bt14-ffr18,"DZ-BT14/FFR18 Scholar of Lake Heart, Fontijn [FFR]","<p><strong>Scholar of Lake Heart, Fontijn</strong></p>
<p>Card Number: DZ-BT14/FFR18</p>
<p>Rarity: FFR</p>
<p>Grade: グレード 2</p>
<p>Nation: ストイケイア</p>",Cardboard Collectible,Vanguard Singles,"Vanguard, Vanguard Singles, Singles, DZ-BT, DZ-BT14",true,Title,Default Title,,,,,DZ-BT14/FFR18,0.002,shopify,0,deny,manual,90.7,true,true,https://cf-vanguard.com/wordpress/wp-content/images/cardlist/DZ-BT14/dzbt14_195.png,1,false,kg,true,true,true,true,true,true,true,true,active
dz-bt14-ffr19,"DZ-BT14/FFR19 X-CeeDaNCe, Impauldio ""Fantôme"" [FFR]","<p><strong>X-CeeDaNCe, Impauldio ""Fantôme""</strong></p>
<p>Card Number: DZ-BT14/FFR19</p>
<p>Rarity: FFR</p>
<p>Grade: グレード 3</p>
<p>Nation: リリカルモナステリオ</p>",Cardboard Collectible,Vanguard Singles,"Vanguard, Vanguard Singles, Singles, DZ-BT, DZ-BT14",true,Title,Default Title,,,,,DZ-BT14/FFR19,0.002,shopify,1,deny,manual,36.2,true,true,https://cf-vanguard.com/wordpress/wp-content/images/cardlist/DZ-BT14/dzbt14_196.png,1,false,kg,true,true,true,true,true,true,true,true,active
dz-bt14-ffr20,"DZ-BT14/FFR20 Eyes of Miracle, Aimantine [FFR]","<p><strong>Eyes of Miracle, Aimantine</strong></p>
<p>Card Number: DZ-BT14/FFR20</p>
<p>Rarity: FFR</p>
<p>Grade: グレード 2</p>
<p>Nation: リリカルモナステリオ</p>",Cardboard Collectible,Vanguard Singles,"Vanguard, Vanguard Singles, Singles, DZ-BT, DZ-BT14",true,Title,Default Title,,,,,DZ-BT14/FFR20,0.002,shopify,1,deny,manual,36.2,true,true,https://cf-vanguard.com/wordpress/wp-content/images/cardlist/DZ-BT14/dzbt14_197.png,1,false,kg,true,true,true,true,true,true,true,true,active
dz-bt14-ffr21,"DZ-BT14/FFR21 X-CeeDaNCe, Preshy Forewatt [FFR]","<p><strong>X-CeeDaNCe, Preshy Forewatt</strong></p>
<p>Card Number: DZ-BT14/FFR21</p>
<p>Rarity: FFR</p>
<p>Grade: グレード 2</p>
<p>Nation: リリカルモナステリオ</p>",Cardboard Collectible,Vanguard Singles,"Vanguard, Vanguard Singles, Singles, DZ-BT, DZ-BT14",true,Title,Default Title,,,,,DZ-BT14/FFR21,0.002,shopify,1,deny,manual,27.1,true,true,https://cf-vanguard.com/wordpress/wp-content/images/cardlist/DZ-BT14/dzbt14_198.png,1,false,kg,true,true,true,true,true,true,true,true,active
dz-bt14-fr01,"DZ-BT14/FR01 Venatiol, Marield [FR]","<p><strong>Venatiol, Marield</strong></p>
<p>Card Number: DZ-BT14/FR01</p>
<p>Rarity: FR</p>
<p>Grade: グレード 2</p>
<p>Nation: ドラゴンエンパイア</p>",Cardboard Collectible,Vanguard Singles,"Vanguard, Vanguard Singles, Singles, DZ-BT, DZ-BT14",true,Title,Default Title,,,,,DZ-BT14/FR01,0.002,shopify,1,deny,manual,0.7,true,true,https://cf-vanguard.com/wordpress/wp-content/images/cardlist/DZ-BT14/dzbt14_199.png,1,false,kg,true,true,true,true,true,true,true,true,active
dz-bt14-fr02,DZ-BT14/FR02 Obliterate Dragon [FR],"<p><strong>Obliterate Dragon</strong></p>
<p>Card Number: DZ-BT14/FR02</p>
<p>Rarity: FR</p>
<p>Grade: グレード 2</p>
<p>Nation: ドラゴンエンパイア</p>",Cardboard Collectible,Vanguard Singles,"Vanguard, Vanguard Singles, Singles, DZ-BT, DZ-BT14",true,Title,Default Title,,,,,DZ-BT14/FR02,0.002,shopify,1,deny,manual,2.0,true,true,https://cf-vanguard.com/wordpress/wp-content/images/cardlist/DZ-BT14/dzbt14_200.png,1,false,kg,true,true,true,true,true,true,true,true,active
dz-bt14-fr03,DZ-BT14/FR03 Forlorn Hope Dragon [FR],"<p><strong>Forlorn Hope Dragon</strong></p>
<p>Card Number: DZ-BT14/FR03</p>
<p>Rarity: FR</p>
<p>Grade: グレード 2</p>
<p>Nation: ドラゴンエンパイア</p>",Cardboard Collectible,Vanguard Singles,"Vanguard, Vanguard Singles, Singles, DZ-BT, DZ-BT14",true,Title,Default Title,,,,,DZ-BT14/FR03,0.002,shopify,1,deny,manual,2.0,true,true,https://cf-vanguard.com/wordpress/wp-content/images/cardlist/DZ-BT14/dzbt14_201.png,1,false,kg,true,true,true,true,true,true,true,true,active
dz-bt14-fr04,DZ-BT14/FR04 Outburst Dragon [FR],"<p><strong>Outburst Dragon</strong></p>
<p>Card Number: DZ-BT14/FR04</p>
<p>Rarity: FR</p>
<p>Grade: グレード 1</p>
<p>Nation: ドラゴンエンパイア</p>",Cardboard Collectible,Vanguard Singles,"Vanguard, Vanguard Singles, Singles, DZ-BT, DZ-BT14",true,Title,Default Title,,,,,DZ-BT14/FR04,0.002,shopify,1,deny,manual,1.1,true,true,https://cf-vanguard.com/wordpress/wp-content/images/cardlist/DZ-BT14/dzbt14_202.png,1,false,kg,true,true,true,true,true,true,true,true,active
dz-bt14-fr05,DZ-BT14/FR05 Chondrule Dragon [FR],"<p><strong>Chondrule Dragon</strong></p>
<p>Card Number: DZ-BT14/FR05</p>
<p>Rarity: FR</p>
<p>Grade: グレード 2</p>
<p>Nation: ドラゴンエンパイア</p>",Cardboard Collectible,Vanguard Singles,"Vanguard, Vanguard Singles, Singles, DZ-BT, DZ-BT14",true,Title,Default Title,,,,,DZ-BT14/FR05,0.002,shopify,1,deny,manual,0.7,true,true,https://cf-vanguard.com/wordpress/wp-content/images/cardlist/DZ-BT14/dzbt14_203.png,1,false,kg,true,true,true,true,true,true,true,true,active
dz-bt14-fr06,"DZ-BT14/FR06 Venatiol, Uhel [FR]","<p><strong>Venatiol, Uhel</strong></p>
<p>Card Number: DZ-BT14/FR06</p>
<p>Rarity: FR</p>
<p>Grade: グレード 1</p>
<p>Nation: ドラゴンエンパイア</p>",Cardboard Collectible,Vanguard Singles,"Vanguard, Vanguard Singles, Singles, DZ-BT, DZ-BT14",true,Title,Default Title,,,,,DZ-BT14/FR06,0.002,shopify,1,deny,manual,1.1,true,true,https://cf-vanguard.com/wordpress/wp-content/images/cardlist/DZ-BT14/dzbt14_204.png,1,false,kg,true,true,true,true,true,true,true,true,active
dz-bt14-fr07,DZ-BT14/FR07 Vanishing Claw Dragon [FR],"<p><strong>Vanishing Claw Dragon</strong></p>
<p>Card Number: DZ-BT14/FR07</p>
<p>Rarity: FR</p>
<p>Grade: グレード 1</p>
<p>Nation: ドラゴンエンパイア</p>",Cardboard Collectible,Vanguard Singles,"Vanguard, Vanguard Singles, Singles, DZ-BT, DZ-BT14",true,Title,Default Title,,,,,DZ-BT14/FR07,0.002,shopify,1,deny,manual,1.1,true,true,https://cf-vanguard.com/wordpress/wp-content/images/cardlist/DZ-BT14/dzbt14_205.png,1,false,kg,true,true,true,true,true,true,true,true,active
dz-bt14-fr08,DZ-BT14/FR08 Parching Axe Dragon [FR],"<p><strong>Parching Axe Dragon</strong></p>
<p>Card Number: DZ-BT14/FR08</p>
<p>Rarity: FR</p>
<p>Grade: グレード 1</p>
<p>Nation: ドラゴンエンパイア</p>",Cardboard Collectible,Vanguard Singles,"Vanguard, Vanguard Singles, Singles, DZ-BT, DZ-BT14",true,Title,Default Title,,,,,DZ-BT14/FR08,0.002,shopify,1,deny,manual,0.7,true,true,https://cf-vanguard.com/wordpress/wp-content/images/cardlist/DZ-BT14/dzbt14_206.png,1,false,kg,true,true,true,true,true,true,true,true,active
dz-bt14-fr09,DZ-BT14/FR09 Fluid Suffocator [FR],"<p><strong>Fluid Suffocator</strong></p>
<p>Card Number: DZ-BT14/FR09</p>
<p>Rarity: FR</p>
<p>Grade: グレード 2</p>
<p>Nation: ダークステイツ</p>",Cardboard Collectible,Vanguard Singles,"Vanguard, Vanguard Singles, Singles, DZ-BT, DZ-BT14",true,Title,Default Title,,,,,DZ-BT14/FR09,0.002,shopify,1,deny,manual,0.7,true,true,https://cf-vanguard.com/wordpress/wp-content/images/cardlist/DZ-BT14/dzbt14_207.png,1,false,kg,true,true,true,true,true,true,true,true,active
dz-bt14-fr10,"DZ-BT14/FR10 Direful Doll, Concetta [FR]","<p><strong>Direful Doll, Concetta</strong></p>
<p>Card Number: DZ-BT14/FR10</p>
<p>Rarity: FR</p>
<p>Grade: グレード 1</p>
<p>Nation: ダークステイツ</p>",Cardboard Collectible,Vanguard Singles,"Vanguard, Vanguard Singles, Singles, DZ-BT, DZ-BT14",true,Title,Default Title,,,,,DZ-BT14/FR10,0.002,shopify,1,deny,manual,3.8,true,true,https://cf-vanguard.com/wordpress/wp-content/images/cardlist/DZ-BT14/dzbt14_208.png,1,false,kg,true,true,true,true,true,true,true,true,active
dz-bt14-fr11,DZ-BT14/FR11 Pious Breath Dragon [FR],"<p><strong>Pious Breath Dragon</strong></p>
<p>Card Number: DZ-BT14/FR11</p>
<p>Rarity: FR</p>
<p>Grade: グレード 1</p>
<p>Nation: ダークステイツ</p>",Cardboard Collectible,Vanguard Singles,"Vanguard, Vanguard Singles, Singles, DZ-BT, DZ-BT14",true,Title,Default Title,,,,,DZ-BT14/FR11,0.002,shopify,1,deny,manual,2.0,true,true,https://cf-vanguard.com/wordpress/wp-content/images/cardlist/DZ-BT14/dzbt14_209.png,1,false,kg,true,true,true,true,true,true,true,true,active
dz-bt14-fr12,DZ-BT14/FR12 Montmegantique Chimaera [FR],"<p><strong>Montmegantique Chimaera</strong></p>
<p>Card Number: DZ-BT14/FR12</p>
<p>Rarity: FR</p>
<p>Grade: グレード 1</p>
<p>Nation: ダークステイツ</p>",Cardboard Collectible,Vanguard Singles,"Vanguard, Vanguard Singles, Singles, DZ-BT, DZ-BT14",true,Title,Default Title,,,,,DZ-BT14/FR12,0.002,shopify,1,deny,manual,1.1,true,true,https://cf-vanguard.com/wordpress/wp-content/images/cardlist/DZ-BT14/dzbt14_210.png,1,false,kg,true,true,true,true,true,true,true,true,active
dz-bt14-fr13,DZ-BT14/FR13 Febrile Dragon [FR],"<p><strong>Febrile Dragon</strong></p>
<p>Card Number: DZ-BT14/FR13</p>
<p>Rarity: FR</p>
<p>Grade: グレード 3</p>
<p>Nation: ダークステイツ</p>",Cardboard Collectible,Vanguard Singles,"Vanguard, Vanguard Singles, Singles, DZ-BT, DZ-BT14",true,Title,Default Title,,,,,DZ-BT14/FR13,0.002,shopify,1,deny,manual,0.7,true,true,https://cf-vanguard.com/wordpress/wp-content/images/cardlist/DZ-BT14/dzbt14_211.png,1,false,kg,true,true,true,true,true,true,true,true,active
dz-bt14-fr14,"DZ-BT14/FR14 Direful Doll, Gigliola [FR]","<p><strong>Direful Doll, Gigliola</strong></p>
<p>Card Number: DZ-BT14/FR14</p>
<p>Rarity: FR</p>
<p>Grade: グレード 2</p>
<p>Nation: ダークステイツ</p>",Cardboard Collectible,Vanguard Singles,"Vanguard, Vanguard Singles, Singles, DZ-BT, DZ-BT14",true,Title,Default Title,,,,,DZ-BT14/FR14,0.002,shopify,0,deny,manual,3.8,true,true,https://cf-vanguard.com/wordpress/wp-content/images/cardlist/DZ-BT14/dzbt14_212.png,1,false,kg,true,true,true,true,true,true,true,true,active
dz-bt14-fr15,"DZ-BT14/FR15 Mad Bone of Abominable Eyes, Zolneylon [FR]","<p><strong>Mad Bone of Abominable Eyes, Zolneylon</strong></p>
<p>Card Number: DZ-BT14/FR15</p>
<p>Rarity: FR</p>
<p>Grade: グレード 1</p>
<p>Nation: ダークステイツ</p>",Cardboard Collectible,Vanguard Singles,"Vanguard, Vanguard Singles, Singles, DZ-BT, DZ-BT14",true,Title,Default Title,,,,,DZ-BT14/FR15,0.002,shopify,1,deny,manual,1.1,true,true,https://cf-vanguard.com/wordpress/wp-content/images/cardlist/DZ-BT14/dzbt14_213.png,1,false,kg,true,true,true,true,true,true,true,true,active
dz-bt14-fr16,"DZ-BT14/FR16 Steam Fighter, Daduusha [FR]","<p><strong>Steam Fighter, Daduusha</strong></p>
<p>Card Number: DZ-BT14/FR16</p>
<p>Rarity: FR</p>
<p>Grade: グレード 1</p>
<p>Nation: ダークステイツ</p>",Cardboard Collectible,Vanguard Singles,"Vanguard, Vanguard Singles, Singles, DZ-BT, DZ-BT14",true,Title,Default Title,,,,,DZ-BT14/FR16,0.002,shopify,1,deny,manual,0.7,true,true,https://cf-vanguard.com/wordpress/wp-content/images/cardlist/DZ-BT14/dzbt14_214.png,1,false,kg,true,true,true,true,true,true,true,true,active
dz-bt14-fr17,DZ-BT14/FR17 Evenfortz Rotovisor [FR],"<p><strong>Evenfortz Rotovisor</strong></p>
<p>Card Number: DZ-BT14/FR17</p>
<p>Rarity: FR</p>
<p>Grade: グレード 2</p>
<p>Nation: ブラントゲート</p>",Cardboard Collectible,Vanguard Singles,"Vanguard, Vanguard Singles, Singles, DZ-BT, DZ-BT14",true,Title,Default Title,,,,,DZ-BT14/FR17,0.002,shopify,1,deny,manual,1.1,true,true,https://cf-vanguard.com/wordpress/wp-content/images/cardlist/DZ-BT14/dzbt14_215.png,1,false,kg,true,true,true,true,true,true,true,true,active
dz-bt14-fr18,"DZ-BT14/FR18 Creation Demonic Beast, Uproarious Scream [FR]","<p><strong>Creation Demonic Beast, Uproarious Scream</strong></p>
<p>Card Number: DZ-BT14/FR18</p>
<p>Rarity: FR</p>
<p>Grade: グレード 2</p>
<p>Nation: ブラントゲート</p>",Cardboard Collectible,Vanguard Singles,"Vanguard, Vanguard Singles, Singles, DZ-BT, DZ-BT14",true,Title,Default Title,,,,,DZ-BT14/FR18,0.002,shopify,1,deny,manual,1.6,true,true,https://cf-vanguard.com/wordpress/wp-content/images/cardlist/DZ-BT14/dzbt14_216.png,1,false,kg,true,true,true,true,true,true,true,true,active
dz-bt14-fr19,"DZ-BT14/FR19 Regrain Researcher, Deep Depths Expose [FR]","<p><strong>Regrain Researcher, Deep Depths Expose</strong></p>
<p>Card Number: DZ-BT14/FR19</p>
<p>Rarity: FR</p>
<p>Grade: グレード 1</p>
<p>Nation: ブラントゲート</p>",Cardboard Collectible,Vanguard Singles,"Vanguard, Vanguard Singles, Singles, DZ-BT, DZ-BT14",true,Title,Default Title,,,,,DZ-BT14/FR19,0.002,shopify,1,deny,manual,1.1,true,true,https://cf-vanguard.com/wordpress/wp-content/images/cardlist/DZ-BT14/dzbt14_217.png,1,false,kg,true,true,true,true,true,true,true,true,active
dz-bt14-fr20,"DZ-BT14/FR20 Leibreiter, Weibaris [FR]","<p><strong>Leibreiter, Weibaris</strong></p>
<p>Card Number: DZ-BT14/FR20</p>
<p>Rarity: FR</p>
<p>Grade: グレード 2</p>
<p>Nation: ブラントゲート</p>",Cardboard Collectible,Vanguard Singles,"Vanguard, Vanguard Singles, Singles, DZ-BT, DZ-BT14",true,Title,Default Title,,,,,DZ-BT14/FR20,0.002,shopify,0,deny,manual,2.9,true,true,https://cf-vanguard.com/wordpress/wp-content/images/cardlist/DZ-BT14/dzbt14_218.png,1,false,kg,true,true,true,true,true,true,true,true,active
dz-bt14-fr21,DZ-BT14/FR21 Fille Brande [FR],"<p><strong>Fille Brande</strong></p>
<p>Card Number: DZ-BT14/FR21</p>
<p>Rarity: FR</p>
<p>Grade: グレード 1</p>
<p>Nation: ブラントゲート</p>",Cardboard Collectible,Vanguard Singles,"Vanguard, Vanguard Singles, Singles, DZ-BT, DZ-BT14",true,Title,Default Title,,,,,DZ-BT14/FR21,0.002,shopify,1,deny,manual,0.7,true,true,https://cf-vanguard.com/wordpress/wp-content/images/cardlist/DZ-BT14/dzbt14_219.png,1,false,kg,true,true,true,true,true,true,true,true,active
dz-bt14-fr22,"DZ-BT14/FR22 Blitz Designer, Razent [FR]","<p><strong>Blitz Designer, Razent</strong></p>
<p>Card Number: DZ-BT14/FR22</p>
<p>Rarity: FR</p>
<p>Grade: グレード 1</p>
<p>Nation: ブラントゲート</p>",Cardboard Collectible,Vanguard Singles,"Vanguard, Vanguard Singles, Singles, DZ-BT, DZ-BT14",true,Title,Default Title,,,,,DZ-BT14/FR22,0.002,shopify,1,deny,manual,1.1,true,true,https://cf-vanguard.com/wordpress/wp-content/images/cardlist/DZ-BT14/dzbt14_220.png,1,false,kg,true,true,true,true,true,true,true,true,active
dz-bt14-fr23,"DZ-BT14/FR23 Leibreiter, Trisdia [FR]","<p><strong>Leibreiter, Trisdia</strong></p>
<p>Card Number: DZ-BT14/FR23</p>
<p>Rarity: FR</p>
<p>Grade: グレード 3</p>
<p>Nation: ブラントゲート</p>",Cardboard Collectible,Vanguard Singles,"Vanguard, Vanguard Singles, Singles, DZ-BT, DZ-BT14",true,Title,Default Title,,,,,DZ-BT14/FR23,0.002,shopify,1,deny,manual,2.9,true,true,https://cf-vanguard.com/wordpress/wp-content/images/cardlist/DZ-BT14/dzbt14_221.png,1,false,kg,true,true,true,true,true,true,true,true,active
dz-bt14-fr24,"DZ-BT14/FR24 Leibreiter, Rovroi [FR]","<p><strong>Leibreiter, Rovroi</strong></p>
<p>Card Number: DZ-BT14/FR24</p>
<p>Rarity: FR</p>
<p>Grade: グレード 1</p>
<p>Nation: ブラントゲート</p>",Cardboard Collectible,Vanguard Singles,"Vanguard, Vanguard Singles, Singles, DZ-BT, DZ-BT14",true,Title,Default Title,,,,,DZ-BT14/FR24,0.002,shopify,1,deny,manual,2.9,true,true,https://cf-vanguard.com/wordpress/wp-content/images/cardlist/DZ-BT14/dzbt14_222.png,1,false,kg,true,true,true,true,true,true,true,true,active
dz-bt14-fr25,"DZ-BT14/FR25 Bel-Fiore, Meek [FR]","<p><strong>Bel-Fiore, Meek</strong></p>
<p>Card Number: DZ-BT14/FR25</p>
<p>Rarity: FR</p>
<p>Grade: グレード 3</p>
<p>Nation: ケテルサンクチュアリ</p>",Cardboard Collectible,Vanguard Singles,"Vanguard, Vanguard Singles, Singles, DZ-BT, DZ-BT14",true,Title,Default Title,,,,,DZ-BT14/FR25,0.002,shopify,1,deny,manual,2.9,true,true,https://cf-vanguard.com/wordpress/wp-content/images/cardlist/DZ-BT14/dzbt14_223.png,1,false,kg,true,true,true,true,true,true,true,true,active
dz-bt14-fr26,DZ-BT14/FR26 Inexpiable Dragon [FR],"<p><strong>Inexpiable Dragon</strong></p>
<p>Card Number: DZ-BT14/FR26</p>
<p>Rarity: FR</p>
<p>Grade: グレード 2</p>
<p>Nation: ケテルサンクチュアリ</p>",Cardboard Collectible,Vanguard Singles,"Vanguard, Vanguard Singles, Singles, DZ-BT, DZ-BT14",true,Title,Default Title,,,,,DZ-BT14/FR26,0.002,shopify,1,deny,manual,1.6,true,true,https://cf-vanguard.com/wordpress/wp-content/images/cardlist/DZ-BT14/dzbt14_224.png,1,false,kg,true,true,true,true,true,true,true,true,active
dz-bt14-fr27,DZ-BT14/FR27 Star-select Sorceress [FR],"<p><strong>Star-select Sorceress</strong></p>
<p>Card Number: DZ-BT14/FR27</p>
<p>Rarity: FR</p>
<p>Grade: グレード 2</p>
<p>Nation: ケテルサンクチュアリ</p>",Cardboard Collectible,Vanguard Singles,"Vanguard, Vanguard Singles, Singles, DZ-BT, DZ-BT14",true,Title,Default Title,,,,,DZ-BT14/FR27,0.002,shopify,1,deny,manual,0.7,true,true,https://cf-vanguard.com/wordpress/wp-content/images/cardlist/DZ-BT14/dzbt14_225.png,1,false,kg,true,true,true,true,true,true,true,true,active
dz-bt14-fr28,"DZ-BT14/FR28 Knight of Graceful Virtue, Andrivet [FR]","<p><strong>Knight of Graceful Virtue, Andrivet</strong></p>
<p>Card Number: DZ-BT14/FR28</p>
<p>Rarity: FR</p>
<p>Grade: グレード 1</p>
<p>Nation: ケテルサンクチュアリ</p>",Cardboard Collectible,Vanguard Singles,"Vanguard, Vanguard Singles, Singles, DZ-BT, DZ-BT14",true,Title,Default Title,,,,,DZ-BT14/FR28,0.002,shopify,1,deny,manual,1.1,true,true,https://cf-vanguard.com/wordpress/wp-content/images/cardlist/DZ-BT14/dzbt14_226.png,1,false,kg,true,true,true,true,true,true,true,true,active
dz-bt14-fr29,"DZ-BT14/FR29 Bel-Fiore, Pinesse [FR]","<p><strong>Bel-Fiore, Pinesse</strong></p>
<p>Card Number: DZ-BT14/FR29</p>
<p>Rarity: FR</p>
<p>Grade: グレード 2</p>
<p>Nation: ケテルサンクチュアリ</p>",Cardboard Collectible,Vanguard Singles,"Vanguard, Vanguard Singles, Singles, DZ-BT, DZ-BT14",true,Title,Default Title,,,,,DZ-BT14/FR29,0.002,shopify,1,deny,manual,3.8,true,true,https://cf-vanguard.com/wordpress/wp-content/images/cardlist/DZ-BT14/dzbt14_227.png,1,false,kg,true,true,true,true,true,true,true,true,active
dz-bt14-fr30,DZ-BT14/FR30 Glisten Upashiciry [FR],"<p><strong>Glisten Upashiciry</strong></p>
<p>Card Number: DZ-BT14/FR30</p>
<p>Rarity: FR</p>
<p>Grade: グレード 1</p>
<p>Nation: ケテルサンクチュアリ</p>",Cardboard Collectible,Vanguard Singles,"Vanguard, Vanguard Singles, Singles, DZ-BT, DZ-BT14",true,Title,Default Title,,,,,DZ-BT14/FR30,0.002,shopify,1,deny,manual,1.1,true,true,https://cf-vanguard.com/wordpress/wp-content/images/cardlist/DZ-BT14/dzbt14_228.png,1,false,kg,true,true,true,true,true,true,true,true,active
dz-bt14-fr31,DZ-BT14/FR31 Patefaction Angel [FR],"<p><strong>Patefaction Angel</strong></p>
<p>Card Number: DZ-BT14/FR31</p>
<p>Rarity: FR</p>
<p>Grade: グレード 1</p>
<p>Nation: ケテルサンクチュアリ</p>",Cardboard Collectible,Vanguard Singles,"Vanguard, Vanguard Singles, Singles, DZ-BT, DZ-BT14",true,Title,Default Title,,,,,DZ-BT14/FR31,0.002,shopify,1,deny,manual,0.7,true,true,https://cf-vanguard.com/wordpress/wp-content/images/cardlist/DZ-BT14/dzbt14_229.png,1,false,kg,true,true,true,true,true,true,true,true,active
dz-bt14-fr32,"DZ-BT14/FR32 Bel-Fiore, Aprena [FR]","<p><strong>Bel-Fiore, Aprena</strong></p>
<p>Card Number: DZ-BT14/FR32</p>
<p>Rarity: FR</p>
<p>Grade: グレード 1</p>
<p>Nation: ケテルサンクチュアリ</p>",Cardboard Collectible,Vanguard Singles,"Vanguard, Vanguard Singles, Singles, DZ-BT, DZ-BT14",true,Title,Default Title,,,,,DZ-BT14/FR32,0.002,shopify,1,deny,manual,2.9,true,true,https://cf-vanguard.com/wordpress/wp-content/images/cardlist/DZ-BT14/dzbt14_230.png,1,false,kg,true,true,true,true,true,true,true,true,active
dz-bt14-fr33,"DZ-BT14/FR33 Veleno Soldato, Vespino [FR]","<p><strong>Veleno Soldato, Vespino</strong></p>
<p>Card Number: DZ-BT14/FR33</p>
<p>Rarity: FR</p>
<p>Grade: グレード 2</p>
<p>Nation: ストイケイア</p>",Cardboard Collectible,Vanguard Singles,"Vanguard, Vanguard Singles, Singles, DZ-BT, DZ-BT14",true,Title,Default Title,,,,,DZ-BT14/FR33,0.002,shopify,1,deny,manual,2.0,true,true,https://cf-vanguard.com/wordpress/wp-content/images/cardlist/DZ-BT14/dzbt14_231.png,1,false,kg,true,true,true,true,true,true,true,true,active
dz-bt14-fr34,"DZ-BT14/FR34 Affinity Hunter, Syllbiose [FR]","<p><strong>Affinity Hunter, Syllbiose</strong></p>
<p>Card Number: DZ-BT14/FR34</p>
<p>Rarity: FR</p>
<p>Grade: グレード 2</p>
<p>Nation: ストイケイア</p>",Cardboard Collectible,Vanguard Singles,"Vanguard, Vanguard Singles, Singles, DZ-BT, DZ-BT14",true,Title,Default Title,,,,,DZ-BT14/FR34,0.002,shopify,1,deny,manual,2.0,true,true,https://cf-vanguard.com/wordpress/wp-content/images/cardlist/DZ-BT14/dzbt14_232.png,1,false,kg,true,true,true,true,true,true,true,true,active
dz-bt14-fr35,"DZ-BT14/FR35 Scholar of the Waterlands, Rituera [FR]","<p><strong>Scholar of the Waterlands, Rituera</strong></p>
<p>Card Number: DZ-BT14/FR35</p>
<p>Rarity: FR</p>
<p>Grade: グレード 2</p>
<p>Nation: ストイケイア</p>",Cardboard Collectible,Vanguard Singles,"Vanguard, Vanguard Singles, Singles, DZ-BT, DZ-BT14",true,Title,Default Title,,,,,DZ-BT14/FR35,0.002,shopify,1,deny,manual,1.6,true,true,https://cf-vanguard.com/wordpress/wp-content/images/cardlist/DZ-BT14/dzbt14_233.png,1,false,kg,true,true,true,true,true,true,true,true,active
dz-bt14-fr36,"DZ-BT14/FR36 One Who Arrived at Paradise, Phildeia [FR]","<p><strong>One Who Arrived at Paradise, Phildeia</strong></p>
<p>Card Number: DZ-BT14/FR36</p>
<p>Rarity: FR</p>
<p>Grade: グレード 2</p>
<p>Nation: ストイケイア</p>",Cardboard Collectible,Vanguard Singles,"Vanguard, Vanguard Singles, Singles, DZ-BT, DZ-BT14",true,Title,Default Title,,,,,DZ-BT14/FR36,0.002,shopify,0,deny,manual,2.9,true,true,https://cf-vanguard.com/wordpress/wp-content/images/cardlist/DZ-BT14/dzbt14_234.png,1,false,kg,true,true,true,true,true,true,true,true,active
dz-bt14-fr37,"DZ-BT14/FR37 Sylvan Horned Beast, Skrele [FR]","<p><strong>Sylvan Horned Beast, Skrele</strong></p>
<p>Card Number: DZ-BT14/FR37</p>
<p>Rarity: FR</p>
<p>Grade: グレード 2</p>
<p>Nation: ストイケイア</p>",Cardboard Collectible,Vanguard Singles,"Vanguard, Vanguard Singles, Singles, DZ-BT, DZ-BT14",true,Title,Default Title,,,,,DZ-BT14/FR37,0.002,shopify,1,deny,manual,0.7,true,true,https://cf-vanguard.com/wordpress/wp-content/images/cardlist/DZ-BT14/dzbt14_235.png,1,false,kg,true,true,true,true,true,true,true,true,active
dz-bt14-fr38,"DZ-BT14/FR38 Student of Illumination, Ciygna [FR]","<p><strong>Student of Illumination, Ciygna</strong></p>
<p>Card Number: DZ-BT14/FR38</p>
<p>Rarity: FR</p>
<p>Grade: グレード 1</p>
<p>Nation: ストイケイア</p>",Cardboard Collectible,Vanguard Singles,"Vanguard, Vanguard Singles, Singles, DZ-BT, DZ-BT14",true,Title,Default Title,,,,,DZ-BT14/FR38,0.002,shopify,0,deny,manual,11.6,true,true,https://cf-vanguard.com/wordpress/wp-content/images/cardlist/DZ-BT14/dzbt14_236.png,1,false,kg,true,true,true,true,true,true,true,true,active
dz-bt14-fr39,DZ-BT14/FR39 Nin-Nin Zingy [FR],"<p><strong>Nin-Nin Zingy</strong></p>
<p>Card Number: DZ-BT14/FR39</p>
<p>Rarity: FR</p>
<p>Grade: グレード 1</p>
<p>Nation: ストイケイア</p>",Cardboard Collectible,Vanguard Singles,"Vanguard, Vanguard Singles, Singles, DZ-BT, DZ-BT14",true,Title,Default Title,,,,,DZ-BT14/FR39,0.002,shopify,1,deny,manual,0.7,true,true,https://cf-vanguard.com/wordpress/wp-content/images/cardlist/DZ-BT14/dzbt14_237.png,1,false,kg,true,true,true,true,true,true,true,true,active
dz-bt14-fr40,"DZ-BT14/FR40 Fantum Gran Magick, Glid Radeaur [FR]","<p><strong>Fantum Gran Magick, Glid Radeaur</strong></p>
<p>Card Number: DZ-BT14/FR40</p>
<p>Rarity: FR</p>
<p>Grade: グレード 3</p>
<p>Nation: ストイケイア</p>",Cardboard Collectible,Vanguard Singles,"Vanguard, Vanguard Singles, Singles, DZ-BT, DZ-BT14",true,Title,Default Title,,,,,DZ-BT14/FR40,0.002,shopify,1,deny,manual,18.0,true,true,https://cf-vanguard.com/wordpress/wp-content/images/cardlist/DZ-BT14/dzbt14_238.png,1,false,kg,true,true,true,true,true,true,true,true,active
dz-bt14-fr41,"DZ-BT14/FR41 X-CeeDaNCe, Lapi Grossa [FR]","<p><strong>X-CeeDaNCe, Lapi Grossa</strong></p>
<p>Card Number: DZ-BT14/FR41</p>
<p>Rarity: FR</p>
<p>Grade: グレード 2</p>
<p>Nation: リリカルモナステリオ</p>",Cardboard Collectible,Vanguard Singles,"Vanguard, Vanguard Singles, Singles, DZ-BT, DZ-BT14",true,Title,Default Title,,,,,DZ-BT14/FR41,0.002,shopify,1,deny,manual,2.0,true,true,https://cf-vanguard.com/wordpress/wp-content/images/cardlist/DZ-BT14/dzbt14_239.png,1,false,kg,true,true,true,true,true,true,true,true,active
dz-bt14-fr42,"DZ-BT14/FR42 EuphoricReverb, Sophia [FR]","<p><strong>EuphoricReverb, Sophia</strong></p>
<p>Card Number: DZ-BT14/FR42</p>
<p>Rarity: FR</p>
<p>Grade: グレード 2</p>
<p>Nation: リリカルモナステリオ</p>",Cardboard Collectible,Vanguard Singles,"Vanguard, Vanguard Singles, Singles, DZ-BT, DZ-BT14",true,Title,Default Title,,,,,DZ-BT14/FR42,0.002,shopify,1,deny,manual,2.9,true,true,https://cf-vanguard.com/wordpress/wp-content/images/cardlist/DZ-BT14/dzbt14_240.png,1,false,kg,true,true,true,true,true,true,true,true,active
dz-bt14-fr43,"DZ-BT14/FR43 Shred Player, Timonie [FR]","<p><strong>Shred Player, Timonie</strong></p>
<p>Card Number: DZ-BT14/FR43</p>
<p>Rarity: FR</p>
<p>Grade: グレード 1</p>
<p>Nation: リリカルモナステリオ</p>",Cardboard Collectible,Vanguard Singles,"Vanguard, Vanguard Singles, Singles, DZ-BT, DZ-BT14",true,Title,Default Title,,,,,DZ-BT14/FR43,0.002,shopify,1,deny,manual,1.1,true,true,https://cf-vanguard.com/wordpress/wp-content/images/cardlist/DZ-BT14/dzbt14_241.png,1,false,kg,true,true,true,true,true,true,true,true,active
dz-bt14-fr44,"DZ-BT14/FR44 LettiaMateS, Ancisera [FR]","<p><strong>LettiaMateS, Ancisera</strong></p>
<p>Card Number: DZ-BT14/FR44</p>
<p>Rarity: FR</p>
<p>Grade: グレード 1</p>
<p>Nation: リリカルモナステリオ</p>",Cardboard Collectible,Vanguard Singles,"Vanguard, Vanguard Singles, Singles, DZ-BT, DZ-BT14",true,Title,Default Title,,,,,DZ-BT14/FR44,0.002,shopify,1,deny,manual,2.9,true,true,https://cf-vanguard.com/wordpress/wp-content/images/cardlist/DZ-BT14/dzbt14_242.png,1,false,kg,true,true,true,true,true,true,true,true,active
dz-bt14-fr45,"DZ-BT14/FR45 X-CeeDaNCe, Nyui Eiras [FR]","<p><strong>X-CeeDaNCe, Nyui Eiras</strong></p>
<p>Card Number: DZ-BT14/FR45</p>
<p>Rarity: FR</p>
<p>Grade: グレード 1</p>
<p>Nation: リリカルモナステリオ</p>",Cardboard Collectible,Vanguard Singles,"Vanguard, Vanguard Singles, Singles, DZ-BT, DZ-BT14",true,Title,Default Title,,,,,DZ-BT14/FR45,0.002,shopify,0,deny,manual,2.0,true,true,https://cf-vanguard.com/wordpress/wp-content/images/cardlist/DZ-BT14/dzbt14_243.png,1,false,kg,true,true,true,true,true,true,true,true,active
dz-bt14-fr46,"DZ-BT14/FR46 X-CeeDaNCe, Leda Tisple [FR]","<p><strong>X-CeeDaNCe, Leda Tisple</strong></p>
<p>Card Number: DZ-BT14/FR46</p>
<p>Rarity: FR</p>
<p>Grade: グレード 1</p>
<p>Nation: リリカルモナステリオ</p>",Cardboard Collectible,Vanguard Singles,"Vanguard, Vanguard Singles, Singles, DZ-BT, DZ-BT14",true,Title,Default Title,,,,,DZ-BT14/FR46,0.002,shopify,0,deny,manual,2.0,true,true,https://cf-vanguard.com/wordpress/wp-content/images/cardlist/DZ-BT14/dzbt14_244.png,1,false,kg,true,true,true,true,true,true,true,true,active
dz-bt14-fr47,"DZ-BT14/FR47 Tender Push, Appuil [FR]","<p><strong>Tender Push, Appuil</strong></p>
<p>Card Number: DZ-BT14/FR47</p>
<p>Rarity: FR</p>
<p>Grade: グレード 1</p>
<p>Nation: リリカルモナステリオ</p>",Cardboard Collectible,Vanguard Singles,"Vanguard, Vanguard Singles, Singles, DZ-BT, DZ-BT14",true,Title,Default Title,,,,,DZ-BT14/FR47,0.002,shopify,1,deny,manual,1.6,true,true,https://cf-vanguard.com/wordpress/wp-content/images/cardlist/DZ-BT14/dzbt14_245.png,1,false,kg,true,true,true,true,true,true,true,true,active
dz-bt14-fr48,"DZ-BT14/FR48 LettiaMateS, Marfer [FR]","<p><strong>LettiaMateS, Marfer</strong></p>
<p>Card Number: DZ-BT14/FR48</p>
<p>Rarity: FR</p>
<p>Grade: グレード 1</p>
<p>Nation: リリカルモナステリオ</p>",Cardboard Collectible,Vanguard Singles,"Vanguard, Vanguard Singles, Singles, DZ-BT, DZ-BT14",true,Title,Default Title,,,,,DZ-BT14/FR48,0.002,shopify,1,deny,manual,1.6,true,true,https://cf-vanguard.com/wordpress/wp-content/images/cardlist/DZ-BT14/dzbt14_246.png,1,false,kg,true,true,true,true,true,true,true,true,active
dz-bt14-rggr01,DZ-BT14/RGGR01 Kazuma Kiryu [RGGR],"<p><strong>Kazuma Kiryu</strong></p>
<p>Card Number: DZ-BT14/RGGR01</p>
<p>Rarity: RGGR</p>
<p>Grade: グレード 3</p>
<p>Nation: ドラゴンエンパイア</p>",Cardboard Collectible,Vanguard Singles,"Vanguard, Vanguard Singles, Singles, DZ-BT, DZ-BT14",true,Title,Default Title,,,,,DZ-BT14/RGGR01,0.002,shopify,1,deny,manual,11.6,true,true,https://cf-vanguard.com/wordpress/wp-content/images/cardlist/DZ-BT14/dzbt14_247.png,1,false,kg,true,true,true,true,true,true,true,true,active
dz-bt14-rggr02,DZ-BT14/RGGR02 Akira Nishikiyama [RGGR],"<p><strong>Akira Nishikiyama</strong></p>
<p>Card Number: DZ-BT14/RGGR02</p>
<p>Rarity: RGGR</p>
<p>Grade: グレード 2</p>
<p>Nation: ドラゴンエンパイア</p>",Cardboard Collectible,Vanguard Singles,"Vanguard, Vanguard Singles, Singles, DZ-BT, DZ-BT14",true,Title,Default Title,,,,,DZ-BT14/RGGR02,0.002,shopify,1,deny,manual,1.1,true,true,https://cf-vanguard.com/wordpress/wp-content/images/cardlist/DZ-BT14/dzbt14_248.png,1,false,kg,true,true,true,true,true,true,true,true,active
dz-bt14-rggr03,DZ-BT14/RGGR03 Makoto Date [RGGR],"<p><strong>Makoto Date</strong></p>
<p>Card Number: DZ-BT14/RGGR03</p>
<p>Rarity: RGGR</p>
<p>Grade: グレード 2</p>
<p>Nation: ドラゴンエンパイア</p>",Cardboard Collectible,Vanguard Singles,"Vanguard, Vanguard Singles, Singles, DZ-BT, DZ-BT14",true,Title,Default Title,,,,,DZ-BT14/RGGR03,0.002,shopify,1,deny,manual,1.1,true,true,https://cf-vanguard.com/wordpress/wp-content/images/cardlist/DZ-BT14/dzbt14_249.png,1,false,kg,true,true,true,true,true,true,true,true,active
dz-bt14-rggr04,DZ-BT14/RGGR04 Goro Majima [RGGR],"<p><strong>Goro Majima</strong></p>
<p>Card Number: DZ-BT14/RGGR04</p>
<p>Rarity: RGGR</p>
<p>Grade: グレード 2</p>
<p>Nation: ドラゴンエンパイア</p>",Cardboard Collectible,Vanguard Singles,"Vanguard, Vanguard Singles, Singles, DZ-BT, DZ-BT14",true,Title,Default Title,,,,,DZ-BT14/RGGR04,0.002,shopify,1,deny,manual,5.3,true,true,https://cf-vanguard.com/wordpress/wp-content/images/cardlist/DZ-BT14/dzbt14_250.png,1,false,kg,true,true,true,true,true,true,true,true,active
dz-bt14-rggr05,DZ-BT14/RGGR05 Kaoru Sayama [RGGR],"<p><strong>Kaoru Sayama</strong></p>
<p>Card Number: DZ-BT14/RGGR05</p>
<p>Rarity: RGGR</p>
<p>Grade: グレード 2</p>
<p>Nation: ドラゴンエンパイア</p>",Cardboard Collectible,Vanguard Singles,"Vanguard, Vanguard Singles, Singles, DZ-BT, DZ-BT14",true,Title,Default Title,,,,,DZ-BT14/RGGR05,0.002,shopify,1,deny,manual,1.1,true,true,https://cf-vanguard.com/wordpress/wp-content/images/cardlist/DZ-BT14/dzbt14_251.png,1,false,kg,true,true,true,true,true,true,true,true,active
dz-bt14-rggr06,DZ-BT14/RGGR06 Ryuji Goda [RGGR],"<p><strong>Ryuji Goda</strong></p>
<p>Card Number: DZ-BT14/RGGR06</p>
<p>Rarity: RGGR</p>
<p>Grade: グレード 2</p>
<p>Nation: ドラゴンエンパイア</p>",Cardboard Collectible,Vanguard Singles,"Vanguard, Vanguard Singles, Singles, DZ-BT, DZ-BT14",true,Title,Default Title,,,,,DZ-BT14/RGGR06,0.002,shopify,1,deny,manual,1.1,true,true,https://cf-vanguard.com/wordpress/wp-content/images/cardlist/DZ-BT14/dzbt14_252.png,1,false,kg,true,true,true,true,true,true,true,true,active
dz-bt14-rggr07,DZ-BT14/RGGR07 Yoshitaka Mine [RGGR],"<p><strong>Yoshitaka Mine</strong></p>
<p>Card Number: DZ-BT14/RGGR07</p>
<p>Rarity: RGGR</p>
<p>Grade: グレード 2</p>
<p>Nation: ドラゴンエンパイア</p>",Cardboard Collectible,Vanguard Singles,"Vanguard, Vanguard Singles, Singles, DZ-BT, DZ-BT14",true,Title,Default Title,,,,,DZ-BT14/RGGR07,0.002,shopify,1,deny,manual,3.8,true,true,https://cf-vanguard.com/wordpress/wp-content/images/cardlist/DZ-BT14/dzbt14_253.png,1,false,kg,true,true,true,true,true,true,true,true,active
dz-bt14-rggr08,DZ-BT14/RGGR08 Daigo Dojima [RGGR],"<p><strong>Daigo Dojima</strong></p>
<p>Card Number: DZ-BT14/RGGR08</p>
<p>Rarity: RGGR</p>
<p>Grade: グレード 2</p>
<p>Nation: ドラゴンエンパイア</p>",Cardboard Collectible,Vanguard Singles,"Vanguard, Vanguard Singles, Singles, DZ-BT, DZ-BT14",true,Title,Default Title,,,,,DZ-BT14/RGGR08,0.002,shopify,1,deny,manual,2.9,true,true,https://cf-vanguard.com/wordpress/wp-content/images/cardlist/DZ-BT14/dzbt14_254.png,1,false,kg,true,true,true,true,true,true,true,true,active
dz-bt14-rggr09,DZ-BT14/RGGR09 Shintaro Kazama [RGGR],"<p><strong>Shintaro Kazama</strong></p>
<p>Card Number: DZ-BT14/RGGR09</p>
<p>Rarity: RGGR</p>
<p>Grade: グレード 3</p>
<p>Nation: ドラゴンエンパイア</p>",Cardboard Collectible,Vanguard Singles,"Vanguard, Vanguard Singles, Singles, DZ-BT, DZ-BT14",true,Title,Default Title,,,,,DZ-BT14/RGGR09,0.002,shopify,1,deny,manual,1.1,true,true,https://cf-vanguard.com/wordpress/wp-content/images/cardlist/DZ-BT14/dzbt14_255.png,1,false,kg,true,true,true,true,true,true,true,true,active
dz-bt14-rggr10,DZ-BT14/RGGR10 Reina [RGGR],"<p><strong>Reina</strong></p>
<p>Card Number: DZ-BT14/RGGR10</p>
<p>Rarity: RGGR</p>
<p>Grade: グレード 3</p>
<p>Nation: ドラゴンエンパイア</p>",Cardboard Collectible,Vanguard Singles,"Vanguard, Vanguard Singles, Singles, DZ-BT, DZ-BT14",true,Title,Default Title,,,,,DZ-BT14/RGGR10,0.002,shopify,1,deny,manual,2.0,true,true,https://cf-vanguard.com/wordpress/wp-content/images/cardlist/DZ-BT14/dzbt14_256.png,1,false,kg,true,true,true,true,true,true,true,true,active
dz-bt14-rggr11,DZ-BT14/RGGR11 Kazuki [RGGR],"<p><strong>Kazuki</strong></p>
<p>Card Number: DZ-BT14/RGGR11</p>
<p>Rarity: RGGR</p>
<p>Grade: グレード 2</p>
<p>Nation: ドラゴンエンパイア</p>",Cardboard Collectible,Vanguard Singles,"Vanguard, Vanguard Singles, Singles, DZ-BT, DZ-BT14",true,Title,Default Title,,,,,DZ-BT14/RGGR11,0.002,shopify,1,deny,manual,2.0,true,true,https://cf-vanguard.com/wordpress/wp-content/images/cardlist/DZ-BT14/dzbt14_257.png,1,false,kg,true,true,true,true,true,true,true,true,active
dz-bt14-rggr12,DZ-BT14/RGGR12 Lau Ka Long [RGGR],"<p><strong>Lau Ka Long</strong></p>
<p>Card Number: DZ-BT14/RGGR12</p>
<p>Rarity: RGGR</p>
<p>Grade: グレード 2</p>
<p>Nation: ドラゴンエンパイア</p>",Cardboard Collectible,Vanguard Singles,"Vanguard, Vanguard Singles, Singles, DZ-BT, DZ-BT14",true,Title,Default Title,,,,,DZ-BT14/RGGR12,0.002,shopify,1,deny,manual,1.6,true,true,https://cf-vanguard.com/wordpress/wp-content/images/cardlist/DZ-BT14/dzbt14_258.png,1,false,kg,true,true,true,true,true,true,true,true,active
dz-bt14-rggr13,"DZ-BT14/RGGR13 Morning Glory Orphanage's Eldest Daughter, Haruka Sawamura [RGGR]","<p><strong>Morning Glory Orphanage's Eldest Daughter, Haruka Sawamura</strong></p>
<p>Card Number: DZ-BT14/RGGR13</p>
<p>Rarity: RGGR</p>
<p>Grade: グレード 2</p>
<p>Nation: ドラゴンエンパイア</p>",Cardboard Collectible,Vanguard Singles,"Vanguard, Vanguard Singles, Singles, DZ-BT, DZ-BT14",true,Title,Default Title,,,,,DZ-BT14/RGGR13,0.002,shopify,1,deny,manual,1.1,true,true,https://cf-vanguard.com/wordpress/wp-content/images/cardlist/DZ-BT14/dzbt14_259.png,1,false,kg,true,true,true,true,true,true,true,true,active
dz-bt14-rggr14,DZ-BT14/RGGR14 Osamu Kashiwagi [RGGR],"<p><strong>Osamu Kashiwagi</strong></p>
<p>Card Number: DZ-BT14/RGGR14</p>
<p>Rarity: RGGR</p>
<p>Grade: グレード 1</p>
<p>Nation: ドラゴンエンパイア</p>",Cardboard Collectible,Vanguard Singles,"Vanguard, Vanguard Singles, Singles, DZ-BT, DZ-BT14",true,Title,Default Title,,,,,DZ-BT14/RGGR14,0.002,shopify,1,deny,manual,2.9,true,true,https://cf-vanguard.com/wordpress/wp-content/images/cardlist/DZ-BT14/dzbt14_260.png,1,false,kg,true,true,true,true,true,true,true,true,active
dz-bt14-rggr15,DZ-BT14/RGGR15 Sotaro Komaki [RGGR],"<p><strong>Sotaro Komaki</strong></p>
<p>Card Number: DZ-BT14/RGGR15</p>
<p>Rarity: RGGR</p>
<p>Grade: グレード 1</p>
<p>Nation: ドラゴンエンパイア</p>",Cardboard Collectible,Vanguard Singles,"Vanguard, Vanguard Singles, Singles, DZ-BT, DZ-BT14",true,Title,Default Title,,,,,DZ-BT14/RGGR15,0.002,shopify,1,deny,manual,1.1,true,true,https://cf-vanguard.com/wordpress/wp-content/images/cardlist/DZ-BT14/dzbt14_261.png,1,false,kg,true,true,true,true,true,true,true,true,active
dz-bt14-rggr16,DZ-BT14/RGGR16 The Florist of Sai [RGGR],"<p><strong>The Florist of Sai</strong></p>
<p>Card Number: DZ-BT14/RGGR16</p>
<p>Rarity: RGGR</p>
<p>Grade: グレード 1</p>
<p>Nation: ドラゴンエンパイア</p>",Cardboard Collectible,Vanguard Singles,"Vanguard, Vanguard Singles, Singles, DZ-BT, DZ-BT14",true,Title,Default Title,,,,,DZ-BT14/RGGR16,0.002,shopify,1,deny,manual,2.0,true,true,https://cf-vanguard.com/wordpress/wp-content/images/cardlist/DZ-BT14/dzbt14_262.png,1,false,kg,true,true,true,true,true,true,true,true,active
dz-bt14-rggr17,DZ-BT14/RGGR17 Junichi Sudo [RGGR],"<p><strong>Junichi Sudo</strong></p>
<p>Card Number: DZ-BT14/RGGR17</p>
<p>Rarity: RGGR</p>
<p>Grade: グレード 1</p>
<p>Nation: ドラゴンエンパイア</p>",Cardboard Collectible,Vanguard Singles,"Vanguard, Vanguard Singles, Singles, DZ-BT, DZ-BT14",true,Title,Default Title,,,,,DZ-BT14/RGGR17,0.002,shopify,1,deny,manual,1.1,true,true,https://cf-vanguard.com/wordpress/wp-content/images/cardlist/DZ-BT14/dzbt14_263.png,1,false,kg,true,true,true,true,true,true,true,true,active
dz-bt14-rggr18,DZ-BT14/RGGR18 Shinji Tanaka [RGGR],"<p><strong>Shinji Tanaka</strong></p>
<p>Card Number: DZ-BT14/RGGR18</p>
<p>Rarity: RGGR</p>
<p>Grade: グレード 1</p>
<p>Nation: ドラゴンエンパイア</p>",Cardboard Collectible,Vanguard Singles,"Vanguard, Vanguard Singles, Singles, DZ-BT, DZ-BT14",true,Title,Default Title,,,,,DZ-BT14/RGGR18,0.002,shopify,1,deny,manual,2.9,true,true,https://cf-vanguard.com/wordpress/wp-content/images/cardlist/DZ-BT14/dzbt14_264.png,1,false,kg,true,true,true,true,true,true,true,true,active
dz-bt14-rggr19,DZ-BT14/RGGR19 松重 [RGGR],"<p><strong>松重</strong></p>
<p>Card Number: DZ-BT14/RGGR19</p>
<p>Rarity: RGGR</p>
<p>Grade: グレード 1</p>
<p>Nation: ドラゴンエンパイア</p>",Cardboard Collectible,Vanguard Singles,"Vanguard, Vanguard Singles, Singles, DZ-BT, DZ-BT14",true,Title,Default Title,,,,,DZ-BT14/RGGR19,0.002,shopify,1,deny,manual,1.1,true,true,https://cf-vanguard.com/wordpress/wp-content/images/cardlist/DZ-BT14/dzbt14_265.png,1,false,kg,true,true,true,true,true,true,true,true,active
dz-bt14-rggr20,DZ-BT14/RGGR20 Yuya [RGGR],"<p><strong>Yuya</strong></p>
<p>Card Number: DZ-BT14/RGGR20</p>
<p>Rarity: RGGR</p>
<p>Grade: グレード 1</p>
<p>Nation: ドラゴンエンパイア</p>",Cardboard Collectible,Vanguard Singles,"Vanguard, Vanguard Singles, Singles, DZ-BT, DZ-BT14",true,Title,Default Title,,,,,DZ-BT14/RGGR20,0.002,shopify,1,deny,manual,13.5,true,true,https://cf-vanguard.com/wordpress/wp-content/images/cardlist/DZ-BT14/dzbt14_266.png,1,false,kg,true,true,true,true,true,true,true,true,active
dz-bt14-rggr21,DZ-BT14/RGGR21 Yumi Sawamura [RGGR],"<p><strong>Yumi Sawamura</strong></p>
<p>Card Number: DZ-BT14/RGGR21</p>
<p>Rarity: RGGR</p>
<p>Grade: グレード 1</p>
<p>Nation: ドラゴンエンパイア</p>",Cardboard Collectible,Vanguard Singles,"Vanguard, Vanguard Singles, Singles, DZ-BT, DZ-BT14",true,Title,Default Title,,,,,DZ-BT14/RGGR21,0.002,shopify,1,deny,manual,1.1,true,true,https://cf-vanguard.com/wordpress/wp-content/images/cardlist/DZ-BT14/dzbt14_267.png,1,false,kg,true,true,true,true,true,true,true,true,active
dz-bt14-rggr22,DZ-BT14/RGGR22 Jin Goda [RGGR],"<p><strong>Jin Goda</strong></p>
<p>Card Number: DZ-BT14/RGGR22</p>
<p>Rarity: RGGR</p>
<p>Grade: グレード 3</p>
<p>Nation: ドラゴンエンパイア</p>",Cardboard Collectible,Vanguard Singles,"Vanguard, Vanguard Singles, Singles, DZ-BT, DZ-BT14",true,Title,Default Title,,,,,DZ-BT14/RGGR22,0.002,shopify,1,deny,manual,1.1,true,true,https://cf-vanguard.com/wordpress/wp-content/images/cardlist/DZ-BT14/dzbt14_268.png,1,false,kg,true,true,true,true,true,true,true,true,active
dz-bt14-rggr23,DZ-BT14/RGGR23 Yukio Terada [RGGR],"<p><strong>Yukio Terada</strong></p>
<p>Card Number: DZ-BT14/RGGR23</p>
<p>Rarity: RGGR</p>
<p>Grade: グレード 2</p>
<p>Nation: ドラゴンエンパイア</p>",Cardboard Collectible,Vanguard Singles,"Vanguard, Vanguard Singles, Singles, DZ-BT, DZ-BT14",true,Title,Default Title,,,,,DZ-BT14/RGGR23,0.002,shopify,1,deny,manual,1.1,true,true,https://cf-vanguard.com/wordpress/wp-content/images/cardlist/DZ-BT14/dzbt14_269.png,1,false,kg,true,true,true,true,true,true,true,true,active
dz-bt14-rggr24,DZ-BT14/RGGR24 Yayoi Dojima [RGGR],"<p><strong>Yayoi Dojima</strong></p>
<p>Card Number: DZ-BT14/RGGR24</p>
<p>Rarity: RGGR</p>
<p>Grade: グレード 2</p>
<p>Nation: ドラゴンエンパイア</p>",Cardboard Collectible,Vanguard Singles,"Vanguard, Vanguard Singles, Singles, DZ-BT, DZ-BT14",true,Title,Default Title,,,,,DZ-BT14/RGGR24,0.002,shopify,1,deny,manual,1.1,true,true,https://cf-vanguard.com/wordpress/wp-content/images/cardlist/DZ-BT14/dzbt14_270.png,1,false,kg,true,true,true,true,true,true,true,true,active
dz-bt14-rggr25,DZ-BT14/RGGR25 Tamiyo Sayama [RGGR],"<p><strong>Tamiyo Sayama</strong></p>
<p>Card Number: DZ-BT14/RGGR25</p>
<p>Rarity: RGGR</p>
<p>Grade: グレード 1</p>
<p>Nation: ドラゴンエンパイア</p>",Cardboard Collectible,Vanguard Singles,"Vanguard, Vanguard Singles, Singles, DZ-BT, DZ-BT14",true,Title,Default Title,,,,,DZ-BT14/RGGR25,0.002,shopify,1,deny,manual,1.6,true,true,https://cf-vanguard.com/wordpress/wp-content/images/cardlist/DZ-BT14/dzbt14_271.png,1,false,kg,true,true,true,true,true,true,true,true,active
dz-bt14-rggr26,"DZ-BT14/RGGR26 Morning Glory Orphanage's Eldest Daughter, Haruka Sawamura [RGGR]","<p><strong>Morning Glory Orphanage's Eldest Daughter, Haruka Sawamura</strong></p>
<p>Card Number: DZ-BT14/RGGR26</p>
<p>Rarity: RGGR</p>
<p>Grade: グレード 3</p>
<p>Nation: ドラゴンエンパイア</p>",Cardboard Collectible,Vanguard Singles,"Vanguard, Vanguard Singles, Singles, DZ-BT, DZ-BT14",true,Title,Default Title,,,,,DZ-BT14/RGGR26,0.002,shopify,1,deny,manual,1.6,true,true,https://cf-vanguard.com/wordpress/wp-content/images/cardlist/DZ-BT14/dzbt14_272.png,1,false,kg,true,true,true,true,true,true,true,true,active
dz-bt14-rggr27,DZ-BT14/RGGR27 Tsuyoshi Kanda [RGGR],"<p><strong>Tsuyoshi Kanda</strong></p>
<p>Card Number: DZ-BT14/RGGR27</p>
<p>Rarity: RGGR</p>
<p>Grade: グレード 2</p>
<p>Nation: ドラゴンエンパイア</p>",Cardboard Collectible,Vanguard Singles,"Vanguard, Vanguard Singles, Singles, DZ-BT, DZ-BT14",true,Title,Default Title,,,,,DZ-BT14/RGGR27,0.002,shopify,1,deny,manual,2.9,true,true,https://cf-vanguard.com/wordpress/wp-content/images/cardlist/DZ-BT14/dzbt14_273.png,1,false,kg,true,true,true,true,true,true,true,true,active
dz-bt14-rggr28,DZ-BT14/RGGR28 Miya-san [RGGR],"<p><strong>Miya-san</strong></p>
<p>Card Number: DZ-BT14/RGGR28</p>
<p>Rarity: RGGR</p>
<p>Grade: グレード 1</p>
<p>Nation: ドラゴンエンパイア</p>",Cardboard Collectible,Vanguard Singles,"Vanguard, Vanguard Singles, Singles, DZ-BT, DZ-BT14",true,Title,Default Title,,,,,DZ-BT14/RGGR28,0.002,shopify,1,deny,manual,1.6,true,true,https://cf-vanguard.com/wordpress/wp-content/images/cardlist/DZ-BT14/dzbt14_274.png,1,false,kg,true,true,true,true,true,true,true,true,active
dz-bt14-sec01,"DZ-BT14/SEC01 Youthberk ""Drægforce Arms: Fantôme"" [SEC]","<p><strong>Youthberk ""Drægforce Arms: Fantôme""</strong></p>
<p>Card Number: DZ-BT14/SEC01</p>
<p>Rarity: SEC</p>
<p>Grade: グレード 3</p>
<p>Nation: ドラゴンエンパイア</p>",Cardboard Collectible,Vanguard Singles,"Vanguard, Vanguard Singles, Singles, DZ-BT, DZ-BT14",true,Title,Default Title,,,,,DZ-BT14/SEC01,0.002,shopify,1,deny,manual,452.7,true,true,https://cf-vanguard.com/wordpress/wp-content/images/cardlist/DZ-BT14/dzbt14_275.png,1,false,kg,true,true,true,true,true,true,true,true,active
dz-bt14-sec02,"DZ-BT14/SEC02 Mythisch of Unparalleled, Zalva Dragnia [SEC]","<p><strong>Mythisch of Unparalleled, Zalva Dragnia</strong></p>
<p>Card Number: DZ-BT14/SEC02</p>
<p>Rarity: SEC</p>
<p>Grade: グレード 2</p>
<p>Nation: ドラゴンエンパイア</p>",Cardboard Collectible,Vanguard Singles,"Vanguard, Vanguard Singles, Singles, DZ-BT, DZ-BT14",true,Title,Default Title,,,,,DZ-BT14/SEC02,0.002,shopify,1,deny,manual,452.7,true,true,https://cf-vanguard.com/wordpress/wp-content/images/cardlist/DZ-BT14/dzbt14_276.png,1,false,kg,true,true,true,true,true,true,true,true,active
dz-bt14-sec03,"DZ-BT14/SEC03 Demonic Lord Dragon, Gabwelius ""Fantôme"" [SEC]","<p><strong>Demonic Lord Dragon, Gabwelius ""Fantôme""</strong></p>
<p>Card Number: DZ-BT14/SEC03</p>
<p>Rarity: SEC</p>
<p>Grade: グレード 3</p>
<p>Nation: ダークステイツ</p>",Cardboard Collectible,Vanguard Singles,"Vanguard, Vanguard Singles, Singles, DZ-BT, DZ-BT14",true,Title,Default Title,,,,,DZ-BT14/SEC03,0.002,shopify,1,deny,manual,180.0,true,true,https://cf-vanguard.com/wordpress/wp-content/images/cardlist/DZ-BT14/dzbt14_277.png,1,false,kg,true,true,true,true,true,true,true,true,active
dz-bt14-sec04,"DZ-BT14/SEC04 Mythisch of Zero, Grivardhy [SEC]","<p><strong>Mythisch of Zero, Grivardhy</strong></p>
<p>Card Number: DZ-BT14/SEC04</p>
<p>Rarity: SEC</p>
<p>Grade: グレード 2</p>
<p>Nation: ダークステイツ</p>",Cardboard Collectible,Vanguard Singles,"Vanguard, Vanguard Singles, Singles, DZ-BT, DZ-BT14",true,Title,Default Title,,,,,DZ-BT14/SEC04,0.002,shopify,1,deny,manual,361.8,true,true,https://cf-vanguard.com/wordpress/wp-content/images/cardlist/DZ-BT14/dzbt14_278.png,1,false,kg,true,true,true,true,true,true,true,true,active
dz-bt14-sec05,"DZ-BT14/SEC05 Mythisch Machine Deity, ""Mondgestirn"" Angrbold [SEC]","<p><strong>Mythisch Machine Deity, ""Mondgestirn"" Angrbold</strong></p>
<p>Card Number: DZ-BT14/SEC05</p>
<p>Rarity: SEC</p>
<p>Grade: グレード 3</p>
<p>Nation: ブラントゲート</p>",Cardboard Collectible,Vanguard Singles,"Vanguard, Vanguard Singles, Singles, DZ-BT, DZ-BT14",true,Title,Default Title,,,,,DZ-BT14/SEC05,0.002,shopify,1,deny,manual,161.8,true,true,https://cf-vanguard.com/wordpress/wp-content/images/cardlist/DZ-BT14/dzbt14_279.png,1,false,kg,true,true,true,true,true,true,true,true,active
dz-bt14-sec06,"DZ-BT14/SEC06 Leibrecht Commander, Aelquilibra ""Fantôme"" [SEC]","<p><strong>Leibrecht Commander, Aelquilibra ""Fantôme""</strong></p>
<p>Card Number: DZ-BT14/SEC06</p>
<p>Rarity: SEC</p>
<p>Grade: グレード 3</p>
<p>Nation: ブラントゲート</p>",Cardboard Collectible,Vanguard Singles,"Vanguard, Vanguard Singles, Singles, DZ-BT, DZ-BT14",true,Title,Default Title,,,,,DZ-BT14/SEC06,0.002,shopify,1,deny,manual,225.5,true,true,https://cf-vanguard.com/wordpress/wp-content/images/cardlist/DZ-BT14/dzbt14_280.png,1,false,kg,true,true,true,true,true,true,true,true,active
dz-bt14-sec07,"DZ-BT14/SEC07 Bel-Fiore, Maia [SEC]","<p><strong>Bel-Fiore, Maia</strong></p>
<p>Card Number: DZ-BT14/SEC07</p>
<p>Rarity: SEC</p>
<p>Grade: グレード 3</p>
<p>Nation: ケテルサンクチュアリ</p>",Cardboard Collectible,Vanguard Singles,"Vanguard, Vanguard Singles, Singles, DZ-BT, DZ-BT14",true,Title,Default Title,,,,,DZ-BT14/SEC07,0.002,shopify,0,deny,manual,452.7,true,true,https://cf-vanguard.com/wordpress/wp-content/images/cardlist/DZ-BT14/dzbt14_281.png,1,false,kg,true,true,true,true,true,true,true,true,active
dz-bt14-sec08,"DZ-BT14/SEC08 Great Magick Caster of Transitory, Zerith ""Fantôme"" [SEC]","<p><strong>Great Magick Caster of Transitory, Zerith ""Fantôme""</strong></p>
<p>Card Number: DZ-BT14/SEC08</p>
<p>Rarity: SEC</p>
<p>Grade: グレード 3</p>
<p>Nation: ストイケイア</p>",Cardboard Collectible,Vanguard Singles,"Vanguard, Vanguard Singles, Singles, DZ-BT, DZ-BT14",true,Title,Default Title,,,,,DZ-BT14/SEC08,0.002,shopify,0,deny,manual,452.7,true,true,https://cf-vanguard.com/wordpress/wp-content/images/cardlist/DZ-BT14/dzbt14_282.png,1,false,kg,true,true,true,true,true,true,true,true,active
dz-bt14-sec09,"DZ-BT14/SEC09 X-CeeDaNCe, Impauldio ""Fantôme"" [SEC]","<p><strong>X-CeeDaNCe, Impauldio ""Fantôme""</strong></p>
<p>Card Number: DZ-BT14/SEC09</p>
<p>Rarity: SEC</p>
<p>Grade: グレード 3</p>
<p>Nation: リリカルモナステリオ</p>",Cardboard Collectible,Vanguard Singles,"Vanguard, Vanguard Singles, Singles, DZ-BT, DZ-BT14",true,Title,Default Title,,,,,DZ-BT14/SEC09,0.002,shopify,0,deny,manual,270.9,true,true,https://cf-vanguard.com/wordpress/wp-content/images/cardlist/DZ-BT14/dzbt14_283.png,1,false,kg,true,true,true,true,true,true,true,true,active
dz-bt14-sr01,"DZ-BT14/SR01 Youthberk ""Drægforce Arms: Fantôme"" [SR]","<p><strong>Youthberk ""Drægforce Arms: Fantôme""</strong></p>
<p>Card Number: DZ-BT14/SR01</p>
<p>Rarity: SR</p>
<p>Grade: グレード 3</p>
<p>Nation: ドラゴンエンパイア</p>",Cardboard Collectible,Vanguard Singles,"Vanguard, Vanguard Singles, Singles, DZ-BT, DZ-BT14",true,Title,Default Title,,,,,DZ-BT14/SR01,0.002,shopify,1,deny,manual,11.6,true,true,https://cf-vanguard.com/wordpress/wp-content/images/cardlist/DZ-BT14/dzbt14_284.png,1,false,kg,true,true,true,true,true,true,true,true,active
dz-bt14-sr02,"DZ-BT14/SR02 Youthberk ""DrægForm: Dynast"" [SR]","<p><strong>Youthberk ""DrægForm: Dynast""</strong></p>
<p>Card Number: DZ-BT14/SR02</p>
<p>Rarity: SR</p>
<p>Grade: グレード 3</p>
<p>Nation: ドラゴンエンパイア</p>",Cardboard Collectible,Vanguard Singles,"Vanguard, Vanguard Singles, Singles, DZ-BT, DZ-BT14",true,Title,Default Title,,,,,DZ-BT14/SR02,0.002,shopify,1,deny,manual,8.9,true,true,https://cf-vanguard.com/wordpress/wp-content/images/cardlist/DZ-BT14/dzbt14_285.png,1,false,kg,true,true,true,true,true,true,true,true,active
dz-bt14-sr03,"DZ-BT14/SR03 Mythisch of Unparalleled, Zalva Dragnia [SR]","<p><strong>Mythisch of Unparalleled, Zalva Dragnia</strong></p>
<p>Card Number: DZ-BT14/SR03</p>
<p>Rarity: SR</p>
<p>Grade: グレード 2</p>
<p>Nation: ドラゴンエンパイア</p>",Cardboard Collectible,Vanguard Singles,"Vanguard, Vanguard Singles, Singles, DZ-BT, DZ-BT14",true,Title,Default Title,,,,,DZ-BT14/SR03,0.002,shopify,1,deny,manual,11.6,true,true,https://cf-vanguard.com/wordpress/wp-content/images/cardlist/DZ-BT14/dzbt14_286.png,1,false,kg,true,true,true,true,true,true,true,true,active
dz-bt14-sr04,"DZ-BT14/SR04 Dragritter, Uathaach [SR]","<p><strong>Dragritter, Uathaach</strong></p>
<p>Card Number: DZ-BT14/SR04</p>
<p>Rarity: SR</p>
<p>Grade: グレード 1</p>
<p>Nation: ドラゴンエンパイア</p>",Cardboard Collectible,Vanguard Singles,"Vanguard, Vanguard Singles, Singles, DZ-BT, DZ-BT14",true,Title,Default Title,,,,,DZ-BT14/SR04,0.002,shopify,1,deny,manual,7.1,true,true,https://cf-vanguard.com/wordpress/wp-content/images/cardlist/DZ-BT14/dzbt14_287.png,1,false,kg,true,true,true,true,true,true,true,true,active
dz-bt14-sr05,"DZ-BT14/SR05 Venatiol, Marield [SR]","<p><strong>Venatiol, Marield</strong></p>
<p>Card Number: DZ-BT14/SR05</p>
<p>Rarity: SR</p>
<p>Grade: グレード 2</p>
<p>Nation: ドラゴンエンパイア</p>",Cardboard Collectible,Vanguard Singles,"Vanguard, Vanguard Singles, Singles, DZ-BT, DZ-BT14",true,Title,Default Title,,,,,DZ-BT14/SR05,0.002,shopify,1,deny,manual,1.1,true,true,https://cf-vanguard.com/wordpress/wp-content/images/cardlist/DZ-BT14/dzbt14_288.png,1,false,kg,true,true,true,true,true,true,true,true,active
dz-bt14-sr06,DZ-BT14/SR06 Obliterate Dragon [SR],"<p><strong>Obliterate Dragon</strong></p>
<p>Card Number: DZ-BT14/SR06</p>
<p>Rarity: SR</p>
<p>Grade: グレード 2</p>
<p>Nation: ドラゴンエンパイア</p>",Cardboard Collectible,Vanguard Singles,"Vanguard, Vanguard Singles, Singles, DZ-BT, DZ-BT14",true,Title,Default Title,,,,,DZ-BT14/SR06,0.002,shopify,1,deny,manual,2.0,true,true,https://cf-vanguard.com/wordpress/wp-content/images/cardlist/DZ-BT14/dzbt14_289.png,1,false,kg,true,true,true,true,true,true,true,true,active
dz-bt14-sr07,DZ-BT14/SR07 Forlorn Hope Dragon [SR],"<p><strong>Forlorn Hope Dragon</strong></p>
<p>Card Number: DZ-BT14/SR07</p>
<p>Rarity: SR</p>
<p>Grade: グレード 2</p>
<p>Nation: ドラゴンエンパイア</p>",Cardboard Collectible,Vanguard Singles,"Vanguard, Vanguard Singles, Singles, DZ-BT, DZ-BT14",true,Title,Default Title,,,,,DZ-BT14/SR07,0.002,shopify,1,deny,manual,2.9,true,true,https://cf-vanguard.com/wordpress/wp-content/images/cardlist/DZ-BT14/dzbt14_290.png,1,false,kg,true,true,true,true,true,true,true,true,active
dz-bt14-sr08,DZ-BT14/SR08 Outburst Dragon [SR],"<p><strong>Outburst Dragon</strong></p>
<p>Card Number: DZ-BT14/SR08</p>
<p>Rarity: SR</p>
<p>Grade: グレード 1</p>
<p>Nation: ドラゴンエンパイア</p>",Cardboard Collectible,Vanguard Singles,"Vanguard, Vanguard Singles, Singles, DZ-BT, DZ-BT14",true,Title,Default Title,,,,,DZ-BT14/SR08,0.002,shopify,1,deny,manual,1.1,true,true,https://cf-vanguard.com/wordpress/wp-content/images/cardlist/DZ-BT14/dzbt14_291.png,1,false,kg,true,true,true,true,true,true,true,true,active
dz-bt14-sr09,"DZ-BT14/SR09 Demonic Lord Dragon, Gabwelius ""Fantôme"" [SR]","<p><strong>Demonic Lord Dragon, Gabwelius ""Fantôme""</strong></p>
<p>Card Number: DZ-BT14/SR09</p>
<p>Rarity: SR</p>
<p>Grade: グレード 3</p>
<p>Nation: ダークステイツ</p>",Cardboard Collectible,Vanguard Singles,"Vanguard, Vanguard Singles, Singles, DZ-BT, DZ-BT14",true,Title,Default Title,,,,,DZ-BT14/SR09,0.002,shopify,1,deny,manual,2.9,true,true,https://cf-vanguard.com/wordpress/wp-content/images/cardlist/DZ-BT14/dzbt14_292.png,1,false,kg,true,true,true,true,true,true,true,true,active
dz-bt14-sr10,"DZ-BT14/SR10 Steam Maiden, Spiral Cutie [SR]","<p><strong>Steam Maiden, Spiral Cutie</strong></p>
<p>Card Number: DZ-BT14/SR10</p>
<p>Rarity: SR</p>
<p>Grade: グレード 2</p>
<p>Nation: ダークステイツ</p>",Cardboard Collectible,Vanguard Singles,"Vanguard, Vanguard Singles, Singles, DZ-BT, DZ-BT14",true,Title,Default Title,,,,,DZ-BT14/SR10,0.002,shopify,0,deny,manual,22.5,true,true,https://cf-vanguard.com/wordpress/wp-content/images/cardlist/DZ-BT14/dzbt14_293.png,1,false,kg,true,true,true,true,true,true,true,true,active
dz-bt14-sr11,"DZ-BT14/SR11 Mythisch of Zero, Grivardhy [SR]","<p><strong>Mythisch of Zero, Grivardhy</strong></p>
<p>Card Number: DZ-BT14/SR11</p>
<p>Rarity: SR</p>
<p>Grade: グレード 2</p>
<p>Nation: ダークステイツ</p>",Cardboard Collectible,Vanguard Singles,"Vanguard, Vanguard Singles, Singles, DZ-BT, DZ-BT14",true,Title,Default Title,,,,,DZ-BT14/SR11,0.002,shopify,1,deny,manual,18.0,true,true,https://cf-vanguard.com/wordpress/wp-content/images/cardlist/DZ-BT14/dzbt14_294.png,1,false,kg,true,true,true,true,true,true,true,true,active
dz-bt14-sr12,DZ-BT14/SR12 Reverent Dagger Dragon [SR],"<p><strong>Reverent Dagger Dragon</strong></p>
<p>Card Number: DZ-BT14/SR12</p>
<p>Rarity: SR</p>
<p>Grade: グレード 2</p>
<p>Nation: ダークステイツ</p>",Cardboard Collectible,Vanguard Singles,"Vanguard, Vanguard Singles, Singles, DZ-BT, DZ-BT14",true,Title,Default Title,,,,,DZ-BT14/SR12,0.002,shopify,1,deny,manual,2.9,true,true,https://cf-vanguard.com/wordpress/wp-content/images/cardlist/DZ-BT14/dzbt14_295.png,1,false,kg,true,true,true,true,true,true,true,true,active
dz-bt14-sr13,DZ-BT14/SR13 Fluid Suffocator [SR],"<p><strong>Fluid Suffocator</strong></p>
<p>Card Number: DZ-BT14/SR13</p>
<p>Rarity: SR</p>
<p>Grade: グレード 2</p>
<p>Nation: ダークステイツ</p>",Cardboard Collectible,Vanguard Singles,"Vanguard, Vanguard Singles, Singles, DZ-BT, DZ-BT14",true,Title,Default Title,,,,,DZ-BT14/SR13,0.002,shopify,1,deny,manual,1.1,true,true,https://cf-vanguard.com/wordpress/wp-content/images/cardlist/DZ-BT14/dzbt14_296.png,1,false,kg,true,true,true,true,true,true,true,true,active
dz-bt14-sr14,"DZ-BT14/SR14 Direful Doll, Concetta [SR]","<p><strong>Direful Doll, Concetta</strong></p>
<p>Card Number: DZ-BT14/SR14</p>
<p>Rarity: SR</p>
<p>Grade: グレード 1</p>
<p>Nation: ダークステイツ</p>",Cardboard Collectible,Vanguard Singles,"Vanguard, Vanguard Singles, Singles, DZ-BT, DZ-BT14",true,Title,Default Title,,,,,DZ-BT14/SR14,0.002,shopify,1,deny,manual,3.8,true,true,https://cf-vanguard.com/wordpress/wp-content/images/cardlist/DZ-BT14/dzbt14_297.png,1,false,kg,true,true,true,true,true,true,true,true,active
dz-bt14-sr15,DZ-BT14/SR15 Pious Breath Dragon [SR],"<p><strong>Pious Breath Dragon</strong></p>
<p>Card Number: DZ-BT14/SR15</p>
<p>Rarity: SR</p>
<p>Grade: グレード 1</p>
<p>Nation: ダークステイツ</p>",Cardboard Collectible,Vanguard Singles,"Vanguard, Vanguard Singles, Singles, DZ-BT, DZ-BT14",true,Title,Default Title,,,,,DZ-BT14/SR15,0.002,shopify,1,deny,manual,1.1,true,true,https://cf-vanguard.com/wordpress/wp-content/images/cardlist/DZ-BT14/dzbt14_298.png,1,false,kg,true,true,true,true,true,true,true,true,active
dz-bt14-sr16,DZ-BT14/SR16 Montmegantique Chimaera [SR],"<p><strong>Montmegantique Chimaera</strong></p>
<p>Card Number: DZ-BT14/SR16</p>
<p>Rarity: SR</p>
<p>Grade: グレード 1</p>
<p>Nation: ダークステイツ</p>",Cardboard Collectible,Vanguard Singles,"Vanguard, Vanguard Singles, Singles, DZ-BT, DZ-BT14",true,Title,Default Title,,,,,DZ-BT14/SR16,0.002,shopify,1,deny,manual,1.1,true,true,https://cf-vanguard.com/wordpress/wp-content/images/cardlist/DZ-BT14/dzbt14_299.png,1,false,kg,true,true,true,true,true,true,true,true,active
dz-bt14-sr17,"DZ-BT14/SR17 Mythisch Machine Deity, ""Mondgestirn"" Angrbold [SR]","<p><strong>Mythisch Machine Deity, ""Mondgestirn"" Angrbold</strong></p>
<p>Card Number: DZ-BT14/SR17</p>
<p>Rarity: SR</p>
<p>Grade: グレード 3</p>
<p>Nation: ブラントゲート</p>",Cardboard Collectible,Vanguard Singles,"Vanguard, Vanguard Singles, Singles, DZ-BT, DZ-BT14",true,Title,Default Title,,,,,DZ-BT14/SR17,0.002,shopify,1,deny,manual,5.3,true,true,https://cf-vanguard.com/wordpress/wp-content/images/cardlist/DZ-BT14/dzbt14_300.png,1,false,kg,true,true,true,true,true,true,true,true,active
dz-bt14-sr18,"DZ-BT14/SR18 Leibrecht Commander, Aelquilibra ""Fantôme"" [SR]","<p><strong>Leibrecht Commander, Aelquilibra ""Fantôme""</strong></p>
<p>Card Number: DZ-BT14/SR18</p>
<p>Rarity: SR</p>
<p>Grade: グレード 3</p>
<p>Nation: ブラントゲート</p>",Cardboard Collectible,Vanguard Singles,"Vanguard, Vanguard Singles, Singles, DZ-BT, DZ-BT14",true,Title,Default Title,,,,,DZ-BT14/SR18,0.002,shopify,1,deny,manual,5.3,true,true,https://cf-vanguard.com/wordpress/wp-content/images/cardlist/DZ-BT14/dzbt14_301.png,1,false,kg,true,true,true,true,true,true,true,true,active
dz-bt14-sr19,DZ-BT14/SR19 Sporadic Cerro Dragon [SR],"<p><strong>Sporadic Cerro Dragon</strong></p>
<p>Card Number: DZ-BT14/SR19</p>
<p>Rarity: SR</p>
<p>Grade: グレード 1</p>
<p>Nation: ブラントゲート</p>",Cardboard Collectible,Vanguard Singles,"Vanguard, Vanguard Singles, Singles, DZ-BT, DZ-BT14",true,Title,Default Title,,,,,DZ-BT14/SR19,0.002,shopify,0,deny,manual,,true,true,https://cf-vanguard.com/wordpress/wp-content/images/cardlist/DZ-BT14/dzbt14_302.png,1,false,kg,true,true,true,true,true,true,true,true,active
dz-bt14-sr20,"DZ-BT14/SR20 Librate Battalion, Firvesius Dragon [SR]","<p><strong>Librate Battalion, Firvesius Dragon</strong></p>
<p>Card Number: DZ-BT14/SR20</p>
<p>Rarity: SR</p>
<p>Grade: グレード 1</p>
<p>Nation: ブラントゲート</p>",Cardboard Collectible,Vanguard Singles,"Vanguard, Vanguard Singles, Singles, DZ-BT, DZ-BT14",true,Title,Default Title,,,,,DZ-BT14/SR20,0.002,shopify,1,deny,manual,4.5,true,true,https://cf-vanguard.com/wordpress/wp-content/images/cardlist/DZ-BT14/dzbt14_303.png,1,false,kg,true,true,true,true,true,true,true,true,active
dz-bt14-sr21,DZ-BT14/SR21 Evenfortz Rotovisor [SR],"<p><strong>Evenfortz Rotovisor</strong></p>
<p>Card Number: DZ-BT14/SR21</p>
<p>Rarity: SR</p>
<p>Grade: グレード 2</p>
<p>Nation: ブラントゲート</p>",Cardboard Collectible,Vanguard Singles,"Vanguard, Vanguard Singles, Singles, DZ-BT, DZ-BT14",true,Title,Default Title,,,,,DZ-BT14/SR21,0.002,shopify,1,deny,manual,1.1,true,true,https://cf-vanguard.com/wordpress/wp-content/images/cardlist/DZ-BT14/dzbt14_304.png,1,false,kg,true,true,true,true,true,true,true,true,active
dz-bt14-sr22,"DZ-BT14/SR22 Creation Demonic Beast, Uproarious Scream [SR]","<p><strong>Creation Demonic Beast, Uproarious Scream</strong></p>
<p>Card Number: DZ-BT14/SR22</p>
<p>Rarity: SR</p>
<p>Grade: グレード 2</p>
<p>Nation: ブラントゲート</p>",Cardboard Collectible,Vanguard Singles,"Vanguard, Vanguard Singles, Singles, DZ-BT, DZ-BT14",true,Title,Default Title,,,,,DZ-BT14/SR22,0.002,shopify,0,deny,manual,2.0,true,true,https://cf-vanguard.com/wordpress/wp-content/images/cardlist/DZ-BT14/dzbt14_305.png,1,false,kg,true,true,true,true,true,true,true,true,active
dz-bt14-sr23,"DZ-BT14/SR23 Regrain Researcher, Deep Depths Expose [SR]","<p><strong>Regrain Researcher, Deep Depths Expose</strong></p>
<p>Card Number: DZ-BT14/SR23</p>
<p>Rarity: SR</p>
<p>Grade: グレード 1</p>
<p>Nation: ブラントゲート</p>",Cardboard Collectible,Vanguard Singles,"Vanguard, Vanguard Singles, Singles, DZ-BT, DZ-BT14",true,Title,Default Title,,,,,DZ-BT14/SR23,0.002,shopify,0,deny,manual,1.1,true,true,https://cf-vanguard.com/wordpress/wp-content/images/cardlist/DZ-BT14/dzbt14_306.png,1,false,kg,true,true,true,true,true,true,true,true,active
dz-bt14-sr24,"DZ-BT14/SR24 Leibreiter, Weibaris [SR]","<p><strong>Leibreiter, Weibaris</strong></p>
<p>Card Number: DZ-BT14/SR24</p>
<p>Rarity: SR</p>
<p>Grade: グレード 2</p>
<p>Nation: ブラントゲート</p>",Cardboard Collectible,Vanguard Singles,"Vanguard, Vanguard Singles, Singles, DZ-BT, DZ-BT14",true,Title,Default Title,,,,,DZ-BT14/SR24,0.002,shopify,1,deny,manual,1.6,true,true,https://cf-vanguard.com/wordpress/wp-content/images/cardlist/DZ-BT14/dzbt14_307.png,1,false,kg,true,true,true,true,true,true,true,true,active
dz-bt14-sr25,"DZ-BT14/SR25 Bel-Fiore, Maia [SR]","<p><strong>Bel-Fiore, Maia</strong></p>
<p>Card Number: DZ-BT14/SR25</p>
<p>Rarity: SR</p>
<p>Grade: グレード 3</p>
<p>Nation: ケテルサンクチュアリ</p>",Cardboard Collectible,Vanguard Singles,"Vanguard, Vanguard Singles, Singles, DZ-BT, DZ-BT14",true,Title,Default Title,,,,,DZ-BT14/SR25,0.002,shopify,1,deny,manual,18.0,true,true,https://cf-vanguard.com/wordpress/wp-content/images/cardlist/DZ-BT14/dzbt14_308.png,1,false,kg,true,true,true,true,true,true,true,true,active
dz-bt14-sr26,"DZ-BT14/SR26 Knight of Great Favor, Orcades [SR]","<p><strong>Knight of Great Favor, Orcades</strong></p>
<p>Card Number: DZ-BT14/SR26</p>
<p>Rarity: SR</p>
<p>Grade: グレード 2</p>
<p>Nation: ケテルサンクチュアリ</p>",Cardboard Collectible,Vanguard Singles,"Vanguard, Vanguard Singles, Singles, DZ-BT, DZ-BT14",true,Title,Default Title,,,,,DZ-BT14/SR26,0.002,shopify,1,deny,manual,11.6,true,true,https://cf-vanguard.com/wordpress/wp-content/images/cardlist/DZ-BT14/dzbt14_309.png,1,false,kg,true,true,true,true,true,true,true,true,active
dz-bt14-sr27,"DZ-BT14/SR27 Bel-Fiore, Suera [SR]","<p><strong>Bel-Fiore, Suera</strong></p>
<p>Card Number: DZ-BT14/SR27</p>
<p>Rarity: SR</p>
<p>Grade: グレード 2</p>
<p>Nation: ケテルサンクチュアリ</p>",Cardboard Collectible,Vanguard Singles,"Vanguard, Vanguard Singles, Singles, DZ-BT, DZ-BT14",true,Title,Default Title,,,,,DZ-BT14/SR27,0.002,shopify,0,deny,manual,11.6,true,true,https://cf-vanguard.com/wordpress/wp-content/images/cardlist/DZ-BT14/dzbt14_310.png,1,false,kg,true,true,true,true,true,true,true,true,active
dz-bt14-sr28,"DZ-BT14/SR28 Bel-Fiore, Meek [SR]","<p><strong>Bel-Fiore, Meek</strong></p>
<p>Card Number: DZ-BT14/SR28</p>
<p>Rarity: SR</p>
<p>Grade: グレード 3</p>
<p>Nation: ケテルサンクチュアリ</p>",Cardboard Collectible,Vanguard Singles,"Vanguard, Vanguard Singles, Singles, DZ-BT, DZ-BT14",true,Title,Default Title,,,,,DZ-BT14/SR28,0.002,shopify,1,deny,manual,4.5,true,true,https://cf-vanguard.com/wordpress/wp-content/images/cardlist/DZ-BT14/dzbt14_311.png,1,false,kg,true,true,true,true,true,true,true,true,active
dz-bt14-sr29,DZ-BT14/SR29 Inexpiable Dragon [SR],"<p><strong>Inexpiable Dragon</strong></p>
<p>Card Number: DZ-BT14/SR29</p>
<p>Rarity: SR</p>
<p>Grade: グレード 2</p>
<p>Nation: ケテルサンクチュアリ</p>",Cardboard Collectible,Vanguard Singles,"Vanguard, Vanguard Singles, Singles, DZ-BT, DZ-BT14",true,Title,Default Title,,,,,DZ-BT14/SR29,0.002,shopify,1,deny,manual,1.6,true,true,https://cf-vanguard.com/wordpress/wp-content/images/cardlist/DZ-BT14/dzbt14_312.png,1,false,kg,true,true,true,true,true,true,true,true,active
dz-bt14-sr30,DZ-BT14/SR30 Star-select Sorceress [SR],"<p><strong>Star-select Sorceress</strong></p>
<p>Card Number: DZ-BT14/SR30</p>
<p>Rarity: SR</p>
<p>Grade: グレード 2</p>
<p>Nation: ケテルサンクチュアリ</p>",Cardboard Collectible,Vanguard Singles,"Vanguard, Vanguard Singles, Singles, DZ-BT, DZ-BT14",true,Title,Default Title,,,,,DZ-BT14/SR30,0.002,shopify,0,deny,manual,1.1,true,true,https://cf-vanguard.com/wordpress/wp-content/images/cardlist/DZ-BT14/dzbt14_313.png,1,false,kg,true,true,true,true,true,true,true,true,active
dz-bt14-sr31,"DZ-BT14/SR31 Knight of Graceful Virtue, Andrivet [SR]","<p><strong>Knight of Graceful Virtue, Andrivet</strong></p>
<p>Card Number: DZ-BT14/SR31</p>
<p>Rarity: SR</p>
<p>Grade: グレード 1</p>
<p>Nation: ケテルサンクチュアリ</p>",Cardboard Collectible,Vanguard Singles,"Vanguard, Vanguard Singles, Singles, DZ-BT, DZ-BT14",true,Title,Default Title,,,,,DZ-BT14/SR31,0.002,shopify,1,deny,manual,1.6,true,true,https://cf-vanguard.com/wordpress/wp-content/images/cardlist/DZ-BT14/dzbt14_314.png,1,false,kg,true,true,true,true,true,true,true,true,active
dz-bt14-sr32,"DZ-BT14/SR32 Great Magick Caster of Transitory, Zerith ""Fantôme"" [SR]","<p><strong>Great Magick Caster of Transitory, Zerith ""Fantôme""</strong></p>
<p>Card Number: DZ-BT14/SR32</p>
<p>Rarity: SR</p>
<p>Grade: グレード 3</p>
<p>Nation: ストイケイア</p>",Cardboard Collectible,Vanguard Singles,"Vanguard, Vanguard Singles, Singles, DZ-BT, DZ-BT14",true,Title,Default Title,,,,,DZ-BT14/SR32,0.002,shopify,1,deny,manual,13.5,true,true,https://cf-vanguard.com/wordpress/wp-content/images/cardlist/DZ-BT14/dzbt14_315.png,1,false,kg,true,true,true,true,true,true,true,true,active
dz-bt14-sr33,"DZ-BT14/SR33 Marine General of the Black Sky, Leimina [SR]","<p><strong>Marine General of the Black Sky, Leimina</strong></p>
<p>Card Number: DZ-BT14/SR33</p>
<p>Rarity: SR</p>
<p>Grade: グレード 2</p>
<p>Nation: ストイケイア</p>",Cardboard Collectible,Vanguard Singles,"Vanguard, Vanguard Singles, Singles, DZ-BT, DZ-BT14",true,Title,Default Title,,,,,DZ-BT14/SR33,0.002,shopify,0,deny,manual,22.5,true,true,https://cf-vanguard.com/wordpress/wp-content/images/cardlist/DZ-BT14/dzbt14_316.png,1,false,kg,true,true,true,true,true,true,true,true,active
dz-bt14-sr34,"DZ-BT14/SR34 Scholar of Lake Heart, Fontijn [SR]","<p><strong>Scholar of Lake Heart, Fontijn</strong></p>
<p>Card Number: DZ-BT14/SR34</p>
<p>Rarity: SR</p>
<p>Grade: グレード 2</p>
<p>Nation: ストイケイア</p>",Cardboard Collectible,Vanguard Singles,"Vanguard, Vanguard Singles, Singles, DZ-BT, DZ-BT14",true,Title,Default Title,,,,,DZ-BT14/SR34,0.002,shopify,1,deny,manual,13.5,true,true,https://cf-vanguard.com/wordpress/wp-content/images/cardlist/DZ-BT14/dzbt14_317.png,1,false,kg,true,true,true,true,true,true,true,true,active
dz-bt14-sr35,"DZ-BT14/SR35 Veleno Soldato, Vespino [SR]","<p><strong>Veleno Soldato, Vespino</strong></p>
<p>Card Number: DZ-BT14/SR35</p>
<p>Rarity: SR</p>
<p>Grade: グレード 2</p>
<p>Nation: ストイケイア</p>",Cardboard Collectible,Vanguard Singles,"Vanguard, Vanguard Singles, Singles, DZ-BT, DZ-BT14",true,Title,Default Title,,,,,DZ-BT14/SR35,0.002,shopify,1,deny,manual,1.6,true,true,https://cf-vanguard.com/wordpress/wp-content/images/cardlist/DZ-BT14/dzbt14_318.png,1,false,kg,true,true,true,true,true,true,true,true,active
dz-bt14-sr36,"DZ-BT14/SR36 Affinity Hunter, Syllbiose [SR]","<p><strong>Affinity Hunter, Syllbiose</strong></p>
<p>Card Number: DZ-BT14/SR36</p>
<p>Rarity: SR</p>
<p>Grade: グレード 2</p>
<p>Nation: ストイケイア</p>",Cardboard Collectible,Vanguard Singles,"Vanguard, Vanguard Singles, Singles, DZ-BT, DZ-BT14",true,Title,Default Title,,,,,DZ-BT14/SR36,0.002,shopify,1,deny,manual,2.0,true,true,https://cf-vanguard.com/wordpress/wp-content/images/cardlist/DZ-BT14/dzbt14_319.png,1,false,kg,true,true,true,true,true,true,true,true,active
dz-bt14-sr37,"DZ-BT14/SR37 Scholar of the Waterlands, Rituera [SR]","<p><strong>Scholar of the Waterlands, Rituera</strong></p>
<p>Card Number: DZ-BT14/SR37</p>
<p>Rarity: SR</p>
<p>Grade: グレード 2</p>
<p>Nation: ストイケイア</p>",Cardboard Collectible,Vanguard Singles,"Vanguard, Vanguard Singles, Singles, DZ-BT, DZ-BT14",true,Title,Default Title,,,,,DZ-BT14/SR37,0.002,shopify,1,deny,manual,2.0,true,true,https://cf-vanguard.com/wordpress/wp-content/images/cardlist/DZ-BT14/dzbt14_320.png,1,false,kg,true,true,true,true,true,true,true,true,active
dz-bt14-sr38,"DZ-BT14/SR38 One Who Arrived at Paradise, Phildeia [SR]","<p><strong>One Who Arrived at Paradise, Phildeia</strong></p>
<p>Card Number: DZ-BT14/SR38</p>
<p>Rarity: SR</p>
<p>Grade: グレード 2</p>
<p>Nation: ストイケイア</p>",Cardboard Collectible,Vanguard Singles,"Vanguard, Vanguard Singles, Singles, DZ-BT, DZ-BT14",true,Title,Default Title,,,,,DZ-BT14/SR38,0.002,shopify,1,deny,manual,2.0,true,true,https://cf-vanguard.com/wordpress/wp-content/images/cardlist/DZ-BT14/dzbt14_321.png,1,false,kg,true,true,true,true,true,true,true,true,active
dz-bt14-sr39,"DZ-BT14/SR39 X-CeeDaNCe, Impauldio ""Fantôme"" [SR]","<p><strong>X-CeeDaNCe, Impauldio ""Fantôme""</strong></p>
<p>Card Number: DZ-BT14/SR39</p>
<p>Rarity: SR</p>
<p>Grade: グレード 3</p>
<p>Nation: リリカルモナステリオ</p>",Cardboard Collectible,Vanguard Singles,"Vanguard, Vanguard Singles, Singles, DZ-BT, DZ-BT14",true,Title,Default Title,,,,,DZ-BT14/SR39,0.002,shopify,1,deny,manual,8.9,true,true,https://cf-vanguard.com/wordpress/wp-content/images/cardlist/DZ-BT14/dzbt14_322.png,1,false,kg,true,true,true,true,true,true,true,true,active
dz-bt14-sr40,"DZ-BT14/SR40 Eyes of Miracle, Aimantine [SR]","<p><strong>Eyes of Miracle, Aimantine</strong></p>
<p>Card Number: DZ-BT14/SR40</p>
<p>Rarity: SR</p>
<p>Grade: グレード 2</p>
<p>Nation: リリカルモナステリオ</p>",Cardboard Collectible,Vanguard Singles,"Vanguard, Vanguard Singles, Singles, DZ-BT, DZ-BT14",true,Title,Default Title,,,,,DZ-BT14/SR40,0.002,shopify,1,deny,manual,4.5,true,true,https://cf-vanguard.com/wordpress/wp-content/images/cardlist/DZ-BT14/dzbt14_323.png,1,false,kg,true,true,true,true,true,true,true,true,active
dz-bt14-sr41,"DZ-BT14/SR41 X-CeeDaNCe, Preshy Forewatt [SR]","<p><strong>X-CeeDaNCe, Preshy Forewatt</strong></p>
<p>Card Number: DZ-BT14/SR41</p>
<p>Rarity: SR</p>
<p>Grade: グレード 2</p>
<p>Nation: リリカルモナステリオ</p>",Cardboard Collectible,Vanguard Singles,"Vanguard, Vanguard Singles, Singles, DZ-BT, DZ-BT14",true,Title,Default Title,,,,,DZ-BT14/SR41,0.002,shopify,1,deny,manual,5.3,true,true,https://cf-vanguard.com/wordpress/wp-content/images/cardlist/DZ-BT14/dzbt14_324.png,1,false,kg,true,true,true,true,true,true,true,true,active
dz-bt14-sr42,"DZ-BT14/SR42 X-CeeDaNCe, Lapi Grossa [SR]","<p><strong>X-CeeDaNCe, Lapi Grossa</strong></p>
<p>Card Number: DZ-BT14/SR42</p>
<p>Rarity: SR</p>
<p>Grade: グレード 2</p>
<p>Nation: リリカルモナステリオ</p>",Cardboard Collectible,Vanguard Singles,"Vanguard, Vanguard Singles, Singles, DZ-BT, DZ-BT14",true,Title,Default Title,,,,,DZ-BT14/SR42,0.002,shopify,1,deny,manual,2.0,true,true,https://cf-vanguard.com/wordpress/wp-content/images/cardlist/DZ-BT14/dzbt14_325.png,1,false,kg,true,true,true,true,true,true,true,true,active
dz-bt14-sr43,"DZ-BT14/SR43 EuphoricReverb, Sophia [SR]","<p><strong>EuphoricReverb, Sophia</strong></p>
<p>Card Number: DZ-BT14/SR43</p>
<p>Rarity: SR</p>
<p>Grade: グレード 2</p>
<p>Nation: リリカルモナステリオ</p>",Cardboard Collectible,Vanguard Singles,"Vanguard, Vanguard Singles, Singles, DZ-BT, DZ-BT14",true,Title,Default Title,,,,,DZ-BT14/SR43,0.002,shopify,1,deny,manual,2.0,true,true,https://cf-vanguard.com/wordpress/wp-content/images/cardlist/DZ-BT14/dzbt14_326.png,1,false,kg,true,true,true,true,true,true,true,true,active
dz-bt14-sr44,"DZ-BT14/SR44 Shred Player, Timonie [SR]","<p><strong>Shred Player, Timonie</strong></p>
<p>Card Number: DZ-BT14/SR44</p>
<p>Rarity: SR</p>
<p>Grade: グレード 1</p>
<p>Nation: リリカルモナステリオ</p>",Cardboard Collectible,Vanguard Singles,"Vanguard, Vanguard Singles, Singles, DZ-BT, DZ-BT14",true,Title,Default Title,,,,,DZ-BT14/SR44,0.002,shopify,1,deny,manual,1.6,true,true,https://cf-vanguard.com/wordpress/wp-content/images/cardlist/DZ-BT14/dzbt14_327.png,1,false,kg,true,true,true,true,true,true,true,true,active
dz-bt14-sr45,"DZ-BT14/SR45 LettiaMateS, Ancisera [SR]","<p><strong>LettiaMateS, Ancisera</strong></p>
<p>Card Number: DZ-BT14/SR45</p>
<p>Rarity: SR</p>
<p>Grade: グレード 1</p>
<p>Nation: リリカルモナステリオ</p>",Cardboard Collectible,Vanguard Singles,"Vanguard, Vanguard Singles, Singles, DZ-BT, DZ-BT14",true,Title,Default Title,,,,,DZ-BT14/SR45,0.002,shopify,0,deny,manual,2.0,true,true,https://cf-vanguard.com/wordpress/wp-content/images/cardlist/DZ-BT14/dzbt14_328.png,1,false,kg,true,true,true,true,true,true,true,true,active
dz-bt14-t01,DZ-BT14/T01 エネルギー [T],"<p><strong>エネルギー</strong></p>
<p>Card Number: DZ-BT14/T01</p>
<p>Rarity: T</p>
<p>Grade: グレード -</p>
<p>Nation: -</p>",Cardboard Collectible,Vanguard Singles,"Vanguard, Vanguard Singles, Singles, DZ-BT, DZ-BT14",true,Title,Default Title,,,,,DZ-BT14/T01,0.002,shopify,1,deny,manual,1.1,true,true,https://cf-vanguard.com/wordpress/wp-content/images/cardlist/DZ-BT14/dzbt14_329.png,1,false,kg,true,true,true,true,true,true,true,true,active
dz-bt14-t02,DZ-BT14/T02 SYSTEM CODE: X-ceed Token [T],"<p><strong>SYSTEM CODE: X-ceed Token</strong></p>
<p>Card Number: DZ-BT14/T02</p>
<p>Rarity: T</p>
<p>Grade: グレード 1</p>
<p>Nation: -</p>",Cardboard Collectible,Vanguard Singles,"Vanguard, Vanguard Singles, Singles, DZ-BT, DZ-BT14",true,Title,Default Title,,,,,DZ-BT14/T02,0.002,shopify,1,deny,manual,0.5,true,true,https://cf-vanguard.com/wordpress/wp-content/images/cardlist/DZ-BT14/dzbt14_330.png,1,false,kg,true,true,true,true,true,true,true,true,active
dz-bt14-t03,DZ-BT14/T03 Blodeuwedd Garden Token [T],"<p><strong>Blodeuwedd Garden Token</strong></p>
<p>Card Number: DZ-BT14/T03</p>
<p>Rarity: T</p>
<p>Grade: グレード 0</p>
<p>Nation: -</p>",Cardboard Collectible,Vanguard Singles,"Vanguard, Vanguard Singles, Singles, DZ-BT, DZ-BT14",true,Title,Default Title,,,,,DZ-BT14/T03,0.002,shopify,1,deny,manual,0.5,true,true,https://cf-vanguard.com/wordpress/wp-content/images/cardlist/DZ-BT14/dzbt14_331.png,1,false,kg,true,true,true,true,true,true,true,true,active
dz-bt14-t04,DZ-BT14/T04 X-ceed NET [T],"<p><strong>X-ceed NET</strong></p>
<p>Card Number: DZ-BT14/T04</p>
<p>Rarity: T</p>
<p>Grade: グレード -</p>
<p>Nation: -</p>",Cardboard Collectible,Vanguard Singles,"Vanguard, Vanguard Singles, Singles, DZ-BT, DZ-BT14",true,Title,Default Title,,,,,DZ-BT14/T04,0.002,shopify,1,deny,manual,0.5,true,true,https://cf-vanguard.com/wordpress/wp-content/images/cardlist/DZ-BT14/dzbt14_332.png,1,false,kg,true,true,true,true,true,true,true,true,active
